sequence,offset,event,event_name,phase,phase_name,pid,tid,qpc,data_len,aux0,aux1,payload_sha256
1,0,1,INIT,0,NONE,1044,1008,42779489300,0,0,0,
2,52,50,PASSWORD,1,HEADER,1044,1008,42779581701,23,0,0,b2d394512f1584148eab99ecd992d8a7881c3dd1dfac8a6366aa4159a3d2c985
3,127,30,RANDGET_BEGIN,2,MASTER_RNG,1044,1008,42779581769,0,64,1,
4,179,31,RANDGET_POOL_PRE,2,MASTER_RNG,1044,1008,42779581803,640,0,0,9e132485d5107211de325a45e7917cbe3e4b5b9cde3e4ee91d7d2102317759ee
5,871,11,RANDADD_BUF,2,MASTER_RNG,1044,1008,42779582687,232,0,0,74493b729a5b5518635f89d0e835d91dbea458dd9f76076b58393b2cdcd75386
6,1155,20,RANDMIX_PRE,2,MASTER_RNG,1044,1008,42779582723,640,0,0,beae73bb59d5fd68d1153a18e07eeba7d3229e455c6f392326cef2d5c7586415
7,1847,21,RANDMIX_POST,2,MASTER_RNG,1044,1008,42779584248,640,0,0,091fbe4f01965e64ae0ce5d6a0f3a38a052ec1a99c1924b5467a974958993d32
8,2539,20,RANDMIX_PRE,2,MASTER_RNG,1044,1008,42779584282,640,16,0,78a378494c88fbe9781b78a909e5411059804e4d4ad46b26a0dcf4fea7844b0a
9,3231,21,RANDMIX_POST,2,MASTER_RNG,1044,1008,42779585792,640,16,0,79d135ba09dee6eb780b1ce911d3ddf0563b2ad3029306e4620720d1dc059746
10,3923,20,RANDMIX_PRE,2,MASTER_RNG,1044,1008,42779585826,640,32,0,79d135ba09dee6eb780b1ce911d3ddf0563b2ad3029306e4620720d1dc059746
11,4615,21,RANDMIX_POST,2,MASTER_RNG,1044,1008,42779587558,640,32,0,23cfb3d80d46fea325ce7449ddae0aea8f4881773d5e8a397599f3b795b32141
12,5307,20,RANDMIX_PRE,2,MASTER_RNG,1044,1008,42779587602,640,48,0,23cfb3d80d46fea325ce7449ddae0aea8f4881773d5e8a397599f3b795b32141
13,5999,21,RANDMIX_POST,2,MASTER_RNG,1044,1008,42779589675,640,48,0,450dfbe52be2a21d51d471d52e09906bcaea011e7c664761e7f009bd53dfd77e
14,6691,20,RANDMIX_PRE,2,MASTER_RNG,1044,1008,42779589711,640,64,0,450dfbe52be2a21d51d471d52e09906bcaea011e7c664761e7f009bd53dfd77e
15,7383,21,RANDMIX_POST,2,MASTER_RNG,1044,1008,42779591155,640,64,0,64a4c31ec108555cb9fc774c5b6a407c2f8c35dff7da7db55fd4c69a88771e80
16,8075,20,RANDMIX_PRE,2,MASTER_RNG,1044,1008,42779591186,640,80,0,64a4c31ec108555cb9fc774c5b6a407c2f8c35dff7da7db55fd4c69a88771e80
17,8767,21,RANDMIX_POST,2,MASTER_RNG,1044,1008,42779592754,640,80,0,9040043f896d8dd5e9ca795fdb9aca98abbf73062a743c9ec4d8c81cbadbe38a
18,9459,20,RANDMIX_PRE,2,MASTER_RNG,1044,1008,42779592788,640,96,0,9040043f896d8dd5e9ca795fdb9aca98abbf73062a743c9ec4d8c81cbadbe38a
19,10151,21,RANDMIX_POST,2,MASTER_RNG,1044,1008,42779594230,640,96,0,08bff3559d301d7d9aaeb25d8a3eee05372250fb22d77b875faa9c543e32d960
20,10843,20,RANDMIX_PRE,2,MASTER_RNG,1044,1008,42779594261,640,112,0,08bff3559d301d7d9aaeb25d8a3eee05372250fb22d77b875faa9c543e32d960
21,11535,21,RANDMIX_POST,2,MASTER_RNG,1044,1008,42779595804,640,112,0,a4f840c494e1d0bb97f5e4fee3469c6979ba16e0f2661b151a8c2e834f4f43ea
22,12227,20,RANDMIX_PRE,2,MASTER_RNG,1044,1008,42779595839,640,128,0,a4f840c494e1d0bb97f5e4fee3469c6979ba16e0f2661b151a8c2e834f4f43ea
23,12919,21,RANDMIX_POST,2,MASTER_RNG,1044,1008,42779597404,640,128,0,a0d5476dc93208e4d5cfe3351c690bd03682e3e7fb37879c9a4be5fd1c5b1d60
24,13611,20,RANDMIX_PRE,2,MASTER_RNG,1044,1008,42779597439,640,144,0,a0d5476dc93208e4d5cfe3351c690bd03682e3e7fb37879c9a4be5fd1c5b1d60
25,14303,21,RANDMIX_POST,2,MASTER_RNG,1044,1008,42779598883,640,144,0,6445def986a6f432ea4f1340faad637de20f5f84b823776d2640006b633a55c4
26,14995,20,RANDMIX_PRE,2,MASTER_RNG,1044,1008,42779598914,640,160,0,6445def986a6f432ea4f1340faad637de20f5f84b823776d2640006b633a55c4
27,15687,21,RANDMIX_POST,2,MASTER_RNG,1044,1008,42779600455,640,160,0,a92ddbc078d9892c9705f45d42acc8c3580c2964fce3981590202c3bea8a27a7
28,16379,20,RANDMIX_PRE,2,MASTER_RNG,1044,1008,42779600488,640,176,0,a92ddbc078d9892c9705f45d42acc8c3580c2964fce3981590202c3bea8a27a7
29,17071,21,RANDMIX_POST,2,MASTER_RNG,1044,1008,42779601981,640,176,0,6059214465708dec356350f66e48ab4555787178f4b6278717ccac3266295470
30,17763,20,RANDMIX_PRE,2,MASTER_RNG,1044,1008,42779602016,640,192,0,6059214465708dec356350f66e48ab4555787178f4b6278717ccac3266295470
31,18455,21,RANDMIX_POST,2,MASTER_RNG,1044,1008,42779603514,640,192,0,7d3875fdd06b46daf5b8243f6fafaa2536bfa8d450c71a9e741d9c322e3fd462
32,19147,20,RANDMIX_PRE,2,MASTER_RNG,1044,1008,42779603548,640,208,0,7d3875fdd06b46daf5b8243f6fafaa2536bfa8d450c71a9e741d9c322e3fd462
33,19839,21,RANDMIX_POST,2,MASTER_RNG,1044,1008,42779604993,640,208,0,3f292793e06aef0a85250e62a909cdffd95bc8ea31cba709454f7a78191c2f3c
34,20531,20,RANDMIX_PRE,2,MASTER_RNG,1044,1008,42779605073,640,224,0,863fe9985c4ef326168d5510af6865a461a2488bf28f424e953a0578c5e39453
35,21223,21,RANDMIX_POST,2,MASTER_RNG,1044,1008,42779606544,640,224,0,f7f9d5dc29e87dfd706db6612ee87f58f14db94254f655fa4383ecf58a8177bd
36,21915,11,RANDADD_BUF,2,MASTER_RNG,1044,1008,42779606777,88,232,0,e7ce6e9c79be5ffc180f8c5d7340387faa5b99583998de2f73329a24f631fda9
37,22055,20,RANDMIX_PRE,2,MASTER_RNG,1044,1008,42779606810,640,240,0,4968516871311d017a4932b3c7f590b3d2734f70e0b933c5004b07208e5a0f74
38,22747,21,RANDMIX_POST,2,MASTER_RNG,1044,1008,42779608254,640,240,0,cb8f882605f7bf45050c76692fc246b6c429ab1a91e59a968ce07f6651df1478
39,23439,20,RANDMIX_PRE,2,MASTER_RNG,1044,1008,42779608286,640,256,0,3481fded910c6e10a4eb0f21f330da2520e5385003ab01e717222a5e8534bcdc
40,24131,21,RANDMIX_POST,2,MASTER_RNG,1044,1008,42779609728,640,256,0,55cbdd51e1b77dc3bf3bc6bf1525b4f36f2ee1c555b0b076360edd80c099cd54
41,24823,20,RANDMIX_PRE,2,MASTER_RNG,1044,1008,42779609832,640,272,0,41a50cb2c2fddac89df5140df6d0b05444d0a785aefae07c497ad8a7fa6655c5
42,25515,21,RANDMIX_POST,2,MASTER_RNG,1044,1008,42779611454,640,272,0,c7f497e629b9eae700021941f347ab923bc12b7258ad8b4a129fb4af861ba3f8
43,26207,20,RANDMIX_PRE,2,MASTER_RNG,1044,1008,42779611490,640,288,0,20537adc51e21469e4cb29e43631291a272f54665fe1abd4ba5830caeca91cec
44,26899,21,RANDMIX_POST,2,MASTER_RNG,1044,1008,42779612932,640,288,0,c5f1f94fb33f38b30c4985dd872593e0224aa1da1366b82a27f1be5c931aebc1
45,27591,20,RANDMIX_PRE,2,MASTER_RNG,1044,1008,42779612963,640,304,0,e9b221e81164973847ed0b0f9f573f6fe74a8c233ba15e87871e3896ee3bd031
46,28283,21,RANDMIX_POST,2,MASTER_RNG,1044,1008,42779614510,640,304,0,fb44c378261ba6883b8d025a4ccba58b4071c1b1d846fba8b15b8e63ec00bc40
47,28975,11,RANDADD_BUF,2,MASTER_RNG,1044,1008,42779614757,88,320,0,c86e49d5f81e27cbfbdbf35d0298b381cb375e5739bed04a3805c63c7d18fa4a
48,29115,20,RANDMIX_PRE,2,MASTER_RNG,1044,1008,42779614790,640,320,0,5eafa2da7e8c7ce51e2196ae9ddaa1f54352e07ce003774b213eb7e2ed0752d3
49,29807,21,RANDMIX_POST,2,MASTER_RNG,1044,1008,42779616235,640,320,0,0d6d16bbea24e36241599e3fdef36b605f6d099cbe353057225f3708559fe342
50,30499,20,RANDMIX_PRE,2,MASTER_RNG,1044,1008,42779616267,640,336,0,0d6d16bbea24e36241599e3fdef36b605f6d099cbe353057225f3708559fe342
51,31191,21,RANDMIX_POST,2,MASTER_RNG,1044,1008,42779617998,640,336,0,9fa53237b100dc186b8e24498eb4db8ebf110572f72867a8b6640f17bfd21e60
52,31883,20,RANDMIX_PRE,2,MASTER_RNG,1044,1008,42779618034,640,352,0,68ce90d2719a946a9f36e1a3f0151fed7ddc49fd555d5924cf9f191fa3ee6ccd
53,32575,21,RANDMIX_POST,2,MASTER_RNG,1044,1008,42779619590,640,352,0,feb5b1cf04c1cca982a991edd1507c424429c6377ebc6679752b12134fd6dac5
54,33267,20,RANDMIX_PRE,2,MASTER_RNG,1044,1008,42779619681,640,368,0,e9f0fc20a62450c83b0e163de36b21cd75567ae83b658565fce7568ed8fc5858
55,33959,21,RANDMIX_POST,2,MASTER_RNG,1044,1008,42779622584,640,368,0,27fb0392b47064f2ceedbac2caa11f360f74a22c238924a606865e0e3471d857
56,34651,20,RANDMIX_PRE,2,MASTER_RNG,1044,1008,42779622699,640,384,0,49fe90f47408744896d4118bb2eca986f4d2866d4bd2c72846d0f4bb28995ca2
57,35343,21,RANDMIX_POST,2,MASTER_RNG,1044,1008,42779624339,640,384,0,562ee8d273c484cf5398d10eede8c99d2720c9cc9c410a5bf82cffb4578d1c95
58,36035,20,RANDMIX_PRE,2,MASTER_RNG,1044,1008,42779624376,640,400,0,3f5989534cae6c9440ce57f878ea379ed9447ff51f8ae3224ccc4ed294d8a655
59,36727,21,RANDMIX_POST,2,MASTER_RNG,1044,1008,42779625916,640,400,0,80a1ee3bab7b7582dbab20ea4ee322380e4b26401825ecfd83078b7c4a468cd0
60,37419,11,RANDADD_BUF,2,MASTER_RNG,1044,1008,42779626296,88,408,0,be7ff9b003f3302b105e74b98184916d05691e5f9272ceec6c565401166a13e0
61,37559,20,RANDMIX_PRE,2,MASTER_RNG,1044,1008,42779626332,640,416,0,8c7a88cdfecc01e9b00627c76a6a2112e649c18786147918ca2921ae8d6a876a
62,38251,21,RANDMIX_POST,2,MASTER_RNG,1044,1008,42779627995,640,416,0,3f2417cd6ba0fa21b74e31ab4837548521f4af1d0d996e642848899f1c798a99
63,38943,20,RANDMIX_PRE,2,MASTER_RNG,1044,1008,42779628029,640,432,0,2ba7c29e6d2e1edf835782b99a690d5781484870d7dc67d1e5d1d4a860edd12e
64,39635,21,RANDMIX_POST,2,MASTER_RNG,1044,1008,42779629473,640,432,0,6cdef651b1398bc76018d05f519c4b6b0fbe336e758dbea541b1ea4c78a2b314
65,40327,20,RANDMIX_PRE,2,MASTER_RNG,1044,1008,42779629504,640,448,0,a8e71442b53f2cf99b74e60372294dc564c0accc9d27f6f43f2c59f6678408f0
66,41019,21,RANDMIX_POST,2,MASTER_RNG,1044,1008,42779631316,640,448,0,c66bc511101a4c4ea0904abbc375e5e45452ee260d08ebccbdd36951a20b1210
67,41711,20,RANDMIX_PRE,2,MASTER_RNG,1044,1008,42779631382,640,464,0,39ad1a9768f4c6f8db26e0b3b4767098eb31f62a441bb827bef4341e45fcb243
68,42403,21,RANDMIX_POST,2,MASTER_RNG,1044,1008,42779632826,640,464,0,b0d3a5cdfbd5747463ef611d8dfaeb175170b7327c034ecbd9b69e4002e5d46f
69,43095,20,RANDMIX_PRE,2,MASTER_RNG,1044,1008,42779632858,640,480,0,428407d04bfcde2067accc026abb36f964fc88341daac58028e4e78e9c0b14f6
70,43787,21,RANDMIX_POST,2,MASTER_RNG,1044,1008,42779634326,640,480,0,aa4faa919ea64d021274d81fb177ed420633555486d6c75778f5983ce9e1da74
71,44479,40,CGR_SLOW_OUT,2,MASTER_RNG,1044,1008,42779634533,640,496,0,1c15999bc91d756e5cecf4f034b7b89edc84c9d2ff0d08c7f3464aca1b3ce32c
72,45171,41,CGR_SLOW_POOL_PRE,2,MASTER_RNG,1044,1008,42779634639,640,496,0,e89f7e6d07b76b3fa0bd59a830ddb5acc4666413c8632ca381c90dca7c9ea7c3
73,45863,11,RANDADD_BUF,2,MASTER_RNG,1044,1008,42779634682,640,496,0,1c15999bc91d756e5cecf4f034b7b89edc84c9d2ff0d08c7f3464aca1b3ce32c
74,46555,20,RANDMIX_PRE,2,MASTER_RNG,1044,1008,42779634760,640,496,0,b452af27b0c50df1027e105de259b42dca426193626f293b18e652e8773b3e67
75,47247,21,RANDMIX_POST,2,MASTER_RNG,1044,1008,42779636449,640,496,0,e6baec2ca1f27c29e0e91a26b0e73719e803ce4c6bf41e091712de31de6bf81a
76,47939,20,RANDMIX_PRE,2,MASTER_RNG,1044,1008,42779636487,640,512,0,d0ab24b98edc0b3908d955075a64e616212e78aae884e231a0ec906ed3e956f8
77,48631,21,RANDMIX_POST,2,MASTER_RNG,1044,1008,42779637968,640,512,0,6dbe9c1ddfcf11f0309419885ad828668f74cb6767f1bdc1033e3a3847157bb3
78,49323,20,RANDMIX_PRE,2,MASTER_RNG,1044,1008,42779638066,640,528,0,758723d993718a7e3affe29799d9136117a1489661c3111dcd71c15574a01f5f
79,50015,21,RANDMIX_POST,2,MASTER_RNG,1044,1008,42779639622,640,528,0,49f9151c98df7ca63f9322925c1d42080e24492d88e244c92a4c07b9be909732
80,50707,20,RANDMIX_PRE,2,MASTER_RNG,1044,1008,42779639657,640,544,0,d8c34643c3132e73c0e4d27338ff40716906f92f9339aadb1787708fed495023
81,51399,21,RANDMIX_POST,2,MASTER_RNG,1044,1008,42779641163,640,544,0,752b41ead836a9da96d7c5f7c004224fd885dae039a0d6fa0c4172fd221c0c45
82,52091,20,RANDMIX_PRE,2,MASTER_RNG,1044,1008,42779641196,640,560,0,10d1a710567aa87303c26a0e8d4a92b055686e2aa45bc489822dcc23ccdca7ba
83,52783,21,RANDMIX_POST,2,MASTER_RNG,1044,1008,42779642780,640,560,0,b00bfd8f93de2e00be32e3cf155da424153b5728b678b81fccf3d36a761714d1
84,53475,20,RANDMIX_PRE,2,MASTER_RNG,1044,1008,42779642863,640,576,0,6635f7b3c3c610385b22d7886bc66faa70a874fa814ec5a4728c8ec2b9bc1c24
85,54167,21,RANDMIX_POST,2,MASTER_RNG,1044,1008,42779644311,640,576,0,2e40971ff424a69f15dcfff4e7c5e18ae765baebec2f55047039417ae7c815f9
86,54859,20,RANDMIX_PRE,2,MASTER_RNG,1044,1008,42779644343,640,592,0,70d634bc217fa741e11035797c0125bfc1c4446daeef06621a80302e332f5da3
87,55551,21,RANDMIX_POST,2,MASTER_RNG,1044,1008,42779645918,640,592,0,3e4eac466613a3a4a033880e8e39bfee2fefd70d763e36d0223cb40a30b161fc
88,56243,20,RANDMIX_PRE,2,MASTER_RNG,1044,1008,42779645952,640,608,0,8d12ea2eec52959975ac08832204da89ec38f70294a83f8699944807e683b14d
89,56935,21,RANDMIX_POST,2,MASTER_RNG,1044,1008,42779647397,640,608,0,2b4320293d86f7e7de52094e19db815cf67f0ef27cf3573dccabe5e98c62a313
90,57627,20,RANDMIX_PRE,2,MASTER_RNG,1044,1008,42779647478,640,624,0,7666cbe69f4c132f97aef721858ca1d14cc5648ec7a3fb508383a7c69bec0f2b
91,58319,21,RANDMIX_POST,2,MASTER_RNG,1044,1008,42779648925,640,624,0,4cd5bad21aa3ec03245d564b5cf50073365b66bce7bd0fdf80b285f78b725530
92,59011,20,RANDMIX_PRE,2,MASTER_RNG,1044,1008,42779648957,640,0,0,23122e431ace26c56ced94057b2e0cddcdbc81ad2100d1358d2bbdaf3f1e5cd8
93,59703,21,RANDMIX_POST,2,MASTER_RNG,1044,1008,42779650556,640,0,0,83ada2ea490b6960105e2eb494ed625af019bb0ef28b836150fcec4faf315e31
94,60395,20,RANDMIX_PRE,2,MASTER_RNG,1044,1008,42779650591,640,16,0,3a87c7e71e802b97f70fd4b2e9e26d2ae99adb958247e8b77bc0ecba05d0af3c
95,61087,21,RANDMIX_POST,2,MASTER_RNG,1044,1008,42779652035,640,16,0,478ce4974c0cc7c3fe9209c3c297b0c3e9e38f7e95218490b5fca0190f5befb9
96,61779,20,RANDMIX_PRE,2,MASTER_RNG,1044,1008,42779652129,640,32,0,66cead88cc9eeb45ad8a72963be68330faee94c08ce09602d07949481ba97916
97,62471,21,RANDMIX_POST,2,MASTER_RNG,1044,1008,42779655267,640,32,0,d9d0b59aefa376e9c527f6b19f8435bf9a8e327c28194d7a7762a030bfa749c1
98,63163,20,RANDMIX_PRE,2,MASTER_RNG,1044,1008,42779655301,640,48,0,6b346bb64301ca330788a962fdca7a1d2d82aee84f2449d59bad0b06fde2def7
99,63855,21,RANDMIX_POST,2,MASTER_RNG,1044,1008,42779656844,640,48,0,fb0f43cff70fe63a1a2c17de4719e080eb3a8644724432531e2a9f70ddf717ac
100,64547,20,RANDMIX_PRE,2,MASTER_RNG,1044,1008,42779656879,640,64,0,8fcf15af9f4fb74bc0410d182f5f73425de4d5e9b92d2c19b575d7114bf0a8e0
101,65239,21,RANDMIX_POST,2,MASTER_RNG,1044,1008,42779658957,640,64,0,c04aec6a8347784767fb8ff23e5dd0c5efbc68ddd4a3081af9e5fdb9dad1c223
102,65931,20,RANDMIX_PRE,2,MASTER_RNG,1044,1008,42779659060,640,80,0,34a3a0bcb77bbb1cf1b95808c7f117240f9153cf175b17b6c5b325cc8fe3e025
103,66623,21,RANDMIX_POST,2,MASTER_RNG,1044,1008,42779660598,640,80,0,6a1c9379704c192eb12057beaee053c4c24ffb48f9da9cc76e61d96776f60909
104,67315,20,RANDMIX_PRE,2,MASTER_RNG,1044,1008,42779660632,640,96,0,61bced2d61f07710f2a4772d8366862f5171796a02ebe1c059ca90796b250308
105,68007,21,RANDMIX_POST,2,MASTER_RNG,1044,1008,42779662075,640,96,0,dba8b42ca5db2f403b2c3afe1abf135f243ab9358ea5ff1ec8d2a8810ab4982b
106,68699,20,RANDMIX_PRE,2,MASTER_RNG,1044,1008,42779662106,640,112,0,83f2c3019c5c1b9978511b09e0a264874ca65438d377ec1d2a64717b21a88ee8
107,69391,21,RANDMIX_POST,2,MASTER_RNG,1044,1008,42779663602,640,112,0,753ca9cf45e053a52cf21da3efdf03d9901a785166c33a6f86e8b478eda6676c
108,70083,20,RANDMIX_PRE,2,MASTER_RNG,1044,1008,42779663686,640,128,0,4f42004c01e31c39f6f4410a228eeb77af5af9fc3bc0d52d84ef807303ff1890
109,70775,21,RANDMIX_POST,2,MASTER_RNG,1044,1008,42779665193,640,128,0,285028ca8e54f9d624c13abf26dfcc96a13e2688632751d7eb2f1c558a74d920
110,71467,20,RANDMIX_PRE,2,MASTER_RNG,1044,1008,42779665228,640,144,0,07937daa279e1cb3f0bbe7411f1002a5b2141724acf6908f5d1c8b4c477b9877
111,72159,21,RANDMIX_POST,2,MASTER_RNG,1044,1008,42779666850,640,144,0,b087c1d082e678c494d534d56d3feb294cafeeb0237011ad42d6ad3c1d76683c
112,72851,20,RANDMIX_PRE,2,MASTER_RNG,1044,1008,42779666885,640,160,0,4dc6586cf56c92b403826f55109fe04a0ea767a8a8ff0835aca6924ffb6ed348
113,73543,21,RANDMIX_POST,2,MASTER_RNG,1044,1008,42779668422,640,160,0,6aaafdad374f04f19e48dfec90ce2a041b2a0062e295c97ed6b761b1ac2c5a11
114,74235,20,RANDMIX_PRE,2,MASTER_RNG,1044,1008,42779668507,640,176,0,5ee4ce96cce20259f617d368f9b0113e4353044fdf52c8d0f78d1eaaa9283bcf
115,74927,21,RANDMIX_POST,2,MASTER_RNG,1044,1008,42779669952,640,176,0,10e332900247636b08da2e67b399bc38dd4be95e5a2b1c31f800d7ed26eba06e
116,75619,20,RANDMIX_PRE,2,MASTER_RNG,1044,1008,42779669984,640,192,0,4d2628eed111534e3327456bd952358d6ac6687eb353dafaa5e11c86f677ffef
117,76311,21,RANDMIX_POST,2,MASTER_RNG,1044,1008,42779671552,640,192,0,bc2591adfcee5ed9633d3ee97eb2d3f5e538f59c0c04d78058a04b8c2103cca2
118,77003,20,RANDMIX_PRE,2,MASTER_RNG,1044,1008,42779671587,640,208,0,dd822131f583e0c8475ef498e2054279b71ad8ca5f8dd14c3f5512697bd6174d
119,77695,21,RANDMIX_POST,2,MASTER_RNG,1044,1008,42779673030,640,208,0,3e6ea55f76c135ef1d72eb62d899218a8036bd805e49af2d04fc6c731b66ce7e
120,78387,20,RANDMIX_PRE,2,MASTER_RNG,1044,1008,42779673110,640,224,0,355de71204a90a7db9e7652a96f40425b79625b1d1988bf7367a1af8152608ba
121,79079,21,RANDMIX_POST,2,MASTER_RNG,1044,1008,42779674657,640,224,0,bd5c412ab62909cec2ce9f8d31a6e213eeb674c5a7166579eed7a32a47d0a602
122,79771,20,RANDMIX_PRE,2,MASTER_RNG,1044,1008,42779674692,640,240,0,3db9afccfcafb9a7424e63991fab1ee618ec68db790a1410164619c06790b87e
123,80463,21,RANDMIX_POST,2,MASTER_RNG,1044,1008,42779676175,640,240,0,6635a590bd45c27b8b7b5d6bbba13c036b9dba00c7c83a6e7f4e422563088b28
124,81155,20,RANDMIX_PRE,2,MASTER_RNG,1044,1008,42779676208,640,256,0,0ac4985705c5d54929ee47af50491bc3342bff40d213349916e19d804e714b92
125,81847,21,RANDMIX_POST,2,MASTER_RNG,1044,1008,42779677861,640,256,0,e3baa686dfc6a59a9020247972c6f88132a6ece0364e46da8f699c4fb0191afa
126,82539,20,RANDMIX_PRE,2,MASTER_RNG,1044,1008,42779679851,640,272,0,cd1cb9d42c2ac8dea60d34cb30ca377e649ec7a264c6e11ea4aef97510a427ea
127,83231,21,RANDMIX_POST,2,MASTER_RNG,1044,1008,42779681567,640,272,0,b2d3478a2f3623fe882d0cba4004e713714cbecbd8b203a0dbad6f958ee47d0a
128,83923,20,RANDMIX_PRE,2,MASTER_RNG,1044,1008,42779681644,640,288,0,7da1197e124f8d1e2a98d1befa1a76785fedf56014996ef948685f48c1cfc1b2
129,84615,21,RANDMIX_POST,2,MASTER_RNG,1044,1008,42779683416,640,288,0,2e3bb1437f8a2f02f9e17045329d9eadd78d7567d70ae6ba32e3189f2648ef5d
130,85307,20,RANDMIX_PRE,2,MASTER_RNG,1044,1008,42779683455,640,304,0,f1bde6c74ddb83116d47fdf325b68ecc2e1a5ed605b6e4a1a1cb851c71f8cfca
131,85999,21,RANDMIX_POST,2,MASTER_RNG,1044,1008,42779685285,640,304,0,8576548c8c84423566f8a0a20d4101af70730737e005c7f6f99284d5d73222d9
132,86691,20,RANDMIX_PRE,2,MASTER_RNG,1044,1008,42779685422,640,320,0,dff8d4aec25788e8ff81a1e36333f89877526daab9f9f2fd8a6a617ba18e2b63
133,87383,21,RANDMIX_POST,2,MASTER_RNG,1044,1008,42779687261,640,320,0,4a7062884d38e49c7796fbb8ec1265f7ed0baaef90eb8930a72e902609c7bbe8
134,88075,20,RANDMIX_PRE,2,MASTER_RNG,1044,1008,42779687295,640,336,0,751731f8c37d39da8a29acca865de7e5766bf1a917e6f3cf529d0917325a07d0
135,88767,21,RANDMIX_POST,2,MASTER_RNG,1044,1008,42779688845,640,336,0,561e856840b9d14e706ac7a747d454c984a66b8a4782023fd8c67d5c096f6bc5
136,89459,20,RANDMIX_PRE,2,MASTER_RNG,1044,1008,42779688880,640,352,0,f561ff244eac425d388e93e3ed9a142f893e85aefc7ff16f7bc86e8239773bcc
137,90151,21,RANDMIX_POST,2,MASTER_RNG,1044,1008,42779690374,640,352,0,6c32ef44a542e3f369e4ab24e2bad8f0084d2c18f61b7f7fb00a30a5b3f04420
138,90843,20,RANDMIX_PRE,2,MASTER_RNG,1044,1008,42779690408,640,368,0,bf3779359f1849fe08e84fa825c232b44000102daeb21914135db33d4230d1f3
139,91535,21,RANDMIX_POST,2,MASTER_RNG,1044,1008,42779691850,640,368,0,4cf0e6100fa00b415268891544dcf820f680e1094935498f7b52e09552a12ae2
140,92227,20,RANDMIX_PRE,2,MASTER_RNG,1044,1008,42779691882,640,384,0,c3c34980df76bb9f0d9802cf4f0bb7f744b6459d1dda81ead05e364580246957
141,92919,21,RANDMIX_POST,2,MASTER_RNG,1044,1008,42779693633,640,384,0,a852d3838b34dc825c6ff1a2fc5350a7b7c8a549b21cc04353e34caf0e424835
142,93611,20,RANDMIX_PRE,2,MASTER_RNG,1044,1008,42779694057,640,400,0,0326b6052d16f0d1169e02fab7249500a0a6b6d3beb1567c30c3811fffa55f70
143,94303,21,RANDMIX_POST,2,MASTER_RNG,1044,1008,42779695722,640,400,0,988f168356daa63487ed33c5c86c2685d8189997b71b94f06377fb0e4bf5b53e
144,94995,20,RANDMIX_PRE,2,MASTER_RNG,1044,1008,42779695759,640,416,0,ec4f051c26e85fbeb6f299fd2a750b7d954badec7a631fe5b9bc9d715749d816
145,95687,21,RANDMIX_POST,2,MASTER_RNG,1044,1008,42779697318,640,416,0,53828c8761ab1c474f55298ee5f8ef49d5492d36a89448b8dfa6086a44d8aa39
146,96379,20,RANDMIX_PRE,2,MASTER_RNG,1044,1008,42779697351,640,432,0,3a7687a5d2b5f9264600c1c4727ec033b0534eedef6ddaa7fdc4ace5035c482b
147,97071,21,RANDMIX_POST,2,MASTER_RNG,1044,1008,42779699048,640,432,0,35f7e8042f9f8ebb602d8cf5f83eb3794a20050337960d9d53201efd75498f9f
148,97763,20,RANDMIX_PRE,2,MASTER_RNG,1044,1008,42779699086,640,448,0,ba7ef9f006a0de8262faa6eaaef6e1715d5fccf63178ebbcd9ed7224381d081c
149,98455,21,RANDMIX_POST,2,MASTER_RNG,1044,1008,42779700647,640,448,0,89076c423ed0896a157206edaf66a9ce8d447d864e6c1b75c4c6b9bd69edbb5d
150,99147,20,RANDMIX_PRE,2,MASTER_RNG,1044,1008,42779700682,640,464,0,217dc5a9ee392def22db7b4b92b3e4615fa09392238a3d9c106e93012ef56225
151,99839,21,RANDMIX_POST,2,MASTER_RNG,1044,1008,42779702194,640,464,0,bb9bd83060424155e00ede56dab6cb6bfa9dba713534764c6a940a0d493d6ccc
152,100531,20,RANDMIX_PRE,2,MASTER_RNG,1044,1008,42779702270,640,480,0,049f99838fe659295ef7c28e49fff804e736e2fab8ad1e12f29e4a29606dc00e
153,101223,21,RANDMIX_POST,2,MASTER_RNG,1044,1008,42779703865,640,480,0,69f98101bf93e504a3faeba5b6a803462817abdb92b9b366df97c483f7f365f1
154,101915,42,CGR_SLOW_POOL_POST,2,MASTER_RNG,1044,1008,42779703899,640,496,0,19ac52ae33925ee28aa60c48a5849d526e596d803e8ebe6ef8d82cc62501a281
155,102607,20,RANDMIX_PRE,2,MASTER_RNG,1044,1008,42779703987,640,496,0,19ac52ae33925ee28aa60c48a5849d526e596d803e8ebe6ef8d82cc62501a281
156,103299,21,RANDMIX_POST,2,MASTER_RNG,1044,1008,42779705433,640,496,0,ded9b0be8c7938e8613acee074d026a148336c0d40435588ad29b7239a674151
157,103991,10,RANDADD_INT32,2,MASTER_RNG,1044,1008,42779705492,4,496,0,df3f619804a92fdb4057192dc43dd748ea778adc52bc498ce80524c014b81119
158,104047,20,RANDMIX_PRE,2,MASTER_RNG,1044,1008,42779705524,640,496,0,ded9b0be8c7938e8613acee074d026a148336c0d40435588ad29b7239a674151
159,104739,21,RANDMIX_POST,2,MASTER_RNG,1044,1008,42779707091,640,496,0,313a2947c36f944f10313c01203ecd2236cef48d1a1ddd20daf2da642de43c27
160,105431,10,RANDADD_INT32,2,MASTER_RNG,1044,1008,42779707128,4,500,0,df3f619804a92fdb4057192dc43dd748ea778adc52bc498ce80524c014b81119
161,105487,10,RANDADD_INT32,2,MASTER_RNG,1044,1008,42779707172,4,504,0,df3f619804a92fdb4057192dc43dd748ea778adc52bc498ce80524c014b81119
162,105543,10,RANDADD_INT32,2,MASTER_RNG,1044,1008,42779707215,4,508,0,df3f619804a92fdb4057192dc43dd748ea778adc52bc498ce80524c014b81119
163,105599,10,RANDADD_INT32,2,MASTER_RNG,1044,1008,42779707247,4,512,0,ad95131bc0b799c0b1af477fb14fcf26a6a9f76079e48bf090acb7e8367bfd0e
164,105655,20,RANDMIX_PRE,2,MASTER_RNG,1044,1008,42779707279,640,512,0,28e80c3ea968cfbca0cf9b0d75ba410f73da149073a1647831684d388e723628
165,106347,21,RANDMIX_POST,2,MASTER_RNG,1044,1008,42779708721,640,512,0,0854b44abec015ad68bfe62194ffa54dc00f25cdf0864dfe0a5060cf77e58dc1
166,107039,10,RANDADD_INT32,2,MASTER_RNG,1044,1008,42779708805,4,516,0,79b8326811c8aed22ebded58c3707f8c4a8bb778d565a89777a2739f2573644d
167,107095,10,RANDADD_INT32,2,MASTER_RNG,1044,1008,42779708840,4,520,0,b4248c210a2905b94345e1a8414d0e12efcfb2f4f0f2397159a71283397a0ccd
168,107151,10,RANDADD_INT32,2,MASTER_RNG,1044,1008,42779708871,4,524,0,758c1248a385ea416657ea4d5dbc676d749de58709d27b975afcef9f7e1e4cb6
169,107207,10,RANDADD_INT32,2,MASTER_RNG,1044,1008,42779708902,4,528,0,07eff38adf0b8dfebb0d0d7f941338ef6b55bdccaaf4879fd77ebd3efa87dd4d
170,107263,20,RANDMIX_PRE,2,MASTER_RNG,1044,1008,42779708933,640,528,0,04d5182f34713772e30fd482563b9734e1c25b836d25919fef15b69b0ece4626
171,107955,21,RANDMIX_POST,2,MASTER_RNG,1044,1008,42779710570,640,528,0,cdbf7a381db3d60f24788f29a94f0cca49d4c321b01241646401c5a409596646
172,108647,10,RANDADD_INT32,2,MASTER_RNG,1044,1008,42779710620,4,532,0,8c97241db12240ee5c4adbe164bb2354fe4ab04d7e80acb32ff212f98740ebca
173,108703,10,RANDADD_INT32,2,MASTER_RNG,1044,1008,42779710655,4,536,0,df3f619804a92fdb4057192dc43dd748ea778adc52bc498ce80524c014b81119
174,108759,10,RANDADD_INT32,2,MASTER_RNG,1044,1008,42779710699,4,540,0,df3f619804a92fdb4057192dc43dd748ea778adc52bc498ce80524c014b81119
175,108815,10,RANDADD_INT32,2,MASTER_RNG,1044,1008,42779710735,4,544,0,df3f619804a92fdb4057192dc43dd748ea778adc52bc498ce80524c014b81119
176,108871,20,RANDMIX_PRE,2,MASTER_RNG,1044,1008,42779710766,640,544,0,9474bee100d0dbdccc6c4b4b0a84386c644f18052506c2943457d4e906882a20
177,109563,21,RANDMIX_POST,2,MASTER_RNG,1044,1008,42779712208,640,544,0,db6a9f020d3e37b7d7cc5b15710dfcd359e9143b61d27858f949ad80ca5e5629
178,110255,10,RANDADD_INT32,2,MASTER_RNG,1044,1008,42779712241,4,548,0,df3f619804a92fdb4057192dc43dd748ea778adc52bc498ce80524c014b81119
179,110311,10,RANDADD_INT32,2,MASTER_RNG,1044,1008,42779712309,4,552,0,df3f619804a92fdb4057192dc43dd748ea778adc52bc498ce80524c014b81119
180,110367,10,RANDADD_INT32,2,MASTER_RNG,1044,1008,42779712344,4,556,0,a86b005caf09ceef631f5eefb89df997207c5717b1ae71b5abb00a3ef9c110d4
181,110423,10,RANDADD_INT32,2,MASTER_RNG,1044,1008,42779712379,4,560,0,be8522bb06d1a90776076a1875a2de496fc4c5d4d56179130a4ed711f44fbfe8
182,110479,20,RANDMIX_PRE,2,MASTER_RNG,1044,1008,42779712411,640,560,0,cdac16ac83c046c1668bc8f4435be2709d2856b60674ad54285796cfef5b1ef7
183,111171,21,RANDMIX_POST,2,MASTER_RNG,1044,1008,42779714024,640,560,0,625f0b6fd2ab904e7a67098a488f1dc554bee8d840219be1f2035e0ff4cf05b3
184,111863,10,RANDADD_INT32,2,MASTER_RNG,1044,1008,42779714069,4,564,0,df3f619804a92fdb4057192dc43dd748ea778adc52bc498ce80524c014b81119
185,111919,11,RANDADD_BUF,2,MASTER_RNG,1044,1008,42779714104,8,568,0,af5570f5a1810b7af78caf4bc70a660f0df51e42baf91d4de5b2328de0e83dfc
186,111979,11,RANDADD_BUF,2,MASTER_RNG,1044,1008,42779714138,8,576,0,b4eff3c79cd86a9d2e139edfed26cbbfe79f38d600a5d0edee0a5ea783a1ff39
187,112039,20,RANDMIX_PRE,2,MASTER_RNG,1044,1008,42779714170,640,576,0,bd1da9e9f0eb9616586d1bd6abf9d7e050a95cd10e4afa026e64b107dfb3873a
188,112731,21,RANDMIX_POST,2,MASTER_RNG,1044,1008,42779715705,640,576,0,2272cd684148213afca867c285d1a3467ff27347eb8a507aae2346eed6b45012
189,113423,11,RANDADD_BUF,2,MASTER_RNG,1044,1008,42779715757,32,584,0,448d00742e8c0ee669b8493c4e5e1cb38b35431c00363a3bc01d2c1c94a060cb
190,113507,20,RANDMIX_PRE,2,MASTER_RNG,1044,1008,42779715790,640,592,0,41d12af8492fba289b5a8c199c2ad22bc71812b675fc74bfcc302033dc325f8f
191,114199,21,RANDMIX_POST,2,MASTER_RNG,1044,1008,42779717428,640,592,0,b8a206ebdcb8a7a88b0b4082b1ae238502f4df5cac30cbcc7ab77ba13a3be203
192,114891,20,RANDMIX_PRE,2,MASTER_RNG,1044,1008,42779717512,640,608,0,f2740dbad7d2a5a668047e3d0025bc751bf603a738e2b31fd761c1752f283bb4
193,115583,21,RANDMIX_POST,2,MASTER_RNG,1044,1008,42779718958,640,608,0,91ab2c7466d4457695dddc8c6403a6c7c73a3dc1c7bdeaa0e475be96cccc4ecf
194,116275,11,RANDADD_BUF,2,MASTER_RNG,1044,1008,42779718993,8,616,0,e5921f03ab051610da16bcada8083b0712aa3f3c843555476603b4676537dcfd
195,116335,11,RANDADD_BUF,2,MASTER_RNG,1044,1008,42779719025,8,624,0,af5570f5a1810b7af78caf4bc70a660f0df51e42baf91d4de5b2328de0e83dfc
196,116395,20,RANDMIX_PRE,2,MASTER_RNG,1044,1008,42779719055,640,624,0,befb7aaee2bee9b88c140a0f4c0849ce2286fdcbface8b39d9f43e3a1d83001f
197,117087,21,RANDMIX_POST,2,MASTER_RNG,1044,1008,42779720655,640,624,0,d8b60797cb950e6875393ae52353cdd8523277606b70199127f7903619e62e6e
198,117779,11,RANDADD_BUF,2,MASTER_RNG,1044,1008,42779720688,8,632,0,f977fe86f2e139a109210f314e58d13a3ba824b1c01ca5417c198441e03fe704
199,117839,11,RANDADD_BUF,2,MASTER_RNG,1044,1008,42779720738,8,640,0,1bdd9cd0d87db6d3e02fb1bafb0615f6e970e3acdac0a006b4029d805127b2b4
200,117899,20,RANDMIX_PRE,2,MASTER_RNG,1044,1008,42779720772,640,0,0,ca1ec9869edb8aaf53a7c3d7e1b7c84ea24894d6391b7931f0e7dd9df3f1168f
201,118591,21,RANDMIX_POST,2,MASTER_RNG,1044,1008,42779722213,640,0,0,f9ca24a324d39765d7218913653686d1f49bbc85fd0cb7849ee9dcef4afc20da
202,119283,11,RANDADD_BUF,2,MASTER_RNG,1044,1008,42779722296,8,8,0,e5921f03ab051610da16bcada8083b0712aa3f3c843555476603b4676537dcfd
203,119343,11,RANDADD_BUF,2,MASTER_RNG,1044,1008,42779722331,8,16,0,af5570f5a1810b7af78caf4bc70a660f0df51e42baf91d4de5b2328de0e83dfc
204,119403,20,RANDMIX_PRE,2,MASTER_RNG,1044,1008,42779722362,640,16,0,3237f85ece170f3fc52291b69b4cbd10e568aded5b6efa10e38b76bd4f3bd994
205,120095,21,RANDMIX_POST,2,MASTER_RNG,1044,1008,42779723803,640,16,0,cc4ba47ed2fc933bb0168a5e1db941aac134e6903b66469c008f47ddd6dc4321
206,120787,11,RANDADD_BUF,2,MASTER_RNG,1044,1008,42779723834,8,24,0,f977fe86f2e139a109210f314e58d13a3ba824b1c01ca5417c198441e03fe704
207,120847,11,RANDADD_BUF,2,MASTER_RNG,1044,1008,42779723865,8,32,0,4cac96aecfb699a1bbcbd6d9fdbcdc7c4cb25981c6d422f0a02d91fbce098dd2
208,120907,20,RANDMIX_PRE,2,MASTER_RNG,1044,1008,42779723896,640,32,0,ca14ffca71110f4cc0e7f682cd4a451b03d506e18887687b9b2958ba7a340218
209,121599,21,RANDMIX_POST,2,MASTER_RNG,1044,1008,42779725362,640,32,0,fd455de962f64ce0be3ab0a5fac71b32d006c8f4957430ae297fab867ba3712e
210,122291,10,RANDADD_INT32,2,MASTER_RNG,1044,1008,42779725431,4,40,0,43a6baf508b80e227e1e653a2670fc7393b0e54bbae2dc41d8b098a33e80e924
211,122347,10,RANDADD_INT32,2,MASTER_RNG,1044,1008,42779725464,4,44,0,44c73cc42705f2c58be8fb0d02514d6b28886a24a01f273f36764f3f60548514
212,122403,11,RANDADD_BUF,2,MASTER_RNG,1044,1008,42779725498,68,48,0,5a43ff28431856d345227ac05c38552a48bf06af0cd1b23dbc18483c221a5cbb
213,122523,20,RANDMIX_PRE,2,MASTER_RNG,1044,1008,42779725529,640,48,0,4cbf84e607d74c4806dcee10fe27b567051f9e6701bf5cefbbfd4f8fc1051619
214,123215,21,RANDMIX_POST,2,MASTER_RNG,1044,1008,42779727034,640,48,0,3f16ab692b3d60ed4e5229d3ae23b75bf72b9b4a5204a75d18b9374ea7795246
215,123907,20,RANDMIX_PRE,2,MASTER_RNG,1044,1008,42779727069,640,64,0,b6a701b4273072b194738d73e0fa66c72aa19cb481ae34f79444d63597b6e9fc
216,124599,21,RANDMIX_POST,2,MASTER_RNG,1044,1008,42779728565,640,64,0,7d2e6b0763f664c6185b0e86da9fac4493c965a6646a4b64e968976ea0442fa3
217,125291,20,RANDMIX_PRE,2,MASTER_RNG,1044,1008,42779728599,640,80,0,8b5faf733db0cb2122c4ffe558ea50f5aa1fb49d5a09f7844db567b1812f77eb
218,125983,21,RANDMIX_POST,2,MASTER_RNG,1044,1008,42779730432,640,80,0,e69a15ea58e09d921339c07718eaef39bbbf91c8051a46dab83baf1ce837bff6
219,126675,20,RANDMIX_PRE,2,MASTER_RNG,1044,1008,42779730468,640,96,0,9f96c6c785f54484877cdddd318a85e98f821bc2a4990e4c71b270f981c9be33
220,127367,21,RANDMIX_POST,2,MASTER_RNG,1044,1008,42779732064,640,96,0,61fe5fbfc1df1f4d32a18f957422c29a3d24a6daf87abbe48f81a29be394723d
221,128059,20,RANDMIX_PRE,2,MASTER_RNG,1044,1008,42779732099,640,112,0,ad538e49f4a92eccb624efcf9bdfabf4afd55d9029c4aec7b1addd846fb53af9
222,128751,21,RANDMIX_POST,2,MASTER_RNG,1044,1008,42779733546,640,112,0,40659f2f4e7c789aca1c4d45480a4f6c7b19e7ae000099fc557a6b7336530477
223,129443,11,RANDADD_BUF,2,MASTER_RNG,1044,1008,42779733607,8,116,0,bd192793054d09ffee47227aacc7b8161029f62ef3dcaad68c3984e901a391f0
224,129503,43,CGR_FAST_OUT,2,MASTER_RNG,1044,1008,42779733735,640,124,0,1df71bb88ba7f954b117681e33308198963a7b049392102e4e369cb3edc97c17
225,130195,44,CGR_FAST_POOL_PRE,2,MASTER_RNG,1044,1008,42779733767,640,124,0,98557282069fb020ebf316a52de18700b2066bbebfa0cab2c763a97b8eb4bfe8
226,130887,11,RANDADD_BUF,2,MASTER_RNG,1044,1008,42779733798,640,124,0,1df71bb88ba7f954b117681e33308198963a7b049392102e4e369cb3edc97c17
227,131579,20,RANDMIX_PRE,2,MASTER_RNG,1044,1008,42779733879,640,128,0,e59448353bc23e7b131a7dee2ad2a9bc940bf0ecea4d84bd58cfd07cf201bb93
228,132271,21,RANDMIX_POST,2,MASTER_RNG,1044,1008,42779737593,640,128,0,2c95654a86b8b2b3a1dbe3898485f989cbcbddfc89aa9c0a504b2e5c1019e3e2
229,132963,20,RANDMIX_PRE,2,MASTER_RNG,1044,1008,42779737744,640,144,0,ac649a45808dc3cfc95e73692413b913244fa91996e4065a25a27fc0385225b7
230,133655,21,RANDMIX_POST,2,MASTER_RNG,1044,1008,42779739306,640,144,0,97740223e65f3b77f1d76a74975348469a5eaa2ef3f8893dbb58f03bb1e1e5e2
231,134347,20,RANDMIX_PRE,2,MASTER_RNG,1044,1008,42779739343,640,160,0,161a3bee472daf737f0a9459c36e25c8aaa25e19496d1270afc9f8cc3ea694c2
232,135039,21,RANDMIX_POST,2,MASTER_RNG,1044,1008,42779740838,640,160,0,93cb8e835c5d6381862b1966dd09112325c676d71e0f0b4e82890278b5c617cb
233,135731,20,RANDMIX_PRE,2,MASTER_RNG,1044,1008,42779740995,640,176,0,246fefccbb707be2ed53c1038256a58a82b6af12cbb4a8e915ec9422d45fae0e
234,136423,21,RANDMIX_POST,2,MASTER_RNG,1044,1008,42779743255,640,176,0,a6939df64b6e9fd444974d6a094187437f06facfb7cf7f81cf8178b7ff4684fa
235,137115,20,RANDMIX_PRE,2,MASTER_RNG,1044,1008,42779743294,640,192,0,8a67fc41072bb8df1f57fb18b4bfd50279a3630975a80b77ce5692e783ba6904
236,137807,21,RANDMIX_POST,2,MASTER_RNG,1044,1008,42779744778,640,192,0,df2a289e88aa12227c9cda046fc289f62aa07e640bd9cb19eb8b7440107c46e2
237,138499,20,RANDMIX_PRE,2,MASTER_RNG,1044,1008,42779744810,640,208,0,d97d01edbb7ea0fa4a85b759d5b99e9d24c9bb842639f37a46fe3d2bfe50700d
238,139191,21,RANDMIX_POST,2,MASTER_RNG,1044,1008,42779746400,640,208,0,fa7257fb789b6041b74366d5f6d52345d5fb47faa9edde1795e84e5c8cb63b7d
239,139883,20,RANDMIX_PRE,2,MASTER_RNG,1044,1008,42779746500,640,224,0,b34ca985957253f0bda763df71032f679fdbb2e4c233f3eea1112d04630b64db
240,140575,21,RANDMIX_POST,2,MASTER_RNG,1044,1008,42779747945,640,224,0,2741e31204b99549bb9662df5136d533ce0e20e47681ebf335c9f459c2a0de4e
241,141267,20,RANDMIX_PRE,2,MASTER_RNG,1044,1008,42779747978,640,240,0,14e739b63740f73c0a7c54ad20c4a45680e1e56a760b53401d0f5b803c7e96b1
242,141959,21,RANDMIX_POST,2,MASTER_RNG,1044,1008,42779749519,640,240,0,26b182602830a46637d1324196dfecc03aad63d144749888d577d624513c8e61
243,142651,20,RANDMIX_PRE,2,MASTER_RNG,1044,1008,42779749553,640,256,0,ae28c8fd7583da6da98cedda1a63cfe4455b117ba481a52b7bcb2340a666c06e
244,143343,21,RANDMIX_POST,2,MASTER_RNG,1044,1008,42779750996,640,256,0,345e442de074b01e217d2214f08ce89e772f44f2d1c8b6386c169c5fed799389
245,144035,20,RANDMIX_PRE,2,MASTER_RNG,1044,1008,42779751076,640,272,0,3bca789ba67db8ed72ff1f7592310b103f92dedbca976a66313d522d09c454da
246,144727,21,RANDMIX_POST,2,MASTER_RNG,1044,1008,42779752520,640,272,0,8a8ac170da9b88700da8be6b1c5440114dc6cdde0fa8112543ee200620db81e7
247,145419,20,RANDMIX_PRE,2,MASTER_RNG,1044,1008,42779752552,640,288,0,fd4980586607a89e0b6982ecc9054b516d4242cfc06fb8def1c0a5fcea6c2e30
248,146111,21,RANDMIX_POST,2,MASTER_RNG,1044,1008,42779754129,640,288,0,05547ae52b2d3e0783499dab58611ea81a192f6156b9311fcb666bce7db75f4f
249,146803,20,RANDMIX_PRE,2,MASTER_RNG,1044,1008,42779754164,640,304,0,e5046a42dc06dd68c739900551e962f698b74399e2f406641deae380b05f11a4
250,147495,21,RANDMIX_POST,2,MASTER_RNG,1044,1008,42779755804,640,304,0,391116b22bfee9d494d9ad0007f21245e8a20aaf615e0ae088654fde7c51977f
251,148187,20,RANDMIX_PRE,2,MASTER_RNG,1044,1008,42779755839,640,320,0,a2a2a9ba1128151e8c9713325823467346717cd034843a19a584217b936bb5c6
252,148879,21,RANDMIX_POST,2,MASTER_RNG,1044,1008,42779757369,640,320,0,1a0cdd8b548528e36a4d510c7deb69309957c878e5955120a0bf6917b2207e35
253,149571,20,RANDMIX_PRE,2,MASTER_RNG,1044,1008,42779757403,640,336,0,d0b6c59faf6827822b9a4573b3482c762af3d261540be2fa7eb4d8515874f262
254,150263,21,RANDMIX_POST,2,MASTER_RNG,1044,1008,42779758845,640,336,0,76f9a6c3476d5dcf34093d3560e00dd8578f0fa87ac73d2d0b4fffd99ca45f05
255,150955,20,RANDMIX_PRE,2,MASTER_RNG,1044,1008,42779758876,640,352,0,209bba11c85caa91626fc8efb1337aa05eac42c7608c59cca06d791da4a274ea
256,151647,21,RANDMIX_POST,2,MASTER_RNG,1044,1008,42779760464,640,352,0,b96258ed35c7890e7fd1dcbc607dfd0bfce68640f547e2c7ef8041c60ab42c74
257,152339,20,RANDMIX_PRE,2,MASTER_RNG,1044,1008,42779760499,640,368,0,0acc9c7db2dd4ae032e19210b9810c126db4c58f565a15ef9a3333ed0be4ac75
258,153031,21,RANDMIX_POST,2,MASTER_RNG,1044,1008,42779761941,640,368,0,7703620a029d4b36ba54db202d7f2844b4ca2ec89e59d414b8dbb918b4d6e4e4
259,153723,20,RANDMIX_PRE,2,MASTER_RNG,1044,1008,42779761973,640,384,0,6751a7b2d046eb7c1b651f59c3e109d1e0ec80268c12869f5ea526431c7e6978
260,154415,21,RANDMIX_POST,2,MASTER_RNG,1044,1008,42779763493,640,384,0,f5641db15700b4974b16e004c3b59648e76a6466635c9f3a459c055b9ee63840
261,155107,20,RANDMIX_PRE,2,MASTER_RNG,1044,1008,42779763525,640,400,0,ebd5fd867061c1921549fa9df9b2d3ce8098a958f9da1a7069d2438a832a4e8a
262,155799,21,RANDMIX_POST,2,MASTER_RNG,1044,1008,42779765138,640,400,0,35a5495c6dcdf5307ea4af32f5471c363de8d292d039ee119f5bddc08adfa7de
263,156491,20,RANDMIX_PRE,2,MASTER_RNG,1044,1008,42779765173,640,416,0,2f57744545b51361efebf9bcdab1fa944a10afacec92be992d4e58e107e674e5
264,157183,21,RANDMIX_POST,2,MASTER_RNG,1044,1008,42779767276,640,416,0,b1429510ab84ceee0391b25cd52c291bfe5b23f0faeeb54c302d3f4ec94338e2
265,157875,20,RANDMIX_PRE,2,MASTER_RNG,1044,1008,42779767322,640,432,0,ef1ed2680c9add94cfd0dd921a300ab23ab33d5ff1bb0f1f268fc3d6ad0e52cc
266,158567,21,RANDMIX_POST,2,MASTER_RNG,1044,1008,42779768802,640,432,0,b15e951cdb0b62985b7dcd0c27a49cbd0230678b40ac62e36ea8af19b0514e9a
267,159259,20,RANDMIX_PRE,2,MASTER_RNG,1044,1008,42779768835,640,448,0,43e9730d4d90ab0bf8f4247f31d6f6137f3cf5f47ee4ca2ac154d741ce6b7444
268,159951,21,RANDMIX_POST,2,MASTER_RNG,1044,1008,42779770410,640,448,0,f6cc1766f16ee189e7a76a7a9317c4a73004d8917446a35a58618a475b9657a4
269,160643,20,RANDMIX_PRE,2,MASTER_RNG,1044,1008,42779770445,640,464,0,0b4ddcb9c7fd63a440ada6c5630f6186c3e10f56038046775cc471c698beb684
270,161335,21,RANDMIX_POST,2,MASTER_RNG,1044,1008,42779772020,640,464,0,c7695e17f3fb13feefe19b1afdec691eee056579ac21fee6c0c6dc8de207ac64
271,162027,20,RANDMIX_PRE,2,MASTER_RNG,1044,1008,42779772055,640,480,0,e76255c4a9380fa4050ace91c5238b3b7b5b290d82b9961816c4866d1c4ce91a
272,162719,21,RANDMIX_POST,2,MASTER_RNG,1044,1008,42779773567,640,480,0,47b2436e609c259c0902475bb8db5a8bb80ab498ef3457b538d135a69279fb33
273,163411,20,RANDMIX_PRE,2,MASTER_RNG,1044,1008,42779773599,640,496,0,64ee96fc16e2d95d0dec3f937b9aa5c60244f7bde8ff66b19b0292355f9067fd
274,164103,21,RANDMIX_POST,2,MASTER_RNG,1044,1008,42779775191,640,496,0,7405c4481723eceabd8749860bedb4962d129b9101389c8aed368ca0bd51745a
275,164795,20,RANDMIX_PRE,2,MASTER_RNG,1044,1008,42779775225,640,512,0,3140f23ecfdbcf6b446eaeabf938e09b1669fca8692a7e5000b9c34c16cb9c09
276,165487,21,RANDMIX_POST,2,MASTER_RNG,1044,1008,42779776742,640,512,0,74fc343291043a2b3a75fa89959c0589ebade89b1178fc7bd17e77bc07c6936c
277,166179,20,RANDMIX_PRE,2,MASTER_RNG,1044,1008,42779776774,640,528,0,369eb8e1b6d0346b250ce81ab3d72cff1573914872e68aac79fea4d367c81b17
278,166871,21,RANDMIX_POST,2,MASTER_RNG,1044,1008,42779778347,640,528,0,1050c3bdb0aa4bca747a0ae0cff6091ec0673b7d3ac9cec07883c6dd78e4bc3f
279,167563,20,RANDMIX_PRE,2,MASTER_RNG,1044,1008,42779778381,640,544,0,45f6b11d96996ae5cb31a982abe7ab069d1891caeafa4296361a67d1f0ebd1d1
280,168255,21,RANDMIX_POST,2,MASTER_RNG,1044,1008,42779779938,640,544,0,0aac4f2ac859e5bf9d55b35c29c0cf995acc6b576a7e3e784221412be5fca8f2
281,168947,20,RANDMIX_PRE,2,MASTER_RNG,1044,1008,42779779973,640,560,0,75bf3f713428999749e520570c61575b9eb2ba50137d1d221be5b03c68efea53
282,169639,21,RANDMIX_POST,2,MASTER_RNG,1044,1008,42779781413,640,560,0,bed672842245f54b9f5b92035270a9d6803d698e783c9e80a0f37d762542acd7
283,170331,20,RANDMIX_PRE,2,MASTER_RNG,1044,1008,42779781444,640,576,0,16f98350ea170fb33c323d6e475bb3107a14444e1e50790ba4af8b873e33b577
284,171023,21,RANDMIX_POST,2,MASTER_RNG,1044,1008,42779783011,640,576,0,508a4bd15376f7a241862e4109365a1a5d6fb902316b51231a74b4ea78a7ecc4
285,171715,20,RANDMIX_PRE,2,MASTER_RNG,1044,1008,42779783044,640,592,0,f20c05cb90319681c17c762b194e5d455be07aca3b9d8e5d40b6e411d8714464
286,172407,21,RANDMIX_POST,2,MASTER_RNG,1044,1008,42779784970,640,592,0,20e6e6ff466e9f41fb24a92fe64d54e7caccbc9aef9c3be7c5f1fb80cb45bf9a
287,173099,20,RANDMIX_PRE,2,MASTER_RNG,1044,1008,42779785487,640,608,0,1480625d615ce3a1260ee0a153f88c2ab22d859cc3a040e79f5a8ba4787f3dc5
288,173791,21,RANDMIX_POST,2,MASTER_RNG,1044,1008,42779786937,640,608,0,fff822a79b2baa2edab33f455d1ec88547441df0b3df6c4a78cdae39770a50aa
289,174483,20,RANDMIX_PRE,2,MASTER_RNG,1044,1008,42779786970,640,624,0,7b871c638316995a31d97b86e04308f4b94e4c23bf98ee1ae5f93e935e9deaad
290,175175,21,RANDMIX_POST,2,MASTER_RNG,1044,1008,42779788412,640,624,0,4487a26b66279d6f63897a9aa2579be194e208136fdb3cc0ec449328de619d72
291,175867,20,RANDMIX_PRE,2,MASTER_RNG,1044,1008,42779788444,640,0,0,cc653c6ec0fe57dec82a38499d6b4abf0f62e51fa7323d27514dd63e86948119
292,176559,21,RANDMIX_POST,2,MASTER_RNG,1044,1008,42779790082,640,0,0,7109eaa25505b6382dc19521df14b22366259d242a6747b096ba43f72d3fcad5
293,177251,20,RANDMIX_PRE,2,MASTER_RNG,1044,1008,42779790116,640,16,0,f8df3203bebf479bafc65bf1049d8812fd88ad7bc18386e516a9e744738c5b8b
294,177943,21,RANDMIX_POST,2,MASTER_RNG,1044,1008,42779791708,640,16,0,6b50a82ae5fff1d0ae26c48e9e7171e056cd25ead08082efa38bf2bbd5664b71
295,178635,20,RANDMIX_PRE,2,MASTER_RNG,1044,1008,42779791740,640,32,0,eb7d82c496e7a573fd370b96a1b45dbdbb670448a1fcd0cd0a800ba1971b8849
296,179327,21,RANDMIX_POST,2,MASTER_RNG,1044,1008,42779794329,640,32,0,54eecd91e0739ec5583588b7967956be486173c7909cd4b3ed0def8835b5186a
297,180019,20,RANDMIX_PRE,2,MASTER_RNG,1044,1008,42779794413,640,48,0,27ddebfe950155ff90c9adda2e309ec0a9b241e22ce3f9baf9baacc562786c5b
298,180711,21,RANDMIX_POST,2,MASTER_RNG,1044,1008,42779796260,640,48,0,472e2318b39203b51b6d856d30d8f9027cdc2a602f5b1db39d79cd3fced25c52
299,181403,20,RANDMIX_PRE,2,MASTER_RNG,1044,1008,42779796300,640,64,0,0e1bfa412b87d88ac10cf0c3a0d8300961edd8e475a043f942c0ee09317d4268
300,182095,21,RANDMIX_POST,2,MASTER_RNG,1044,1008,42779800014,640,64,0,c933160bf62faa5bf0a5eb5fc57f5fdb7d0d49a3a37876eadd215b972fe906f7
301,182787,20,RANDMIX_PRE,2,MASTER_RNG,1044,1008,42779800050,640,80,0,a95f308894f5666d9a7cd9381fcf873adbb6fc3862a42b1322ce074c8e9f541b
302,183479,21,RANDMIX_POST,2,MASTER_RNG,1044,1008,42779801495,640,80,0,fdf8eee91b60b1347d4b168e349cf29eae1afb647d459bf73679fd789b72a374
303,184171,20,RANDMIX_PRE,2,MASTER_RNG,1044,1008,42779801526,640,96,0,c07b9ef4b4fccd6d367e92ab0982ddc9a3e97637e3ff58006403a5674af08ea1
304,184863,21,RANDMIX_POST,2,MASTER_RNG,1044,1008,42779803025,640,96,0,56ae11eafd79d801e640f10466f662db4cd995816cac27fae4faf54cd7a7d156
305,185555,20,RANDMIX_PRE,2,MASTER_RNG,1044,1008,42779803088,640,112,0,bdc689df81924667962319f23115f74699d4fe56c21a2ed73873077add2ce283
306,186247,21,RANDMIX_POST,2,MASTER_RNG,1044,1008,42779804533,640,112,0,6764643892fd2bf5eecc688ededac870d76abf5815e7acd7a7fecdb56a3026c2
307,186939,45,CGR_FAST_POOL_POST,2,MASTER_RNG,1044,1008,42779804564,640,124,0,cbd13c9a9489dc226023577f11513671bca3c8259aa125a56a38e734ce061907
308,187631,20,RANDMIX_PRE,2,MASTER_RNG,1044,1008,42779804595,640,124,0,cbd13c9a9489dc226023577f11513671bca3c8259aa125a56a38e734ce061907
309,188323,21,RANDMIX_POST,2,MASTER_RNG,1044,1008,42779806038,640,124,0,21092afa20e80fa8c31cfdfa116ad601ed3200adfefc5eca9bfb9e9f3bbd5c16
310,189015,32,RANDGET_RAW,2,MASTER_RNG,1044,1008,42779806120,64,496,64,e951a04c65c09be9212d05302bc2677d1f1d390ecc4eb93dc19e8ff4c67bbf70
311,189131,33,RANDGET_POOL_INVERTED,2,MASTER_RNG,1044,1008,42779806157,640,496,64,17f0eb8607690016f23bc3ba3c55afb1f60ba7a08b1930ebe88c261221d9c9fd
312,189823,10,RANDADD_INT32,2,MASTER_RNG,1044,1008,42779806194,4,496,64,df3f619804a92fdb4057192dc43dd748ea778adc52bc498ce80524c014b81119
313,189879,20,RANDMIX_PRE,2,MASTER_RNG,1044,1008,42779806225,640,496,64,17f0eb8607690016f23bc3ba3c55afb1f60ba7a08b1930ebe88c261221d9c9fd
314,190571,21,RANDMIX_POST,2,MASTER_RNG,1044,1008,42779807730,640,496,64,bc1a0c2c0690120183e02d6c33348511dc5e6f59fd5e929fb7526cc56c43e461
315,191263,10,RANDADD_INT32,2,MASTER_RNG,1044,1008,42779807766,4,500,64,df3f619804a92fdb4057192dc43dd748ea778adc52bc498ce80524c014b81119
316,191319,10,RANDADD_INT32,2,MASTER_RNG,1044,1008,42779807804,4,504,64,df3f619804a92fdb4057192dc43dd748ea778adc52bc498ce80524c014b81119
317,191375,10,RANDADD_INT32,2,MASTER_RNG,1044,1008,42779807839,4,508,64,df3f619804a92fdb4057192dc43dd748ea778adc52bc498ce80524c014b81119
318,191431,10,RANDADD_INT32,2,MASTER_RNG,1044,1008,42779807871,4,512,64,ad95131bc0b799c0b1af477fb14fcf26a6a9f76079e48bf090acb7e8367bfd0e
319,191487,20,RANDMIX_PRE,2,MASTER_RNG,1044,1008,42779807901,640,512,64,48ef841822fbb46899b8c0e924e1417416101b3b94d843aa872cfdb0f20ccf04
320,192179,21,RANDMIX_POST,2,MASTER_RNG,1044,1008,42779809346,640,512,64,1aab1b7a88bf5039bcb8259634723dacad00e607dff68f75cd8530b28cf5f951
321,192871,10,RANDADD_INT32,2,MASTER_RNG,1044,1008,42779809427,4,516,64,79b8326811c8aed22ebded58c3707f8c4a8bb778d565a89777a2739f2573644d
322,192927,10,RANDADD_INT32,2,MASTER_RNG,1044,1008,42779809462,4,520,64,b4248c210a2905b94345e1a8414d0e12efcfb2f4f0f2397159a71283397a0ccd
323,192983,10,RANDADD_INT32,2,MASTER_RNG,1044,1008,42779809493,4,524,64,758c1248a385ea416657ea4d5dbc676d749de58709d27b975afcef9f7e1e4cb6
324,193039,10,RANDADD_INT32,2,MASTER_RNG,1044,1008,42779809524,4,528,64,7ea76256ca52b908b2c81b66ae1fde8727dce10668ecd13bb5b4d5a85678902a
325,193095,20,RANDMIX_PRE,2,MASTER_RNG,1044,1008,42779809555,640,528,64,dc3808347a9dcba8f963ce82abde640b682da41b1ffdced6f350cd55f952a58a
326,193787,21,RANDMIX_POST,2,MASTER_RNG,1044,1008,42779811021,640,528,64,076ee012ed9fe94bc42fbf12b26608bf2768e09d1454ceca0aa04ff91b995b25
327,194479,10,RANDADD_INT32,2,MASTER_RNG,1044,1008,42779811056,4,532,64,8c97241db12240ee5c4adbe164bb2354fe4ab04d7e80acb32ff212f98740ebca
328,194535,10,RANDADD_INT32,2,MASTER_RNG,1044,1008,42779811090,4,536,64,df3f619804a92fdb4057192dc43dd748ea778adc52bc498ce80524c014b81119
329,194591,10,RANDADD_INT32,2,MASTER_RNG,1044,1008,42779811122,4,540,64,df3f619804a92fdb4057192dc43dd748ea778adc52bc498ce80524c014b81119
330,194647,10,RANDADD_INT32,2,MASTER_RNG,1044,1008,42779811156,4,544,64,df3f619804a92fdb4057192dc43dd748ea778adc52bc498ce80524c014b81119
331,194703,20,RANDMIX_PRE,2,MASTER_RNG,1044,1008,42779811186,640,544,64,718f2d37f4d83b8d151d8d913b424a06ea3c118dd87adb5386fd195e1f2df7a0
332,195395,21,RANDMIX_POST,2,MASTER_RNG,1044,1008,42779812628,640,544,64,d97274898def1bb8e4eece49523f2c43a2a367282768baa58e91992794c11de3
333,196087,10,RANDADD_INT32,2,MASTER_RNG,1044,1008,42779812660,4,548,64,df3f619804a92fdb4057192dc43dd748ea778adc52bc498ce80524c014b81119
334,196143,10,RANDADD_INT32,2,MASTER_RNG,1044,1008,42779812694,4,552,64,df3f619804a92fdb4057192dc43dd748ea778adc52bc498ce80524c014b81119
335,196199,10,RANDADD_INT32,2,MASTER_RNG,1044,1008,42779812726,4,556,64,a86b005caf09ceef631f5eefb89df997207c5717b1ae71b5abb00a3ef9c110d4
336,196255,10,RANDADD_INT32,2,MASTER_RNG,1044,1008,42779812758,4,560,64,be8522bb06d1a90776076a1875a2de496fc4c5d4d56179130a4ed711f44fbfe8
337,196311,20,RANDMIX_PRE,2,MASTER_RNG,1044,1008,42779812789,640,560,64,3a082b6d2e7c53f65ce24db8fbeaff0ec0a5db2904ab3420379999e470e3e54f
338,197003,21,RANDMIX_POST,2,MASTER_RNG,1044,1008,42779814360,640,560,64,1d627bfcf7b7cdb8084e225c9ff233d6d86f6cb498fd0048c5085ab20f56cbdb
339,197695,10,RANDADD_INT32,2,MASTER_RNG,1044,1008,42779814400,4,564,64,df3f619804a92fdb4057192dc43dd748ea778adc52bc498ce80524c014b81119
340,197751,11,RANDADD_BUF,2,MASTER_RNG,1044,1008,42779814435,8,568,64,af5570f5a1810b7af78caf4bc70a660f0df51e42baf91d4de5b2328de0e83dfc
341,197811,11,RANDADD_BUF,2,MASTER_RNG,1044,1008,42779814469,8,576,64,b4eff3c79cd86a9d2e139edfed26cbbfe79f38d600a5d0edee0a5ea783a1ff39
342,197871,20,RANDMIX_PRE,2,MASTER_RNG,1044,1008,42779814501,640,576,64,71035fb281bb8cfbdcc4e3c0925e2aca61362f4d608e8714c3cc244acf84643e
343,198563,21,RANDMIX_POST,2,MASTER_RNG,1044,1008,42779815982,640,576,64,c4961d34c845dd2a5192026c2e49b8e400f58c378a7336ab835a6762c4e561a7
344,199255,11,RANDADD_BUF,2,MASTER_RNG,1044,1008,42779816033,32,584,64,2bcd7dedb30013bf83a13a666f45c31654e0cc160fe7a883a3cc8263a5057fcd
345,199339,20,RANDMIX_PRE,2,MASTER_RNG,1044,1008,42779816065,640,592,64,22bc50c98c6d19bfd07c0fb537943f845d674cde500f7afe28152ab5783ce75a
346,200031,21,RANDMIX_POST,2,MASTER_RNG,1044,1008,42779817608,640,592,64,fa37e29ca1839dc24977a20d05b3329be05ff87f99601863539f99ba0ace84e8
347,200723,20,RANDMIX_PRE,2,MASTER_RNG,1044,1008,42779817696,640,608,64,a347b064648479996a2a644f9e791ba99db7d14c01ea3a17d46081bab93c5145
348,201415,21,RANDMIX_POST,2,MASTER_RNG,1044,1008,42779819282,640,608,64,7f0b6bd33ae59ebb9ca537a5b00c41ecd724c64042972239d64eea8cde7a1bae
349,202107,11,RANDADD_BUF,2,MASTER_RNG,1044,1008,42779819321,8,616,64,e5921f03ab051610da16bcada8083b0712aa3f3c843555476603b4676537dcfd
350,202167,11,RANDADD_BUF,2,MASTER_RNG,1044,1008,42779819353,8,624,64,af5570f5a1810b7af78caf4bc70a660f0df51e42baf91d4de5b2328de0e83dfc
351,202227,20,RANDMIX_PRE,2,MASTER_RNG,1044,1008,42779819384,640,624,64,858bf2a1fee4b38ee10daa2cb7389a68f39e81b6e5aaf44b165a9cf6a336c976
352,202919,21,RANDMIX_POST,2,MASTER_RNG,1044,1008,42779820824,640,624,64,7192f526138184d6bc8c1c88e4387aba57e02ca6b718c97162a37716ef62d5b6
353,203611,11,RANDADD_BUF,2,MASTER_RNG,1044,1008,42779820855,8,632,64,f977fe86f2e139a109210f314e58d13a3ba824b1c01ca5417c198441e03fe704
354,203671,11,RANDADD_BUF,2,MASTER_RNG,1044,1008,42779820886,8,640,64,c928b5f621e290d39bf17fe8c3ffac92618414fdd6a6ebca8675172154da1775
355,203731,20,RANDMIX_PRE,2,MASTER_RNG,1044,1008,42779820916,640,0,64,bb5579a24817d4daf52474273c5de2b7ec829f7ac5781ff84266441675ceb260
356,204423,21,RANDMIX_POST,2,MASTER_RNG,1044,1008,42779822453,640,0,64,1a4965b7109ffff0e90387f1a865bae17c82f69ea9d8a4164370f7b78e6ee31b
357,205115,11,RANDADD_BUF,2,MASTER_RNG,1044,1008,42779822541,8,8,64,e5921f03ab051610da16bcada8083b0712aa3f3c843555476603b4676537dcfd
358,205175,11,RANDADD_BUF,2,MASTER_RNG,1044,1008,42779822576,8,16,64,af5570f5a1810b7af78caf4bc70a660f0df51e42baf91d4de5b2328de0e83dfc
359,205235,20,RANDMIX_PRE,2,MASTER_RNG,1044,1008,42779822607,640,16,64,528bb02f35c64b8425a0f07b0b7f7ce8552fe04e969d622569470f82b49ce271
360,205927,21,RANDMIX_POST,2,MASTER_RNG,1044,1008,42779824048,640,16,64,a6e4d60d974d26e0778eda55578a8a674348484fcb3f8dbdfd736758e21c056b
361,206619,11,RANDADD_BUF,2,MASTER_RNG,1044,1008,42779824079,8,24,64,f977fe86f2e139a109210f314e58d13a3ba824b1c01ca5417c198441e03fe704
362,206679,11,RANDADD_BUF,2,MASTER_RNG,1044,1008,42779824110,8,32,64,7e70207126188e60a01ef26709bc6aed68b90b349406a016393bbe979982c612
363,206739,20,RANDMIX_PRE,2,MASTER_RNG,1044,1008,42779824141,640,32,64,923cd70737d0319d61564cb97be39aea275671c6f1f0a7d44895f12dd1eb6e45
364,207431,21,RANDMIX_POST,2,MASTER_RNG,1044,1008,42779825636,640,32,64,0154f5b561e260a6e6590daa4450d890f10a43e209ca882b37cbdf0b7b02d46e
365,208123,10,RANDADD_INT32,2,MASTER_RNG,1044,1008,42779825672,4,40,64,43a6baf508b80e227e1e653a2670fc7393b0e54bbae2dc41d8b098a33e80e924
366,208179,10,RANDADD_INT32,2,MASTER_RNG,1044,1008,42779825704,4,44,64,44c73cc42705f2c58be8fb0d02514d6b28886a24a01f273f36764f3f60548514
367,208235,11,RANDADD_BUF,2,MASTER_RNG,1044,1008,42779825764,8,48,64,f703bb3cbbc608f0ddf0899b6c8122c48ad059e1b3737b01ee2a72cd6a5bbd4c
368,208295,20,RANDMIX_PRE,2,MASTER_RNG,1044,1008,42779825795,640,48,64,fc8a3db1af2006bd6c801d95768cc0ad7efe5c5b1c98de5940bf51a4183a066c
369,208987,21,RANDMIX_POST,2,MASTER_RNG,1044,1008,42779827288,640,48,64,71dde5a1396a023d41b125c0b8c1f6182b01e597073d250ae1b241603d46ff1f
370,209679,43,CGR_FAST_OUT,2,MASTER_RNG,1044,1008,42779827421,640,56,64,35d0c4f07c27e539a6e1669f81671450db72f5d832995fc776eddae0489d6ab2
371,210371,44,CGR_FAST_POOL_PRE,2,MASTER_RNG,1044,1008,42779827453,640,56,64,ef4214913dbbe6a96047134b98c0ec3c73366f47e28c52da7268356e8e0766c7
372,211063,11,RANDADD_BUF,2,MASTER_RNG,1044,1008,42779827484,640,56,64,35d0c4f07c27e539a6e1669f81671450db72f5d832995fc776eddae0489d6ab2
373,211755,20,RANDMIX_PRE,2,MASTER_RNG,1044,1008,42779827515,640,64,64,1a8009dd77a7cad0f06787c2593282d051b73fa30ca0a4f38d3dd0d173b707a8
374,212447,21,RANDMIX_POST,2,MASTER_RNG,1044,1008,42779829064,640,64,64,f6109cb921ac9dcb33b9b05848bc3baa2686ac337fa3b78bae187fc86f91212c
375,213139,20,RANDMIX_PRE,2,MASTER_RNG,1044,1008,42779829147,640,80,64,8f3e79a5a30a601576b49cbfd4b31ab80ab08e28863dda6962e8ba0f4fd2bb0f
376,213831,21,RANDMIX_POST,2,MASTER_RNG,1044,1008,42779830594,640,80,64,c4300638e715339713b18e458bad1d791c81f2ae1583f7b26f76a424e7d37eda
377,214523,20,RANDMIX_PRE,2,MASTER_RNG,1044,1008,42779830625,640,96,64,1f91b056191355225fe560af83b6a067839aa7025a8a601ccd1302eb42db948a
378,215215,21,RANDMIX_POST,2,MASTER_RNG,1044,1008,42779832159,640,96,64,f7d6bd810b0a58321d71cd3667072b0289c841022573c35c40a0719cb51fa633
379,215907,20,RANDMIX_PRE,2,MASTER_RNG,1044,1008,42779832193,640,112,64,9acc477a273e70b12c49de32ff81b6a63309a776ee9cf7012844f833ace393c9
380,216599,21,RANDMIX_POST,2,MASTER_RNG,1044,1008,42779833634,640,112,64,43102b625092b6fe6df2c118ad046fac75780896ccc002944f26d8904e8af1cb
381,217291,20,RANDMIX_PRE,2,MASTER_RNG,1044,1008,42779833714,640,128,64,f0995d5495a42d796704ce6462b0b253470a5ca7644c85b73db37126c9b20aa5
382,217983,21,RANDMIX_POST,2,MASTER_RNG,1044,1008,42779835158,640,128,64,d99116c317ab371828307d8a4b9d29b213d859a8abce67bb486fa60ea0da73bb
383,218675,20,RANDMIX_PRE,2,MASTER_RNG,1044,1008,42779835190,640,144,64,9f37a2eedc135c92382a04cdfbb923a8575bf3f419dfdcc90e759f14d294151d
384,219367,21,RANDMIX_POST,2,MASTER_RNG,1044,1008,42779837336,640,144,64,343da32c66cb0977b426570c0f2ab795abd43d2a9ee0e41fe65d09d8bd5bf899
385,220059,20,RANDMIX_PRE,2,MASTER_RNG,1044,1008,42779837372,640,160,64,990622bc027bb3c7657b179a353f4338212d4588c5c6b50ebe4560a47e73cf7a
386,220751,21,RANDMIX_POST,2,MASTER_RNG,1044,1008,42779838814,640,160,64,45a428c9edc9ce5143f72447a7f36e9a8c1638bfe33db7d54f5d90d75bce8d61
387,221443,20,RANDMIX_PRE,2,MASTER_RNG,1044,1008,42779838968,640,176,64,fd097b73d3d81d1850c8975df7d59b3281fa93a16d4553fc1481151da36a3302
388,222135,21,RANDMIX_POST,2,MASTER_RNG,1044,1008,42779840458,640,176,64,a6aa24ec62f6fb099257da84e7d851e8fc12646c71e9fc3a54019e7ea50ab683
389,222827,20,RANDMIX_PRE,2,MASTER_RNG,1044,1008,42779840500,640,192,64,5954cda8f3b31511eb6e1dd0b2c8c4444920ea540d938b79a9b6a9a9799c4ccc
390,223519,21,RANDMIX_POST,2,MASTER_RNG,1044,1008,42779842008,640,192,64,92695df850fd208cea4b34b8c9b52ffc7f24fff541795be477900e4966a40cd7
391,224211,20,RANDMIX_PRE,2,MASTER_RNG,1044,1008,42779842042,640,208,64,ed90fe364c1ec65d955a28fe96aad82cb316a2076093603b18c0f90fdcd895b2
392,224903,21,RANDMIX_POST,2,MASTER_RNG,1044,1008,42779843855,640,208,64,99311e49fb5660cf64bef306f9a64489f9ad385b05474b83fe125a9a922f6b0d
393,225595,20,RANDMIX_PRE,2,MASTER_RNG,1044,1008,42779843998,640,224,64,27f78316836375e4f43ce62776bb099487ba524fea901e99cff95ed80f4e38e1
394,226287,21,RANDMIX_POST,2,MASTER_RNG,1044,1008,42779845820,640,224,64,bcf8a4fec46d459792f8d5061fc397cc136105d316cb037d17343d17494e39b2
395,226979,20,RANDMIX_PRE,2,MASTER_RNG,1044,1008,42779845870,640,240,64,a53feada5ed31375bcb776507a39bd03b76158a41fed8e50e721a7892c6ec0b5
396,227671,21,RANDMIX_POST,2,MASTER_RNG,1044,1008,42779847803,640,240,64,faffcf15c88cc214a9a18be09ec14278d612a416bad59e69dc4bc8078e8237e6
397,228363,20,RANDMIX_PRE,2,MASTER_RNG,1044,1008,42779847848,640,256,64,859cbf284e5a6864a7771dc141cc5acc182beb3a740581ffa6675d20aec12518
398,229055,21,RANDMIX_POST,2,MASTER_RNG,1044,1008,42779849338,640,256,64,b1c04bf4c2f9ccdf50d69ebc4e625375c6a11b001787a42173ed45d10041d5cd
399,229747,20,RANDMIX_PRE,2,MASTER_RNG,1044,1008,42779849460,640,272,64,e9987f7e177065a999c39df32d956b75d6a961c13e574a8fe13537c548f946f2
400,230439,21,RANDMIX_POST,2,MASTER_RNG,1044,1008,42779853112,640,272,64,511607866cff95d0f8d2c40e18c78037f8701b7b200be094fc26c31f8d82ba20
401,231131,20,RANDMIX_PRE,2,MASTER_RNG,1044,1008,42779853505,640,288,64,34e8e7b4967f095fba4a19630dea65e62e088683ebb51aa5d6c564ed12915d82
402,231823,21,RANDMIX_POST,2,MASTER_RNG,1044,1008,42779855441,640,288,64,793956d0c64ffca225f7e608e0347544125b7107e562a64a5b029822af37caf5
403,232515,20,RANDMIX_PRE,2,MASTER_RNG,1044,1008,42779855490,640,304,64,b4c232032c73d2c4939c3e23aab1cb1b710c3ac0d4a63726f7ba43a89068e27c
404,233207,21,RANDMIX_POST,2,MASTER_RNG,1044,1008,42779857867,640,304,64,b5daacc9cce0866ac5e2b8859f458e22071d1ffef551f33c0c4221ef1bd3f854
405,233899,20,RANDMIX_PRE,2,MASTER_RNG,1044,1008,42779858097,640,320,64,52f997c633aace105234f5fc386385fed47a1009ffa10a5b1475a593242183b6
406,234591,21,RANDMIX_POST,2,MASTER_RNG,1044,1008,42779860002,640,320,64,4470054efd2b4498a2e69e2bd9f4b3d8ea9e15be4977edf150096e014b5b59a7
407,235283,20,RANDMIX_PRE,2,MASTER_RNG,1044,1008,42779860044,640,336,64,0ccb4389994d6db5b8c36d9ed28a0bca329552ab56791ef4d8b6e9a0950fd298
408,235975,21,RANDMIX_POST,2,MASTER_RNG,1044,1008,42779861788,640,336,64,ad38a9da87a69781a1b3f48f3045c19f3147c099d2cd1ddfe154e04cb0b9d0b3
409,236667,20,RANDMIX_PRE,2,MASTER_RNG,1044,1008,42779861827,640,352,64,39b1dfb0c6e082709a79c5e3c6fd569c618f30f4b90536a81ffa51578321b0d3
410,237359,21,RANDMIX_POST,2,MASTER_RNG,1044,1008,42779863384,640,352,64,138b63850d33f564897ebfc7141eb1c9e64f1de5354809107cc455bfe42921d2
411,238051,20,RANDMIX_PRE,2,MASTER_RNG,1044,1008,42779863512,640,368,64,40f319d3e93135115dbdb5f96525d2617564edf05f0d287e24b5ecc5c2136208
412,238743,21,RANDMIX_POST,2,MASTER_RNG,1044,1008,42779865071,640,368,64,9cad7a47ac2dae903560b74daff8c8396bff117d3c65559d6495932986f79908
413,239435,20,RANDMIX_PRE,2,MASTER_RNG,1044,1008,42779865106,640,384,64,85d3dd19858812a8159a993027f732e79f1ba5d057dffb938d02d44cc8d69491
414,240127,21,RANDMIX_POST,2,MASTER_RNG,1044,1008,42779866853,640,384,64,46bc9e0e82143533e8594634c4d6416d14ac20125895be8b069784dfb1754573
415,240819,20,RANDMIX_PRE,2,MASTER_RNG,1044,1008,42779866895,640,400,64,6db4b4a15df24f035424ba3f4e1906626184738b67b5d1573267ffc57494c009
416,241511,21,RANDMIX_POST,2,MASTER_RNG,1044,1008,42779868514,640,400,64,376afc22ecaaa6db24cb1c496f64a6e4a99def2d3fd79cce6a8b0053d1117e8f
417,242203,20,RANDMIX_PRE,2,MASTER_RNG,1044,1008,42779868626,640,416,64,999c7079494744b173ea8e24a53204b551bac4ab4f512aed9ad11436034345c7
418,242895,21,RANDMIX_POST,2,MASTER_RNG,1044,1008,42779870113,640,416,64,b12e6213a94bcf749406cc4a335a77a518c9c1b9d96ffd2b4be4e579e577523d
419,243587,20,RANDMIX_PRE,2,MASTER_RNG,1044,1008,42779870146,640,432,64,b297f4dd518bcc0d12da5c066aef4dbf0598c25724f2871ad409b8abe46d3d52
420,244279,21,RANDMIX_POST,2,MASTER_RNG,1044,1008,42779871693,640,432,64,784338963f3f5d666fd86443858afcc79cea997161e5a8f4c8c98d64b6b50803
421,244971,20,RANDMIX_PRE,2,MASTER_RNG,1044,1008,42779871727,640,448,64,a6b38c9b5f820f3b79da2fad2e9538e8f367dc6fa8b14087777fba944eab102f
422,245663,21,RANDMIX_POST,2,MASTER_RNG,1044,1008,42779873847,640,448,64,f6b0626f57fe01111ba8bddbac57c5e3ff125532ac4cb1e7d90bf5620fbecb61
423,246355,20,RANDMIX_PRE,2,MASTER_RNG,1044,1008,42779873971,640,464,64,cf6514d2b9bf75d463efe954636076b9a8d6c94f095910b68ef0bd777cc695c8
424,247047,21,RANDMIX_POST,2,MASTER_RNG,1044,1008,42779875861,640,464,64,0a2e9a64f915b0a17970dbea5f49a2ffb7af92a1dd9caf83b1f05c7c6d03fe2f
425,247739,20,RANDMIX_PRE,2,MASTER_RNG,1044,1008,42779875904,640,480,64,73d6c77dd3586c1d6da57cbe1898ba1edbf2e933f5d27a37f4badf0db7d5b4c5
426,248431,21,RANDMIX_POST,2,MASTER_RNG,1044,1008,42779877557,640,480,64,e8b813467b27d63f23dd8ceffc68d0d287bc3700eb83e8fd5bbd162afe091ef2
427,249123,20,RANDMIX_PRE,2,MASTER_RNG,1044,1008,42779877593,640,496,64,05938ed871b70f4c61362e332ebf0616aa2cc2ed7fc23d31950a10951a36ab9d
428,249815,21,RANDMIX_POST,2,MASTER_RNG,1044,1008,42779879162,640,496,64,4a54ecb19b28cf0099615d5d8450108d9c7254a5bc31be83bcce662012ff6d9e
429,250507,20,RANDMIX_PRE,2,MASTER_RNG,1044,1008,42779879268,640,512,64,c10a56752eb834b293bced71939242897e22bdcb9038ddd9a3e663ed63d3d6f0
430,251199,21,RANDMIX_POST,2,MASTER_RNG,1044,1008,42779880761,640,512,64,8af1ceee6e8ef27692229b135db54953ceaef3d788152d09eaca2aa4166b836f
431,251891,20,RANDMIX_PRE,2,MASTER_RNG,1044,1008,42779880794,640,528,64,11523636dfda4fd8dcc3a41ae5d2419dddf7f606e88985d20ce4dd3877eb2484
432,252583,21,RANDMIX_POST,2,MASTER_RNG,1044,1008,42779882335,640,528,64,194d349c345af1bb2c40b83bcf22a1a0e9e72cdb6f9158ba33171a9ecceb675f
433,253275,20,RANDMIX_PRE,2,MASTER_RNG,1044,1008,42779882372,640,544,64,91789052c9e5f1a60412c0d75b5f7ce3f8f99dc3375357566b3d65461a82a79c
434,253967,21,RANDMIX_POST,2,MASTER_RNG,1044,1008,42779883924,640,544,64,e4cf94180794e17335ad6335232d3db1221f77caf669a8dca33923ec95456091
435,254659,20,RANDMIX_PRE,2,MASTER_RNG,1044,1008,42779883960,640,560,64,c80e9e0e9c8ddd978964273aab8f2b84c0c348fa6d30aaa8a74ec51a6775a683
436,255351,21,RANDMIX_POST,2,MASTER_RNG,1044,1008,42779885564,640,560,64,a14be97fc8bdefbbcace22e0d190bb065b05ff0d7b8f4fad161c92b506dd4f73
437,256043,20,RANDMIX_PRE,2,MASTER_RNG,1044,1008,42779885599,640,576,64,0099a490f0b1d43abf15cabefd5315f7b5d5093cf83d905c981ae5c844f1dec9
438,256735,21,RANDMIX_POST,2,MASTER_RNG,1044,1008,42779887089,640,576,64,fe3d6dfa378cf2e433e925bb55e6311eb54cbdda8ab11cb6be39a62ea0a1300c
439,257427,20,RANDMIX_PRE,2,MASTER_RNG,1044,1008,42779887121,640,592,64,6fa4c377a8309341006189c305e7d8cfb6f8c9f9a116dca8ee033830fe733f22
440,258119,21,RANDMIX_POST,2,MASTER_RNG,1044,1008,42779888668,640,592,64,494d0fbc6af3fad66ba3b432d26f72b0cf45cd54896ac87e541f77056289a8b0
441,258811,20,RANDMIX_PRE,2,MASTER_RNG,1044,1008,42779888705,640,608,64,f1010994ccb324001d9b9ea3519976932f8a8da4d8ba5998323913ec3108636e
442,259503,21,RANDMIX_POST,2,MASTER_RNG,1044,1008,42779890242,640,608,64,9082f61ca912e8a205b3eface467db1cbe47d718343a0d986cbc1aaa44cd2d8d
443,260195,20,RANDMIX_PRE,2,MASTER_RNG,1044,1008,42779890277,640,624,64,7c7fa9cd9f4fca6cf2ae13e843d3e1f3b0658a2941acad69545b5eea4cae8eec
444,260887,21,RANDMIX_POST,2,MASTER_RNG,1044,1008,42779891765,640,624,64,6a654ef15c18a5128831d074900d05ac05f75ac2d77a45f569296756b9fa6560
445,261579,20,RANDMIX_PRE,2,MASTER_RNG,1044,1008,42779891798,640,0,64,97c3682e73d9aec03f40f19465c193fb9603e8d05f33455413044c6877338082
446,262271,21,RANDMIX_POST,2,MASTER_RNG,1044,1008,42779893450,640,0,64,7a6a8f2e6eefcf35929e3699d18b00909b261905e8dd9ef681002e1c042c796e
447,262963,20,RANDMIX_PRE,2,MASTER_RNG,1044,1008,42779893488,640,16,64,89cdc85667cc2a28ea633d3b9203527b0b8572a897ff643ec8861b61a41fe78e
448,263655,21,RANDMIX_POST,2,MASTER_RNG,1044,1008,42779894990,640,16,64,4395694cbc80e788b4b3853d4ae0be7832670513f45b8f6af9c9b9527241ee66
449,264347,20,RANDMIX_PRE,2,MASTER_RNG,1044,1008,42779895022,640,32,64,e860428175b74f365327d87bb2d8c4cfd2dcbabbb56e9a7141ffdd183cd54ea0
450,265039,21,RANDMIX_POST,2,MASTER_RNG,1044,1008,42779896608,640,32,64,baf631265cb471090a0e7800fbf7b18291b9c3b5188473d6644d70563948902a
451,265731,20,RANDMIX_PRE,2,MASTER_RNG,1044,1008,42779896643,640,48,64,55230bf2f1d409589e55d7b787f73c16a6effb63cfe8ba0b8ada0358f51524c7
452,266423,21,RANDMIX_POST,2,MASTER_RNG,1044,1008,42779898144,640,48,64,af9df469faf135447eacac34bc60a91a5c5b8e5fbffebd5d8e77d3e41d62d5d2
453,267115,45,CGR_FAST_POOL_POST,2,MASTER_RNG,1044,1008,42779898179,640,56,64,8d7c803009025ec53b1049d91d40de84b258b4617670cdc0345ac2236422f1c4
454,267807,20,RANDMIX_PRE,2,MASTER_RNG,1044,1008,42779898210,640,56,64,8d7c803009025ec53b1049d91d40de84b258b4617670cdc0345ac2236422f1c4
455,268499,21,RANDMIX_POST,2,MASTER_RNG,1044,1008,42779899652,640,56,64,75d884b92e832a2b40ca9366dbf3cd0437037167cf76a946c8e86eeac62f76d2
456,269191,34,RANDGET_OUT,2,MASTER_RNG,1044,1008,42779899745,64,496,128,71a267f90fa894271ef487e2ad2e76bec9a0de5e6f5423cdc5cd7ef020dce20e
457,269307,35,RANDGET_POOL_POST,2,MASTER_RNG,1044,1008,42779899785,640,496,128,75d884b92e832a2b40ca9366dbf3cd0437037167cf76a946c8e86eeac62f76d2
458,269999,10,RANDADD_INT32,2,MASTER_RNG,1044,1200,42779899991,4,496,128,df3f619804a92fdb4057192dc43dd748ea778adc52bc498ce80524c014b81119
459,270055,20,RANDMIX_PRE,2,MASTER_RNG,1044,1200,42779900027,640,496,128,75d884b92e832a2b40ca9366dbf3cd0437037167cf76a946c8e86eeac62f76d2
460,270747,21,RANDMIX_POST,2,MASTER_RNG,1044,1200,42779901712,640,496,128,24e64078bf14bb9401f7dff707b9aa57948c178788c1029dae3a82f553277352
461,271439,10,RANDADD_INT32,2,MASTER_RNG,1044,1200,42779901749,4,500,128,df3f619804a92fdb4057192dc43dd748ea778adc52bc498ce80524c014b81119
462,271495,10,RANDADD_INT32,2,MASTER_RNG,1044,1200,42779901788,4,504,128,df3f619804a92fdb4057192dc43dd748ea778adc52bc498ce80524c014b81119
463,271551,10,RANDADD_INT32,2,MASTER_RNG,1044,1200,42779901824,4,508,128,df3f619804a92fdb4057192dc43dd748ea778adc52bc498ce80524c014b81119
464,271607,10,RANDADD_INT32,2,MASTER_RNG,1044,1200,42779901857,4,512,128,ad95131bc0b799c0b1af477fb14fcf26a6a9f76079e48bf090acb7e8367bfd0e
465,271663,20,RANDMIX_PRE,2,MASTER_RNG,1044,1200,42779901887,640,512,128,a154862d654218a8829a6dae5b3baf693ee2146b1e6cbafb7167b1b4222839ca
466,272355,21,RANDMIX_POST,2,MASTER_RNG,1044,1200,42779903471,640,512,128,6bf7d7590ac2f537ebb6542a97d4273fb62ea0c08e29eee7191be3c9433f5771
467,273047,10,RANDADD_INT32,2,MASTER_RNG,1044,1200,42779903505,4,516,128,79b8326811c8aed22ebded58c3707f8c4a8bb778d565a89777a2739f2573644d
468,273103,10,RANDADD_INT32,2,MASTER_RNG,1044,1200,42779903537,4,520,128,b4248c210a2905b94345e1a8414d0e12efcfb2f4f0f2397159a71283397a0ccd
469,273159,10,RANDADD_INT32,2,MASTER_RNG,1044,1200,42779903567,4,524,128,95289b2dda0e64fd15afd08d382f6af6a1cf08d74d1dc4e3b607d8ca89f23760
470,273215,10,RANDADD_INT32,2,MASTER_RNG,1044,1200,42779903598,4,528,128,089b7902d563316df6b5bd7bd13237f6735e4e29836eb06b2dc01efe9454e477
471,273271,20,RANDMIX_PRE,2,MASTER_RNG,1044,1200,42779903629,640,528,128,30162916d8393ee7304f7a74a55e8c1f447b79ef08b7fbfb88b0a6b64d04261d
472,273963,21,RANDMIX_POST,2,MASTER_RNG,1044,1200,42779905072,640,528,128,fe3c8b574f7ab37d4105792a9769efe7e7eb39c8645a8b7f4210b2d3b29650c8
473,274655,10,RANDADD_INT32,2,MASTER_RNG,1044,1200,42779905160,4,532,128,8c97241db12240ee5c4adbe164bb2354fe4ab04d7e80acb32ff212f98740ebca
474,274711,10,RANDADD_INT32,2,MASTER_RNG,1044,1200,42779905197,4,536,128,df3f619804a92fdb4057192dc43dd748ea778adc52bc498ce80524c014b81119
475,274767,10,RANDADD_INT32,2,MASTER_RNG,1044,1200,42779905242,4,540,128,df3f619804a92fdb4057192dc43dd748ea778adc52bc498ce80524c014b81119
476,274823,10,RANDADD_INT32,2,MASTER_RNG,1044,1200,42779905277,4,544,128,df3f619804a92fdb4057192dc43dd748ea778adc52bc498ce80524c014b81119
477,274879,20,RANDMIX_PRE,2,MASTER_RNG,1044,1200,42779905308,640,544,128,d671043f3ce6614c908d2347b13cce18eec80ed29507199bbf2d99610e9c49fd
478,275571,21,RANDMIX_POST,2,MASTER_RNG,1044,1200,42779906903,640,544,128,cbee0cd94e2923fea1de274b4893053998ae00add56d1b6c095d2fd2e6c5b43b
479,276263,10,RANDADD_INT32,2,MASTER_RNG,1044,1200,42779906946,4,548,128,df3f619804a92fdb4057192dc43dd748ea778adc52bc498ce80524c014b81119
480,276319,10,RANDADD_INT32,2,MASTER_RNG,1044,1200,42779909006,4,552,128,df3f619804a92fdb4057192dc43dd748ea778adc52bc498ce80524c014b81119
481,276375,10,RANDADD_INT32,2,MASTER_RNG,1044,1200,42779909138,4,556,128,a86b005caf09ceef631f5eefb89df997207c5717b1ae71b5abb00a3ef9c110d4
482,276431,10,RANDADD_INT32,2,MASTER_RNG,1044,1200,42779909220,4,560,128,be8522bb06d1a90776076a1875a2de496fc4c5d4d56179130a4ed711f44fbfe8
483,276487,20,RANDMIX_PRE,2,MASTER_RNG,1044,1200,42779909271,640,560,128,ebe46073f7dfbb8d8d2e01d518703e9b4eeb0c1258e53e49fe03c466d80fffa8
484,277179,21,RANDMIX_POST,2,MASTER_RNG,1044,1200,42779911487,640,560,128,9522a81ffe4b1e03d3bbbbb3aea87937cec9bb62678e4702dd74381be76d1606
485,277871,10,RANDADD_INT32,2,MASTER_RNG,1044,1200,42779911541,4,564,128,df3f619804a92fdb4057192dc43dd748ea778adc52bc498ce80524c014b81119
486,277927,11,RANDADD_BUF,2,MASTER_RNG,1044,1200,42779911583,8,568,128,af5570f5a1810b7af78caf4bc70a660f0df51e42baf91d4de5b2328de0e83dfc
487,277987,11,RANDADD_BUF,2,MASTER_RNG,1044,1200,42779911624,8,576,128,b4eff3c79cd86a9d2e139edfed26cbbfe79f38d600a5d0edee0a5ea783a1ff39
488,278047,20,RANDMIX_PRE,2,MASTER_RNG,1044,1200,42779911660,640,576,128,75cd74c0fe9835ea47e5bcadbdd0207b9b9a84687d896b2678e25ff0f24915fb
489,278739,21,RANDMIX_POST,2,MASTER_RNG,1044,1200,42779913248,640,576,128,5449c285fe1bad2cef102e5b5f4f96ccf610ceff8409d9bdc638d5aca7066839
490,279431,11,RANDADD_BUF,2,MASTER_RNG,1044,1200,42779913308,32,584,128,3c414f24dc499eb9eea1c567cbb3295e3def01c29149f273e973a6af0d5f23a1
491,279515,20,RANDMIX_PRE,2,MASTER_RNG,1044,1200,42779913358,640,592,128,7340733f9a33a80abf56ea0347234288e7f3a6beff6be587fc23ece6c12ed4c6
492,280207,21,RANDMIX_POST,2,MASTER_RNG,1044,1200,42779915032,640,592,128,e5f5fcb74e0212d23615678e65229fd52debbf7ca30db7fa622363b55f18c02f
493,280899,20,RANDMIX_PRE,2,MASTER_RNG,1044,1200,42779915070,640,608,128,214add80fc086d6e96afcecf545b06fe3ebb1e2b4cb21fc652f798a3143a0c49
494,281591,21,RANDMIX_POST,2,MASTER_RNG,1044,1200,42779916754,640,608,128,b68f5082277b0d3a5e836b1eb5c08f65bb0d64a78baca7dea644ac8e8da75d8b
495,282283,11,RANDADD_BUF,2,MASTER_RNG,1044,1200,42779916794,8,616,128,916cdb35ee0598b08deda6d4dc3253aaf2d57bf3d02d163e4e7015acd3e58427
496,282343,11,RANDADD_BUF,2,MASTER_RNG,1044,1200,42779916826,8,624,128,af5570f5a1810b7af78caf4bc70a660f0df51e42baf91d4de5b2328de0e83dfc
497,282403,20,RANDMIX_PRE,2,MASTER_RNG,1044,1200,42779916858,640,624,128,81372d829fc644d10fe665504a8337671f4ba2ae4245a23dc82b2bb3263939c6
498,283095,21,RANDMIX_POST,2,MASTER_RNG,1044,1200,42779918535,640,624,128,f1ed8539c00aa06527e0157271a79e3c9aad6c9bf0e598bac49ce3bbcf61f64c
499,283787,11,RANDADD_BUF,2,MASTER_RNG,1044,1200,42779918572,8,632,128,af5570f5a1810b7af78caf4bc70a660f0df51e42baf91d4de5b2328de0e83dfc
500,283847,11,RANDADD_BUF,2,MASTER_RNG,1044,1200,42779918604,8,640,128,0b62244714fea742b4ccea341203e41024aa686e2d87c1c3d8a5f4ea10c77be7
501,283907,20,RANDMIX_PRE,2,MASTER_RNG,1044,1200,42779918635,640,0,128,fd3c71bb89e2046cd6c7a100b3e988e01ff72151761eb354fbe03f819b5a9e7e
502,284599,21,RANDMIX_POST,2,MASTER_RNG,1044,1200,42779920121,640,0,128,b4495dc41eb865f9057d87e234665bfaf77712b30a6b4fcef66b63093b245b8c
503,285291,11,RANDADD_BUF,2,MASTER_RNG,1044,1200,42779920157,8,8,128,e5921f03ab051610da16bcada8083b0712aa3f3c843555476603b4676537dcfd
504,285351,11,RANDADD_BUF,2,MASTER_RNG,1044,1200,42779920189,8,16,128,af5570f5a1810b7af78caf4bc70a660f0df51e42baf91d4de5b2328de0e83dfc
505,285411,20,RANDMIX_PRE,2,MASTER_RNG,1044,1200,42779920221,640,16,128,42c92c21223b77523fb5b0f4648d64c5b2a22db982f627baa420550f868b394e
506,286103,21,RANDMIX_POST,2,MASTER_RNG,1044,1200,42779921784,640,16,128,57cd6625d02974a7e264d29a44aa486200bc4a109748b38d116b9832f78f362a
507,286795,11,RANDADD_BUF,2,MASTER_RNG,1044,1200,42779921876,8,24,128,1bdd9cd0d87db6d3e02fb1bafb0615f6e970e3acdac0a006b4029d805127b2b4
508,286855,11,RANDADD_BUF,2,MASTER_RNG,1044,1200,42779921911,8,32,128,0bd941ef6eac5722526b3cc4ee21f9cb9db3e8f881680c14ff059424d28a5ce8
509,286915,20,RANDMIX_PRE,2,MASTER_RNG,1044,1200,42779921943,640,32,128,7540f2b01563491524ee5d415fb32956ff6e55f74f4c5c6b1a9939027b217942
510,287607,21,RANDMIX_POST,2,MASTER_RNG,1044,1200,42779923432,640,32,128,22b3475df20a2a71790922d6b5dd8e61d8010d43844ec8bc6cdc76af313f3755
511,288299,10,RANDADD_INT32,2,MASTER_RNG,1044,1200,42779923467,4,40,128,43a6baf508b80e227e1e653a2670fc7393b0e54bbae2dc41d8b098a33e80e924
512,288355,10,RANDADD_INT32,2,MASTER_RNG,1044,1200,42779923499,4,44,128,44c73cc42705f2c58be8fb0d02514d6b28886a24a01f273f36764f3f60548514
513,288411,11,RANDADD_BUF,2,MASTER_RNG,1044,1200,42779923561,8,48,128,fe5e2a5bb516f01720436b09cef91e9bb6acee118edada3bcc555dae45a7d000
514,288471,20,RANDMIX_PRE,2,MASTER_RNG,1044,1200,42779923593,640,48,128,8eba7f1fd6c88ab01fa0534132aef1d8b28c5a546f66a3faa161b88dcafc2851
515,289163,21,RANDMIX_POST,2,MASTER_RNG,1044,1200,42779925146,640,48,128,c8397aae5902a458a82b796d3c3530de46b6917c957959e2bdaafe241c967b7c
516,289855,43,CGR_FAST_OUT,2,MASTER_RNG,1044,1200,42779925281,640,56,128,aac85d46834feb01166e717d149896d531dbd4d99acc93a0f83dc90e4a28b4a5
517,290547,44,CGR_FAST_POOL_PRE,2,MASTER_RNG,1044,1200,42779925313,640,56,128,b5bd38b9986293f4b3dbf977904b896781faf9228fd08b4693ade9c15f3c3069
518,291239,11,RANDADD_BUF,2,MASTER_RNG,1044,1200,42779925401,640,56,128,aac85d46834feb01166e717d149896d531dbd4d99acc93a0f83dc90e4a28b4a5
519,291931,20,RANDMIX_PRE,2,MASTER_RNG,1044,1200,42779925435,640,64,128,f08b1ca162000c10330a44da81a3869665ccbd30c9155683abcf1ddbcdc6feb5
520,292623,21,RANDMIX_POST,2,MASTER_RNG,1044,1200,42779926879,640,64,128,59c67d8cfa34b84abe86e283fe72f70b3d0a1daaf37939e65d7af253238f1c86
521,293315,20,RANDMIX_PRE,2,MASTER_RNG,1044,1200,42779926911,640,80,128,2e0ddb09e7ed25ce9ca7b0cbd2b5a851e10ce00eeaed1c91bf834cb04e32cde0
522,294007,21,RANDMIX_POST,2,MASTER_RNG,1044,1200,42779928425,640,80,128,0d1ab928a9ee02a45bdd2594c8b494158d0ae0e3d790e41445a050dbafe88439
523,294699,20,RANDMIX_PRE,2,MASTER_RNG,1044,1200,42779928461,640,96,128,8714fb6bdf3968356048faf3a931953552b65c1a9b7a9734887ad504121496e3
524,295391,21,RANDMIX_POST,2,MASTER_RNG,1044,1200,42779929983,640,96,128,953556abfbd6abf4cbf2152778f8757f2e5f514585c875840fb018c9f27b00e3
525,296083,20,RANDMIX_PRE,2,MASTER_RNG,1044,1200,42779930018,640,112,128,92bac3b6c21b7d3baca16af7d10f67b77364feb914752e72a2889f4a06bba893
526,296775,21,RANDMIX_POST,2,MASTER_RNG,1044,1200,42779931461,640,112,128,26651368f509ad23a5d7e05b85b7eda0e926fc823d3e538beb7672e097acc2f3
527,297467,20,RANDMIX_PRE,2,MASTER_RNG,1044,1200,42779931493,640,128,128,cecf6651ed54d5ec33e9da4b2ed2ab2e8fad18ef8d16955889a4c8face32a2f3
528,298159,21,RANDMIX_POST,2,MASTER_RNG,1044,1200,42779933178,640,128,128,029a170a2fbb6c5fe2485787332c3feb723caf98d46270a7ac4541a4c034bb36
529,298851,20,RANDMIX_PRE,2,MASTER_RNG,1044,1200,42779933213,640,144,128,bb22c42ae4343b8bf6e707b2e432d603e94eb45b89284ae06bcd0c97ec2bf73e
530,299543,21,RANDMIX_POST,2,MASTER_RNG,1044,1200,42779934893,640,144,128,f23b94c476412ba5e7a634405979fbf310548842a117efff16de2763965ccac6
531,300235,20,RANDMIX_PRE,2,MASTER_RNG,1044,1200,42779934928,640,160,128,a6aa9a388c1ed747fdd64bab0e65f7d4c4109a7c26fc911e983165dc22125151
532,300927,21,RANDMIX_POST,2,MASTER_RNG,1044,1200,42779936507,640,160,128,38b0b5f3462b0e2f2e6bcdd3dbce255ffda1bdfa7fbce57fd3aa47271ff2db9e
533,301619,20,RANDMIX_PRE,2,MASTER_RNG,1044,1200,42779936542,640,176,128,667973a68ef53eec0e422c8746355ceeb6654c6fdf4a71ca5e2ddf7c0c5f5cb9
534,302311,21,RANDMIX_POST,2,MASTER_RNG,1044,1200,42779937982,640,176,128,3c8dcc8242fcc4f40933a5b26d5e3a1e2d059a67faa7e716cdb533a4c52b3619
535,303003,20,RANDMIX_PRE,2,MASTER_RNG,1044,1200,42779938013,640,192,128,0a602427abc2cdc897a167370c4ef2c250d8ad1d1dbc4e66c391bb3d767125be
536,303695,21,RANDMIX_POST,2,MASTER_RNG,1044,1200,42779939639,640,192,128,5498db73e7885db5406e674eb1119ba85267bc357917a103d44281903c4cea76
537,304387,20,RANDMIX_PRE,2,MASTER_RNG,1044,1200,42779939673,640,208,128,3055d02d4163759bc570be37aac347d087ced4a6595e4d31f4bfe8e3565399bc
538,305079,21,RANDMIX_POST,2,MASTER_RNG,1044,1200,42779941114,640,208,128,bd3f071fdf15c7c5eecb208e8ba1e22f7168072071db4e42923079a84e0580e2
539,305771,20,RANDMIX_PRE,2,MASTER_RNG,1044,1200,42779941145,640,224,128,534590e9cdeebc58a8d8313b15ee1da1dde912f3259f6301cb6ff8449a014870
540,306463,21,RANDMIX_POST,2,MASTER_RNG,1044,1200,42779942997,640,224,128,07a4a5d5f2a83de2f57814a8c0097492ca0e7b4712e3416e7835056d1cbd9418
541,307155,20,RANDMIX_PRE,2,MASTER_RNG,1044,1200,42779943034,640,240,128,7b65d62e93860c89411a8c440321bab562054128081eb1b6af21d73229bf72ad
542,307847,21,RANDMIX_POST,2,MASTER_RNG,1044,1200,42779944529,640,240,128,69515a9d04d9a9d456c3947af1f548a68ab9a9daa10d0031966d588b5c2b0a46
543,308539,20,RANDMIX_PRE,2,MASTER_RNG,1044,1200,42779944564,640,256,128,1b239eccddd9f318ec1102390d15994436f0a08d5224571b333e84597cccca1d
544,309231,21,RANDMIX_POST,2,MASTER_RNG,1044,1200,42779946171,640,256,128,a278299d123d03d2b1c8e12c1f89bd9831cb80c9f6b57349c1cd9a61bf52f30c
545,309923,20,RANDMIX_PRE,2,MASTER_RNG,1044,1200,42779946206,640,272,128,46448d4f642181598de52c6f744985e76bb07912fa897c5f1499dd637e8b6f60
546,310615,21,RANDMIX_POST,2,MASTER_RNG,1044,1200,42779947785,640,272,128,df7f13bc871a0b6fc5771cdf70a4817f1b154bffb852abd0f79147cd826002a9
547,311307,20,RANDMIX_PRE,2,MASTER_RNG,1044,1200,42779947869,640,288,128,0ccc3e344a91d5f19bf9579a814169ffdbbb4a5ed74799ecc819300027e1e748
548,311999,21,RANDMIX_POST,2,MASTER_RNG,1044,1200,42779949314,640,288,128,f2a957a96f72fffbf6b9ccbb8b495770783fef2385ca7990b6d2f2c5d600aefa
549,312691,20,RANDMIX_PRE,2,MASTER_RNG,1044,1200,42779949346,640,304,128,15f890cc0b2ca7d8a2a40cd66fcf0ec4247a22462a2e3e06e41648b259854746
550,313383,21,RANDMIX_POST,2,MASTER_RNG,1044,1200,42779950906,640,304,128,23eb7328f50f064425cf97f0070fde83c199b58471c9901c5ff33e5ed980817a
551,314075,20,RANDMIX_PRE,2,MASTER_RNG,1044,1200,42779950972,640,320,128,c1a6ef03a947a8a9c41ae32b316395297e622fb92d1beeb21f44acd74f710b3f
552,314767,21,RANDMIX_POST,2,MASTER_RNG,1044,1200,42779952415,640,320,128,c89c5cffd49d62f8969de511d31d5a662901e376a56c0a582b89aa7b6535408e
553,315459,20,RANDMIX_PRE,2,MASTER_RNG,1044,1200,42779952497,640,336,128,06964b68254c05eb1219bdbd79ab30226863bde819b3bb2668fe74b17a06a414
554,316151,21,RANDMIX_POST,2,MASTER_RNG,1044,1200,42779954054,640,336,128,6a1ea18163e44353e5c66bfbb4092431cb60a46a99db6e182e2c47eedfb1de13
555,316843,20,RANDMIX_PRE,2,MASTER_RNG,1044,1200,42779954089,640,352,128,56b9a6ddaa42b2a41238d030d0dea809ddaa575017de96d4877626629386133c
556,317535,21,RANDMIX_POST,2,MASTER_RNG,1044,1200,42779955603,640,352,128,36abe277cf062d42bfa56cb8479e2116ed4bd109bb2cd495da2684d8954002d7
557,318227,20,RANDMIX_PRE,2,MASTER_RNG,1044,1200,42779955635,640,368,128,c6921be2254dd351b3ba52f954433bb03ff8dfdbb45b5b7aded8560bb0530612
558,318919,21,RANDMIX_POST,2,MASTER_RNG,1044,1200,42779957233,640,368,128,4c2193f6ffd20bc5431f55eb69043e481c3852495a657a6ed25cdfad25f355b7
559,319611,20,RANDMIX_PRE,2,MASTER_RNG,1044,1200,42779957316,640,384,128,e68959d064e008b2238db62284cf24c45e766a2de519653ae1db749723c89ed6
560,320303,21,RANDMIX_POST,2,MASTER_RNG,1044,1200,42779958760,640,384,128,31ce8571ea6a7a7b7fa1f4c90f4172226db4b4015d80996bba5e9f9db392bbf5
561,320995,20,RANDMIX_PRE,2,MASTER_RNG,1044,1200,42779958793,640,400,128,7acaef0fd98803e1c10e86df81e586a12b1c120db72024b345f62fdc1019015c
562,321687,21,RANDMIX_POST,2,MASTER_RNG,1044,1200,42779960332,640,400,128,390c0564203593e7718fef22911f49200b0b8d7769552c88300ebcbb0f73bcbd
563,322379,20,RANDMIX_PRE,2,MASTER_RNG,1044,1200,42779960365,640,416,128,077fcca222d4a31161a27d601a93ef011961b53191631e0e2a370b32b21423ac
564,323071,21,RANDMIX_POST,2,MASTER_RNG,1044,1200,42779961915,640,416,128,31c39a6231f1ff8ddd63c606e121683d14cd4145845a97a16461e998aaef9dc1
565,323763,20,RANDMIX_PRE,2,MASTER_RNG,1044,1200,42779962001,640,432,128,2858c956298ef979d8f2f868a80143b24f0b8474ad3cc7d95a5580f1e6e046db
566,324455,21,RANDMIX_POST,2,MASTER_RNG,1044,1200,42779963447,640,432,128,3358c547e5dfae50643f87677002faf7819a0c2514e7fa425d9dbda5303db22c
567,325147,20,RANDMIX_PRE,2,MASTER_RNG,1044,1200,42779963479,640,448,128,88a222403ce6cd5fa55a2513a2267d7afe170d671caaaf9f5e56a762f821d480
568,325839,21,RANDMIX_POST,2,MASTER_RNG,1044,1200,42779966372,640,448,128,b279846cd9d39a3bbc785fb06074104379ae7aaf5c45b19b196ce9e61482c265
569,326531,20,RANDMIX_PRE,2,MASTER_RNG,1044,1200,42779966725,640,464,128,6f040fe2e1e2dce78b71c182971ec35fcf02f7809a8793bbf9684ba22cd696d1
570,327223,21,RANDMIX_POST,2,MASTER_RNG,1044,1200,42779968498,640,464,128,ca4f2f6db3503142083b586115cf3fb3c43d2d6a580ea00f3a3c50e5f2ed1abb
571,327915,20,RANDMIX_PRE,2,MASTER_RNG,1044,1200,42779968646,640,480,128,d0d7ecf977efa07fa721ec5ab3229f914587424e3996c446979901c0a638d805
572,328607,21,RANDMIX_POST,2,MASTER_RNG,1044,1200,42779970343,640,480,128,75f5d575b658000da2b050bdf82388c950de6652e77786e057e964b1b7cc7c97
573,329299,20,RANDMIX_PRE,2,MASTER_RNG,1044,1200,42779970375,640,496,128,e0d8aa2b18263fdc8cd5796ff6258fd5aaf7df009e499c3938306e7936cec188
574,329991,21,RANDMIX_POST,2,MASTER_RNG,1044,1200,42779971934,640,496,128,1ff7b09f41be4785e7e437c50940cd0ac6e1ef87ed11fa32bf7e681dc1a023bf
575,330683,20,RANDMIX_PRE,2,MASTER_RNG,1044,1200,42779971968,640,512,128,0b196cc0ee77ec498ed4735bcc17d7db9b66488b3c0f6a0e83c1db130d94736d
576,331375,21,RANDMIX_POST,2,MASTER_RNG,1044,1200,42779973590,640,512,128,d8fd943e8965ca8cbeaf3d9892926a2e2ee67700423c15f313680e9fed5dc19c
577,332067,20,RANDMIX_PRE,2,MASTER_RNG,1044,1200,42779973690,640,528,128,e651e5f6cdb746a71a7247f09ea891f1d85901369535990b9a8d5e5d8b1e32a6
578,332759,21,RANDMIX_POST,2,MASTER_RNG,1044,1200,42779975361,640,528,128,6cbbbebf1df48ad26dfefe0f9d568ffa9774565dbd18b852bb6551c1679933f0
579,333451,20,RANDMIX_PRE,2,MASTER_RNG,1044,1200,42779975396,640,544,128,021818f2338a813f6b30a5fdecf01c01474fd2dc5bda0836abf174068eccaf3a
580,334143,21,RANDMIX_POST,2,MASTER_RNG,1044,1200,42779976839,640,544,128,a5397ae91ab4b79cd33ca042c8b3271ae92491e2562b58fee2b75f640bbe42e8
581,334835,20,RANDMIX_PRE,2,MASTER_RNG,1044,1200,42779976869,640,560,128,805a7f2315bdd2b9bc40be36222a5319917c92e5c164f14ff6e0abdf5d73eb3e
582,335527,21,RANDMIX_POST,2,MASTER_RNG,1044,1200,42779978828,640,560,128,076270b0f9ac2bd70369e7ecf529215083dad0c93dcf6f8550bade0550ba44cd
583,336219,20,RANDMIX_PRE,2,MASTER_RNG,1044,1200,42779978926,640,576,128,160e0cbe44679a976aa372e028724fb50451ab3d4279e7731e9d8104eb1f9aec
584,336911,21,RANDMIX_POST,2,MASTER_RNG,1044,1200,42779980506,640,576,128,f0a36927b6933e0d55e2beba883874e1264223680ce2e1983a7c7c367678aea0
585,337603,20,RANDMIX_PRE,2,MASTER_RNG,1044,1200,42779980541,640,592,128,6f5ad2e16746d5b79cc46d931f5e6e1368bc777c5cdbe716c7da60a3b54b84f0
586,338295,21,RANDMIX_POST,2,MASTER_RNG,1044,1200,42779981983,640,592,128,74a1122d08a63acfbe7f0034f0417d6b04e6d573a4ef0a4368c1c72a128ea64c
587,338987,20,RANDMIX_PRE,2,MASTER_RNG,1044,1200,42779982036,640,608,128,e4b8f4cf6e9480a2173930688e3cbb5b7cd8b58a657ac7c15b1cb9233929c111
588,339679,21,RANDMIX_POST,2,MASTER_RNG,1044,1200,42779983569,640,608,128,3c5cba51a8777cbeb5a76af72256d591f38f81d6fbe771899cf911f00c8cb273
589,340371,20,RANDMIX_PRE,2,MASTER_RNG,1044,1200,42779983658,640,624,128,2eecf064b58aed89ec00301992adf7a7976058aa0d60fbff942258635512f982
590,341063,21,RANDMIX_POST,2,MASTER_RNG,1044,1200,42779985270,640,624,128,5f8620331ab8a90480bafbcfe81f803b9667e1bcc7a3b4e97c840cc4415b4fa0
591,341755,20,RANDMIX_PRE,2,MASTER_RNG,1044,1200,42779985306,640,0,128,7340cb650ca060d9dc57298c5dd3e71ce7b244b0a14922e7bc28151e47c1b567
592,342447,21,RANDMIX_POST,2,MASTER_RNG,1044,1200,42779986862,640,0,128,edd0ef3fabdb1a96e989937d719a485c20334beace884c3673c49938456dd6ed
593,343139,20,RANDMIX_PRE,2,MASTER_RNG,1044,1200,42779986898,640,16,128,a5889bdd362851addf9bdcc77f821e753c71dff82f527d840dc2dce37550cf63
594,343831,21,RANDMIX_POST,2,MASTER_RNG,1044,1200,42779988341,640,16,128,7df904a550fdfdd6e44e1265f8fc2fb9e66b9457c6b4e422983998beb3beb7d4
595,344523,20,RANDMIX_PRE,2,MASTER_RNG,1044,1200,42779988440,640,32,128,9523e49f439103c7c6d4a1764d9b4c8d93afb6c3cfd06e4df05ad610632ad64e
596,345215,21,RANDMIX_POST,2,MASTER_RNG,1044,1200,42779990005,640,32,128,42d982fcdc036a9c4ce7b54caf6fe316fe54f82769db9b1cace085de812411b8
597,345907,20,RANDMIX_PRE,2,MASTER_RNG,1044,1200,42779990039,640,48,128,f0eac79b87398ad5d4891e0f4640cddc6f0fe34fefe401e297b9860e99bcbf6b
598,346599,21,RANDMIX_POST,2,MASTER_RNG,1044,1200,42779991483,640,48,128,1a3c7facd37845266476e3ef29287070f4b8fd867c59435146a5c1e9d572444c
599,347291,45,CGR_FAST_POOL_POST,2,MASTER_RNG,1044,1200,42779991514,640,56,128,3a0716c013f35a113cca872b3d83bd48bfa0f068ab0dc43a8df6a335ea01963a
600,347983,20,RANDMIX_PRE,2,MASTER_RNG,1044,1200,42779991544,640,56,128,3a0716c013f35a113cca872b3d83bd48bfa0f068ab0dc43a8df6a335ea01963a
601,348675,21,RANDMIX_POST,2,MASTER_RNG,1044,1200,42779993066,640,56,128,58a0a4e6a7fdb10374db4a9dce7551e503f45d24c53e3d9d36925937dd19a449
602,349367,52,MASTER_RNG_OUT,2,MASTER_RNG,1044,1008,42779993116,64,64,32,71a267f90fa894271ef487e2ad2e76bec9a0de5e6f5423cdc5cd7ef020dce20e
603,349483,53,MASTER_KEYDATA,2,MASTER_RNG,1044,1008,42779993148,256,64,32,e6c53774f4d06efe2134e1971501049be28541562f2f3f517768026a2d23496a
604,349791,51,HEADER_PARAMS,1,HEADER,1044,1008,42779993179,64,0,0,b9982c61209b123f3fe7a19c4fb86d70ac94f1424ad8350656e2acee86b2aac3
605,349907,30,RANDGET_BEGIN,3,SALT_RNG,1044,1008,42779993210,0,64,1,
606,349959,31,RANDGET_POOL_PRE,3,SALT_RNG,1044,1008,42779993240,640,496,128,58a0a4e6a7fdb10374db4a9dce7551e503f45d24c53e3d9d36925937dd19a449
607,350651,11,RANDADD_BUF,3,SALT_RNG,1044,1008,42779993734,232,496,128,22515aebb462e82aa2f8f79821084e085aeb1dab9c7e039e666717360a943f4e
608,350935,20,RANDMIX_PRE,3,SALT_RNG,1044,1008,42779993770,640,496,128,3c48ebda4039fa6535185bbf0f66b9abf1209f6c29d93a3d5c4d65ffb777a2d4
609,351627,21,RANDMIX_POST,3,SALT_RNG,1044,1008,42779995327,640,496,128,948c415a8ce8ad1bed535a9a8ce573d98a973f1466044a7229b149b9750090cc
610,352319,20,RANDMIX_PRE,3,SALT_RNG,1044,1008,42779995415,640,512,128,2630b3b600c1bd972508bbefd301b551f259bb82186cd6df899d4497d9ea67af
611,353011,21,RANDMIX_POST,3,SALT_RNG,1044,1008,42779997121,640,512,128,be05c910f0380e3255670de4117010dbdf18f38aef3f5a8b3f486fe7c30f109c
612,353703,20,RANDMIX_PRE,3,SALT_RNG,1044,1008,42779997157,640,528,128,be05c910f0380e3255670de4117010dbdf18f38aef3f5a8b3f486fe7c30f109c
613,354395,21,RANDMIX_POST,3,SALT_RNG,1044,1008,42779998600,640,528,128,184e1acc218cc070ba51bc560d3b1dd94816fba69236e3bebc365b82670e524e
614,355087,20,RANDMIX_PRE,3,SALT_RNG,1044,1008,42779998631,640,544,128,184e1acc218cc070ba51bc560d3b1dd94816fba69236e3bebc365b82670e524e
615,355779,21,RANDMIX_POST,3,SALT_RNG,1044,1008,42780000201,640,544,128,56ef05582b488146a153f6d9c3daac7cd60e58e6d93021ffe7d34ea338638c24
616,356471,20,RANDMIX_PRE,3,SALT_RNG,1044,1008,42780000286,640,560,128,56ef05582b488146a153f6d9c3daac7cd60e58e6d93021ffe7d34ea338638c24
617,357163,21,RANDMIX_POST,3,SALT_RNG,1044,1008,42780001862,640,560,128,281d8e1ea36c564021f7645dab7ecf664d73a1072327487fd9d8624857c3540b
618,357855,20,RANDMIX_PRE,3,SALT_RNG,1044,1008,42780001898,640,576,128,281d8e1ea36c564021f7645dab7ecf664d73a1072327487fd9d8624857c3540b
619,358547,21,RANDMIX_POST,3,SALT_RNG,1044,1008,42780003339,640,576,128,7e231a42e2ad4a252e149362027c9e49fd3eff987405d3e88400c48d4cefe1b9
620,359239,20,RANDMIX_PRE,3,SALT_RNG,1044,1008,42780003370,640,592,128,7e231a42e2ad4a252e149362027c9e49fd3eff987405d3e88400c48d4cefe1b9
621,359931,21,RANDMIX_POST,3,SALT_RNG,1044,1008,42780004837,640,592,128,576fa683ba2883f657e12ccb0ae80f805400cfe1252465d6f7ab70c8fd3530bc
622,360623,20,RANDMIX_PRE,3,SALT_RNG,1044,1008,42780004920,640,608,128,576fa683ba2883f657e12ccb0ae80f805400cfe1252465d6f7ab70c8fd3530bc
623,361315,21,RANDMIX_POST,3,SALT_RNG,1044,1008,42780006366,640,608,128,248d9abe0a79d2e1d2439eaa0eb494b06c0b0d2fb5f67c63aa1e02a96a27595f
624,362007,20,RANDMIX_PRE,3,SALT_RNG,1044,1008,42780006398,640,624,128,248d9abe0a79d2e1d2439eaa0eb494b06c0b0d2fb5f67c63aa1e02a96a27595f
625,362699,21,RANDMIX_POST,3,SALT_RNG,1044,1008,42780007863,640,624,128,72b062242a589e8287e7028e1f8882e45ae2db9e2f129fc117e3912749676238
626,363391,20,RANDMIX_PRE,3,SALT_RNG,1044,1008,42780007897,640,0,128,72b062242a589e8287e7028e1f8882e45ae2db9e2f129fc117e3912749676238
627,364083,21,RANDMIX_POST,3,SALT_RNG,1044,1008,42780009337,640,0,128,53c503c4de1df36cc8adbe6fa6c018d2c9cd0006514625e0a08c5b4f755cfa32
628,364775,20,RANDMIX_PRE,3,SALT_RNG,1044,1008,42780009420,640,16,128,53c503c4de1df36cc8adbe6fa6c018d2c9cd0006514625e0a08c5b4f755cfa32
629,365467,21,RANDMIX_POST,3,SALT_RNG,1044,1008,42780010915,640,16,128,233b9103c56643b4c42debc771f5f1de234b9cad82b2bd543c759180caeaf535
630,366159,20,RANDMIX_PRE,3,SALT_RNG,1044,1008,42780010949,640,32,128,233b9103c56643b4c42debc771f5f1de234b9cad82b2bd543c759180caeaf535
631,366851,21,RANDMIX_POST,3,SALT_RNG,1044,1008,42780012389,640,32,128,f778a14126d4c4282ef32242fdda2ff0d9de0068184a490bb2523fa6318f9798
632,367543,20,RANDMIX_PRE,3,SALT_RNG,1044,1008,42780012420,640,48,128,f778a14126d4c4282ef32242fdda2ff0d9de0068184a490bb2523fa6318f9798
633,368235,21,RANDMIX_POST,3,SALT_RNG,1044,1008,42780013859,640,48,128,0cbd1fafa738269fc4587c97c4234e135581e34ebe8362e6409c02a850239288
634,368927,20,RANDMIX_PRE,3,SALT_RNG,1044,1008,42780013942,640,64,128,0cbd1fafa738269fc4587c97c4234e135581e34ebe8362e6409c02a850239288
635,369619,21,RANDMIX_POST,3,SALT_RNG,1044,1008,42780016027,640,64,128,81301e9c6f4d10b516fd656d624ba81b74bbc9d4b2fe98ca3716a57370202c02
636,370311,20,RANDMIX_PRE,3,SALT_RNG,1044,1008,42780016073,640,80,128,3614bed3fd6cd9a5509af399f7c7bb4e438c34b373a64346f683bbf01219e367
637,371003,21,RANDMIX_POST,3,SALT_RNG,1044,1008,42780017517,640,80,128,e4fe2c144c8064b3f19ae3dfc95b9a61ae0c2099231054c9e6ed2fa5e9707319
638,371695,11,RANDADD_BUF,3,SALT_RNG,1044,1008,42780017770,88,88,128,afafd5e620ae51bd7c037677f8540750c9a3a06349e8176b057c3a58551d26df
639,371835,20,RANDMIX_PRE,3,SALT_RNG,1044,1008,42780017804,640,96,128,0244d87b232096b00df39a549f68aec59ab54d6b2abd852a259c658b8f213c2c
640,372527,21,RANDMIX_POST,3,SALT_RNG,1044,1008,42780019377,640,96,128,2c60a96096282e9d9eaf663e20bf32706a24d390c9786d8b0d1ec9372f961a11
641,373219,20,RANDMIX_PRE,3,SALT_RNG,1044,1008,42780019470,640,112,128,688a47c799a0c70af0c27d88400bc750f5d1a6d56773ec8558873b3796c5bc3f
642,373911,21,RANDMIX_POST,3,SALT_RNG,1044,1008,42780020914,640,112,128,b17021c781e3ad6e0e4b873035b695d9bd0d8344e9b5650aacf5e5c6ff074aaa
643,374603,20,RANDMIX_PRE,3,SALT_RNG,1044,1008,42780020947,640,128,128,dc11a9c0e307d655c319312a1711beceee5863e4ed606d8df43b8108096e48e7
644,375295,21,RANDMIX_POST,3,SALT_RNG,1044,1008,42780024940,640,128,128,8d58c0f06c141ff350190fb10f7d7f99bf7f711870581a098ec6c94343a9d95f
645,375987,20,RANDMIX_PRE,3,SALT_RNG,1044,1008,42780025031,640,144,128,a6a35948f2b53742a876c4c95927b0b364c8f75bf3f51e5a21d83253ccc44257
646,376679,21,RANDMIX_POST,3,SALT_RNG,1044,1008,42780027343,640,144,128,379cfbb0a3a85bc78baf1f5f4f8b0339c097111bceb9091f7a49774ab06d0c65
647,377371,20,RANDMIX_PRE,3,SALT_RNG,1044,1008,42780027532,640,160,128,5a5690a59fa80a2b8e38a21eb0230b22a8b206202b9b24eb5344186314cef708
648,378063,21,RANDMIX_POST,3,SALT_RNG,1044,1008,42780030011,640,160,128,9a655fcab4542780feaebe7d843b0d32f79303fd32ff8e6283540ba02788bb93
649,378755,11,RANDADD_BUF,3,SALT_RNG,1044,1008,42780030378,88,176,128,09a776b8d3fc0cab8fb641b843b7641f4615c14684f17931f9769f98058cdbae
650,378895,20,RANDMIX_PRE,3,SALT_RNG,1044,1008,42780030431,640,176,128,606237724785f4a53aaeabe6fa47759c0cb3089bae82f8e97600a26f64125379
651,379587,21,RANDMIX_POST,3,SALT_RNG,1044,1008,42780032827,640,176,128,a575bb79c6edb72dcf09597480b04b39e9425457b99bd8b35aa4f761cf77bc1d
652,380279,20,RANDMIX_PRE,3,SALT_RNG,1044,1008,42780032880,640,192,128,a575bb79c6edb72dcf09597480b04b39e9425457b99bd8b35aa4f761cf77bc1d
653,380971,21,RANDMIX_POST,3,SALT_RNG,1044,1008,42780035271,640,192,128,d4a39946eefee3bdf4771b7ed9de3ea2e8dcbcd86dd5cb9f7428531dd2128060
654,381663,20,RANDMIX_PRE,3,SALT_RNG,1044,1008,42780035327,640,208,128,99dbb66480f1c0f8216511d87cbf1b364a4d925f4259057b49b92b7650f130d3
655,382355,21,RANDMIX_POST,3,SALT_RNG,1044,1008,42780038417,640,208,128,a633b8e45d4a10b92e1686b2fc6561e34af64d62bb4a6e0d0ce9f6dd659945c6
656,383047,20,RANDMIX_PRE,3,SALT_RNG,1044,1008,42780038477,640,224,128,58a5593485c0bef8c2198847a045f4738ac3912286c1902f4c325c4c750ea710
657,383739,21,RANDMIX_POST,3,SALT_RNG,1044,1008,42780040722,640,224,128,5799b9f65d425962f0fc43deb6dfdbfcfa8f518f0cea58232564818480422360
658,384431,20,RANDMIX_PRE,3,SALT_RNG,1044,1008,42780040767,640,240,128,cde2743781c1b5e6cac461be78eae3d329266a60662d29a38c031755d488bc2b
659,385123,21,RANDMIX_POST,3,SALT_RNG,1044,1008,42780042621,640,240,128,4138a1e64284870f9a5363426183244b07c55f74e71bada3354787615c1f3724
660,385815,20,RANDMIX_PRE,3,SALT_RNG,1044,1008,42780042664,640,256,128,9c5efba30e5ae336ff926205ca97e2615d9a668a607cef4031d29bebab19cac2
661,386507,21,RANDMIX_POST,3,SALT_RNG,1044,1008,42780044251,640,256,128,f85569c472bcd7991c709945fb959b80767cc23da81a2e040a9c3dadbe7cfdca
662,387199,11,RANDADD_BUF,3,SALT_RNG,1044,1008,42780044466,88,264,128,df24824b707c80b71c098bcb6421dba823f7e49aac97ed9aa731c54574509b34
663,387339,20,RANDMIX_PRE,3,SALT_RNG,1044,1008,42780044501,640,272,128,78c9ed54bffcbd5ed35e999e323dbcc95c6e97f151a9855628dfc401ca0c3cc2
664,388031,21,RANDMIX_POST,3,SALT_RNG,1044,1008,42780045993,640,272,128,08ce354d054ff47d6a4e60c81f4c499824aea6c6dc5a5380b7e27caed4fd4f73
665,388723,20,RANDMIX_PRE,3,SALT_RNG,1044,1008,42780046025,640,288,128,f74a8c25404ab926dc5e6b4ef1c042ae5a5616729543c4915431acd0ae8e3ce0
666,389415,21,RANDMIX_POST,3,SALT_RNG,1044,1008,42780050492,640,288,128,fb81d2a5ffc8f111c7d449e66efa9c6ca3dfe70e782368226a507bc34a39fa39
667,390107,20,RANDMIX_PRE,3,SALT_RNG,1044,1008,42780050535,640,304,128,40cf51c6bcc02c8b1cf28d622bb8cfe720b8f0fc57f0b5925b722f3a192a906a
668,390799,21,RANDMIX_POST,3,SALT_RNG,1044,1008,42780052309,640,304,128,05ee8afb34e87f534a985c9c3eec1b1c00905d98b8da3268dc573303971994cc
669,391491,20,RANDMIX_PRE,3,SALT_RNG,1044,1008,42780052347,640,320,128,211eb93c3cf2b74a0b1ca18d2bcd41e4488f9f530a37e6ed04421f26ee6eb4d6
670,392183,21,RANDMIX_POST,3,SALT_RNG,1044,1008,42780054213,640,320,128,0aa2ece7f6f1dc247677074bd2e091eeda958e5339b709cc2c27c4604ee96816
671,392875,20,RANDMIX_PRE,3,SALT_RNG,1044,1008,42780054248,640,336,128,9ac8bda0c3ef35c42077a2e7956ac809503ef030ba4a878b6fad2303d2a1a540
672,393567,21,RANDMIX_POST,3,SALT_RNG,1044,1008,42780055789,640,336,128,7879f0d56ce16af354a6d4f2f74ee485b644f633c3f2d48615534ab2e5cd9c92
673,394259,40,CGR_SLOW_OUT,3,SALT_RNG,1044,1008,42780055958,640,352,128,2b50564c85eabf56c311ecc2e0381ca012031c6b5fc9e227ce2775d9f00e72b6
674,394951,41,CGR_SLOW_POOL_PRE,3,SALT_RNG,1044,1008,42780055994,640,352,128,46ad3bc03b5396d79e2d995f017bc8664e67f76e1e61b052106efb1d1f272cb5
675,395643,11,RANDADD_BUF,3,SALT_RNG,1044,1008,42780056026,640,352,128,2b50564c85eabf56c311ecc2e0381ca012031c6b5fc9e227ce2775d9f00e72b6
676,396335,20,RANDMIX_PRE,3,SALT_RNG,1044,1008,42780056057,640,352,128,483a1a69235bbfa50733f5883a09c4b87de3d1b9789ce6de235370917ed2487c
677,397027,21,RANDMIX_POST,3,SALT_RNG,1044,1008,42780057628,640,352,128,3bb2a2d30bdafe946592bfd137f84b473118035ad1e2403ee1059a17f6220e2f
678,397719,20,RANDMIX_PRE,3,SALT_RNG,1044,1008,42780057713,640,368,128,066ef31baad0888cbc547a8f94305862ac13100524e2a3b7566b68648afc6bb6
679,398411,21,RANDMIX_POST,3,SALT_RNG,1044,1008,42780059245,640,368,128,8d32e6313029e55aa743126aa84e0f88dd6f43245f9bb2c6c96f54456881013a
680,399103,20,RANDMIX_PRE,3,SALT_RNG,1044,1008,42780059278,640,384,128,c9d9accb8ad81fefd94cad38d9dd6fb18756bc77675761c5f4b6042447e66309
681,399795,21,RANDMIX_POST,3,SALT_RNG,1044,1008,42780060720,640,384,128,048786bda3aea984f0c95938b25fb7e425ff9d28e5cb28907a5e0ae1df2c2c4c
682,400487,20,RANDMIX_PRE,3,SALT_RNG,1044,1008,42780060752,640,400,128,3929cd031c7623cd3d14b7f2a3093ed07f617533c1abafc40a8fa63828b4de56
683,401179,21,RANDMIX_POST,3,SALT_RNG,1044,1008,42780062319,640,400,128,e876291829efe1486538f01cc332af9ed99db7756244042ef0613e2ae37caf71
684,401871,20,RANDMIX_PRE,3,SALT_RNG,1044,1008,42780062402,640,416,128,944e06b6d254678343eb339d0803f7ad9bbd5c1a30da94c916b502145c13d2f8
685,402563,21,RANDMIX_POST,3,SALT_RNG,1044,1008,42780063989,640,416,128,29f852b50182c7272f5d0430ad9d49cf0c5b6d6cbe04df8c0221ed18396c768d
686,403255,20,RANDMIX_PRE,3,SALT_RNG,1044,1008,42780064024,640,432,128,6d945a483aa3b084f26b28aa9f4ec8fe634b1fe5ac66a0b55db20096495e94e4
687,403947,21,RANDMIX_POST,3,SALT_RNG,1044,1008,42780065505,640,432,128,94fe8b6d5d9d14ddc8363e96de5999805346f05bb35634934d7284728b675ec3
688,404639,20,RANDMIX_PRE,3,SALT_RNG,1044,1008,42780065540,640,448,128,4232ea0397b1f2f57371fa4729791aab8c97026347e16d6605b470040abe2b9c
689,405331,21,RANDMIX_POST,3,SALT_RNG,1044,1008,42780066982,640,448,128,f55c851fe1848072a2e6ea8ba1f102d0e0b8d32782fcd359c410d6edca146047
690,406023,20,RANDMIX_PRE,3,SALT_RNG,1044,1008,42780067062,640,464,128,68f2fc93a16f6b0f80bab796be46d031e66e87e8a8909658d54d871d4e5bd9d1
691,406715,21,RANDMIX_POST,3,SALT_RNG,1044,1008,42780068598,640,464,128,dfd8d116464ec30825d34755248f0131be2d1f0db9672905c772f1ed730954aa
692,407407,20,RANDMIX_PRE,3,SALT_RNG,1044,1008,42780068634,640,480,128,2984c6ffb1757e8162391f13fd6e7cc2617f29891272391a6d2791ee5d3f6b85
693,408099,21,RANDMIX_POST,3,SALT_RNG,1044,1008,42780070265,640,480,128,af6f26f331a3747e832fe43711d4a7257285edbfdd076a48ae88a7b25788a307
694,408791,20,RANDMIX_PRE,3,SALT_RNG,1044,1008,42780070300,640,496,128,64659e0c518713cb5f3ce6f35880472843a2d8d5175a4528b61cea0b9aa1e9c0
695,409483,21,RANDMIX_POST,3,SALT_RNG,1044,1008,42780071867,640,496,128,9be2e080d33f760df28ed7907f6307aa843ce949e8a47e6837b85ce7c0650240
696,410175,20,RANDMIX_PRE,3,SALT_RNG,1044,1008,42780071953,640,512,128,f708cb243356c9dc659124f1c11d6c3f06a3d24927c3f341ba1f2ea36a1178fd
697,410867,21,RANDMIX_POST,3,SALT_RNG,1044,1008,42780073397,640,512,128,0351753b55d17f39de52846b7c45206bb79cdcc062ff02558444fa1c33c621f2
698,411559,20,RANDMIX_PRE,3,SALT_RNG,1044,1008,42780073429,640,528,128,56dd2db7bd6f4e6c44fc0db473adf9a6a52994b86a93f9684dd5786f22b11fb6
699,412251,21,RANDMIX_POST,3,SALT_RNG,1044,1008,42780074868,640,528,128,91c4a2a768dd97b62b8366c5bc8a90704489e3c285e52e5783f89df2aa40f9f8
700,412943,20,RANDMIX_PRE,3,SALT_RNG,1044,1008,42780074900,640,544,128,3af704d0fa4e03017f58e7425204b76786803cf87d1252a139ce44cb6199eeb5
701,413635,21,RANDMIX_POST,3,SALT_RNG,1044,1008,42780076393,640,544,128,72572c32f14ae3dcf710baef94bff574ef1df508ee19c0e968f220fbefcfefd7
702,414327,20,RANDMIX_PRE,3,SALT_RNG,1044,1008,42780076474,640,560,128,541a5aca55cc180a4e49a052e8bad69015d2ad49a8dc33488f215cc46e3389c5
703,415019,21,RANDMIX_POST,3,SALT_RNG,1044,1008,42780078218,640,560,128,13767fdd1696d098ffcf750eab87266ebfe91105216ec21acf61dee0932a061f
704,415711,20,RANDMIX_PRE,3,SALT_RNG,1044,1008,42780078253,640,576,128,0f8024cf074d025ca24f6d4ba7980f8ff2538e31d48231c191b2406e7ee52c63
705,416403,21,RANDMIX_POST,3,SALT_RNG,1044,1008,42780080603,640,576,128,828be1ea4e68d7bfd07ecfa0d0ab98363fffb045fe759132b642ac7ae10b6eb7
706,417095,20,RANDMIX_PRE,3,SALT_RNG,1044,1008,42780080692,640,592,128,ddf5cf168230c7844535df37bc94200e4740053ffd8eb99ffe6f415e9a18e80f
707,417787,21,RANDMIX_POST,3,SALT_RNG,1044,1008,42780082141,640,592,128,105fcf5c31200205f43c2de8827e2de9e0735683f07df61fae07caf56782a5d7
708,418479,20,RANDMIX_PRE,3,SALT_RNG,1044,1008,42780082389,640,608,128,64608a195e57b95ed5a05d1a0922facae1d489806180a6f208096a13be86a60a
709,419171,21,RANDMIX_POST,3,SALT_RNG,1044,1008,42780083834,640,608,128,315f4ec656a3ac6b5226ebbdcd246cc24fb90754cac2cc27f2f83a6240a7cb8e
710,419863,20,RANDMIX_PRE,3,SALT_RNG,1044,1008,42780083866,640,624,128,ccff7ac17e912c66c9916936a38dee956024c0bb753f693d01a3b5d8f0e1fd7e
711,420555,21,RANDMIX_POST,3,SALT_RNG,1044,1008,42780085307,640,624,128,9645492b7ce3a221c053d299645aa4991788106be568c378e66aa48fc3aab16c
712,421247,20,RANDMIX_PRE,3,SALT_RNG,1044,1008,42780085338,640,0,128,5605aa3bf3d388bea748129d8a32e60ff3b3f2d4635454f2377944558d5501aa
713,421939,21,RANDMIX_POST,3,SALT_RNG,1044,1008,42780086858,640,0,128,97fe4c0be0cb1b8365b9fc5987aa8dd7ca0f54cb886a6944346541e950610722
714,422631,20,RANDMIX_PRE,3,SALT_RNG,1044,1008,42780086892,640,16,128,40f1f1b6bc50c3f3c2be48dc0e3a74d1a27dd1d1d6dd81eace5fe3c07aee9d82
715,423323,21,RANDMIX_POST,3,SALT_RNG,1044,1008,42780088650,640,16,128,ff2f8e30c681b97bc04cb33365cea1ec9d46b9fc73c0eacee6b51a48c1b590dc
716,424015,20,RANDMIX_PRE,3,SALT_RNG,1044,1008,42780088688,640,32,128,7a0a2c84385beea8d8c21ef6d0e16771398bd3f9058eb2ed10f3c73bb7ac73ff
717,424707,21,RANDMIX_POST,3,SALT_RNG,1044,1008,42780090266,640,32,128,e92d277ee39922b71e6037094a5afe28c0e654991f91a3644d1ca0d2dddd2ab2
718,425399,20,RANDMIX_PRE,3,SALT_RNG,1044,1008,42780090300,640,48,128,d57058fcc7830c6b953e61350c8cef983e173518ba9092f02d7e472654de7f16
719,426091,21,RANDMIX_POST,3,SALT_RNG,1044,1008,42780091796,640,48,128,e370c87e27416cbc585eef00a6763bd28fa68834599f271a765ae9c6273164cd
720,426783,20,RANDMIX_PRE,3,SALT_RNG,1044,1008,42780091831,640,64,128,996edd1a32a2bc79e6f2714050d9d00540fdd088dca45ab4c6c4290fb6b38947
721,427475,21,RANDMIX_POST,3,SALT_RNG,1044,1008,42780093486,640,64,128,57b88b4049a115029e780b022e24e5ab89214e49b3a811fdefb58d422a54f616
722,428167,20,RANDMIX_PRE,3,SALT_RNG,1044,1008,42780093524,640,80,128,793895d8a6034f16f56b2d8e6e52d59c63447e6cb8ccb8a6660fdc85ad00ff81
723,428859,21,RANDMIX_POST,3,SALT_RNG,1044,1008,42780095145,640,80,128,77f0e921d8440bb50d5ce572b000874bf2484874d56e115296e5713ebed78fec
724,429551,20,RANDMIX_PRE,3,SALT_RNG,1044,1008,42780095181,640,96,128,e8f26ca619952415fea136958a2c792c25c5083df8d8b0766e88f1c45bf27588
725,430243,21,RANDMIX_POST,3,SALT_RNG,1044,1008,42780096817,640,96,128,d7f291df903f3445f39c167bd7c66fa4e7185f238b2ad17a643d2c8a30e06815
726,430935,20,RANDMIX_PRE,3,SALT_RNG,1044,1008,42780096853,640,112,128,a86fa2951d48ca99404fae197338f9883e11b5084144f9ce788cc0899640f380
727,431627,21,RANDMIX_POST,3,SALT_RNG,1044,1008,42780098293,640,112,128,056ecda927f82bb2050ee11bb52d61e8a33dc4767f34ffd20bc7636af79457f5
728,432319,20,RANDMIX_PRE,3,SALT_RNG,1044,1008,42780098325,640,128,128,5c4fce0e340d59e80b702ead7873f4830948c2ab38c2745677b3fa28536710b6
729,433011,21,RANDMIX_POST,3,SALT_RNG,1044,1008,42780099765,640,128,128,5b513c159cc100d9785830d0ebe75a47d1a3dda45b33de35ba8fb309df1fecd3
730,433703,20,RANDMIX_PRE,3,SALT_RNG,1044,1008,42780099797,640,144,128,15f1053a0e7c913167b42376d243b2778f3dc73aa676deba5662a1ba35ae716b
731,434395,21,RANDMIX_POST,3,SALT_RNG,1044,1008,42780101389,640,144,128,436d18647c0947b4dfe5dbebfb302820640371ba541403e1cd800bb95d79aefb
732,435087,20,RANDMIX_PRE,3,SALT_RNG,1044,1008,42780101424,640,160,128,3d8ad2276fc124964a83b14d376a74a2cc327d66dfb2d2ff15e737d841d37391
733,435779,21,RANDMIX_POST,3,SALT_RNG,1044,1008,42780102963,640,160,128,8e5a4d90e563fce8eaa4f49745092f2722d05cd63e53cc3079c1c267a2c1fa72
734,436471,20,RANDMIX_PRE,3,SALT_RNG,1044,1008,42780102997,640,176,128,a92455418f16b2d2ee64cae98679ed7d8362b9e13599cca1867b9bd122e63823
735,437163,21,RANDMIX_POST,3,SALT_RNG,1044,1008,42780104975,640,176,128,08869d0fdf4ede0da8846f0b8ba222635bec1cc462f0b3e30ee67f52dacce228
736,437855,20,RANDMIX_PRE,3,SALT_RNG,1044,1008,42780105022,640,192,128,0c7af13b09a59b89c13fbf49760441209d68623101bcd060fe3b2e271778c8d6
737,438547,21,RANDMIX_POST,3,SALT_RNG,1044,1008,42780107015,640,192,128,fc4a92fc6e68439360ca614fa5de570e96aa989d7d6e776396b74f537f557fb2
738,439239,20,RANDMIX_PRE,3,SALT_RNG,1044,1008,42780107064,640,208,128,3d511b4d87f537005705784e4273861320e4b98bd30a2f471bdd2b18456b05cd
739,439931,21,RANDMIX_POST,3,SALT_RNG,1044,1008,42780108746,640,208,128,8889f9876d60de35005970395a57085cf580c82642d9d044197bb8a1b03c231d
740,440623,20,RANDMIX_PRE,3,SALT_RNG,1044,1008,42780108796,640,224,128,343d3adc3331268cdeccabe7dee81807cacb29ec44f9446a76f72c014a02ed8f
741,441315,21,RANDMIX_POST,3,SALT_RNG,1044,1008,42780110409,640,224,128,4a9b31fa84cf0a57493e9794e805c9e7ea5b5f90aa704e271066ea508db8932a
742,442007,20,RANDMIX_PRE,3,SALT_RNG,1044,1008,42780110444,640,240,128,0a8f1371d339f62ed019f12049c3938ce3f7fa072dc1950810ba9ad6b42cdebb
743,442699,21,RANDMIX_POST,3,SALT_RNG,1044,1008,42780112032,640,240,128,e5ff293adc532edc82c708a6541814a5885df8a4e58ec621e28ea9c040ec93fc
744,443391,20,RANDMIX_PRE,3,SALT_RNG,1044,1008,42780112067,640,256,128,812bca8762820b10c20a7e5a1c72647ae66e6dd2c671eb15834120c2535e66f3
745,444083,21,RANDMIX_POST,3,SALT_RNG,1044,1008,42780113588,640,256,128,392498d51474776c3b97b0692374e5a490d40bef8dfbc79e9aba6bfa26ecf4bf
746,444775,20,RANDMIX_PRE,3,SALT_RNG,1044,1008,42780113620,640,272,128,f15450d42d5cd3b06382d5954f74c99398a1fca8cd0ca980e0b0707e906bac33
747,445467,21,RANDMIX_POST,3,SALT_RNG,1044,1008,42780115185,640,272,128,2996702a4b5068191bba44b0bf574cea2946071a6a7c90c5d058c6aa21fae66d
748,446159,20,RANDMIX_PRE,3,SALT_RNG,1044,1008,42780115219,640,288,128,b698e8f770783d62fe9391b53e7dd1c3c7039d155aef6a6261f5a6c3929f2163
749,446851,21,RANDMIX_POST,3,SALT_RNG,1044,1008,42780116708,640,288,128,dbc5a49b9008669b515cae81629c8f72d194160bdeee2c865db4c91ce6b6ae01
750,447543,20,RANDMIX_PRE,3,SALT_RNG,1044,1008,42780116743,640,304,128,7e179766f85774de93d1528a9ac279e5d7e40b061ebf0011d5ffd4182481db5b
751,448235,21,RANDMIX_POST,3,SALT_RNG,1044,1008,42780118277,640,304,128,c3667a5478138a78d9352f366081609389e3f628e59aba7d6234cb20396021f2
752,448927,20,RANDMIX_PRE,3,SALT_RNG,1044,1008,42780118310,640,320,128,6dd60c1778dbfe4562a02499264fc7d4f6586f616c5e371ad09b67382c89215b
753,449619,21,RANDMIX_POST,3,SALT_RNG,1044,1008,42780119751,640,320,128,499ae50cba7b0bb4d98390dddbe4dc920cedb20111970f99c6782d6e8fdf467a
754,450311,20,RANDMIX_PRE,3,SALT_RNG,1044,1008,42780119782,640,336,128,0e3c4c18614ca31a82296dabf5f1c805ee77285fd7d5f46c0803d070925ab788
755,451003,21,RANDMIX_POST,3,SALT_RNG,1044,1008,42780121428,640,336,128,e233db1de07394d07ad6629d8d5a27f562cc2625ecebe33ac0e6d13a13ab3a1e
756,451695,42,CGR_SLOW_POOL_POST,3,SALT_RNG,1044,1008,42780121465,640,352,128,b7b14214cb8fe917ddf7b7d6c78d80149b12da5b3efe41b49a2d19c847c196d3
757,452387,20,RANDMIX_PRE,3,SALT_RNG,1044,1008,42780121503,640,352,128,b7b14214cb8fe917ddf7b7d6c78d80149b12da5b3efe41b49a2d19c847c196d3
758,453079,21,RANDMIX_POST,3,SALT_RNG,1044,1008,42780123017,640,352,128,18b24bdd26e75cf43134b83271cd451dccea920e3c96d8e5181f28a9a129732d
759,453771,10,RANDADD_INT32,3,SALT_RNG,1044,1008,42780123062,4,352,128,df3f619804a92fdb4057192dc43dd748ea778adc52bc498ce80524c014b81119
760,453827,20,RANDMIX_PRE,3,SALT_RNG,1044,1008,42780123094,640,352,128,18b24bdd26e75cf43134b83271cd451dccea920e3c96d8e5181f28a9a129732d
761,454519,21,RANDMIX_POST,3,SALT_RNG,1044,1008,42780124536,640,352,128,d23254bb25e4daedf50b45ea1ea59bc76da2fb7eb4a4ab90a4001998fe8348cd
762,455211,10,RANDADD_INT32,3,SALT_RNG,1044,1008,42780124620,4,356,128,df3f619804a92fdb4057192dc43dd748ea778adc52bc498ce80524c014b81119
763,455267,10,RANDADD_INT32,3,SALT_RNG,1044,1008,42780124662,4,360,128,df3f619804a92fdb4057192dc43dd748ea778adc52bc498ce80524c014b81119
764,455323,10,RANDADD_INT32,3,SALT_RNG,1044,1008,42780124697,4,364,128,df3f619804a92fdb4057192dc43dd748ea778adc52bc498ce80524c014b81119
765,455379,10,RANDADD_INT32,3,SALT_RNG,1044,1008,42780124729,4,368,128,ad95131bc0b799c0b1af477fb14fcf26a6a9f76079e48bf090acb7e8367bfd0e
766,455435,20,RANDMIX_PRE,3,SALT_RNG,1044,1008,42780124760,640,368,128,6abaff9105f5505a710679d8e6bd67f2ad7a74de6ff6fbb43d092013c127f0f5
767,456127,21,RANDMIX_POST,3,SALT_RNG,1044,1008,42780126331,640,368,128,ae376422c42a2e49dc4d24c335ff92d9ece3e7b3fd103dcc72cfeff84e1c38e1
768,456819,10,RANDADD_INT32,3,SALT_RNG,1044,1008,42780126365,4,372,128,79b8326811c8aed22ebded58c3707f8c4a8bb778d565a89777a2739f2573644d
769,456875,10,RANDADD_INT32,3,SALT_RNG,1044,1008,42780126397,4,376,128,b4248c210a2905b94345e1a8414d0e12efcfb2f4f0f2397159a71283397a0ccd
770,456931,10,RANDADD_INT32,3,SALT_RNG,1044,1008,42780126428,4,380,128,758c1248a385ea416657ea4d5dbc676d749de58709d27b975afcef9f7e1e4cb6
771,456987,10,RANDADD_INT32,3,SALT_RNG,1044,1008,42780126459,4,384,128,4c6942df5187420295be5e34a93d251b354398314257963792b064191e61b7a0
772,457043,20,RANDMIX_PRE,3,SALT_RNG,1044,1008,42780126490,640,384,128,a67b2f7260448abcf01ffb1f262e43d16676d4fd66863448ad27d8ba81666c43
773,457735,21,RANDMIX_POST,3,SALT_RNG,1044,1008,42780127930,640,384,128,86091186943218873a771cb8f1e070fa98991ed93739a737c591596c3fcbdba5
774,458427,10,RANDADD_INT32,3,SALT_RNG,1044,1008,42780127964,4,388,128,8c97241db12240ee5c4adbe164bb2354fe4ab04d7e80acb32ff212f98740ebca
775,458483,10,RANDADD_INT32,3,SALT_RNG,1044,1008,42780127997,4,392,128,df3f619804a92fdb4057192dc43dd748ea778adc52bc498ce80524c014b81119
776,458539,10,RANDADD_INT32,3,SALT_RNG,1044,1008,42780128029,4,396,128,df3f619804a92fdb4057192dc43dd748ea778adc52bc498ce80524c014b81119
777,458595,10,RANDADD_INT32,3,SALT_RNG,1044,1008,42780128064,4,400,128,df3f619804a92fdb4057192dc43dd748ea778adc52bc498ce80524c014b81119
778,458651,20,RANDMIX_PRE,3,SALT_RNG,1044,1008,42780128095,640,400,128,ed1a83e106b22e7918821129d47e35cc4b7ccbab1cb4a7e065c8eb87ce4b5040
779,459343,21,RANDMIX_POST,3,SALT_RNG,1044,1008,42780129681,640,400,128,8eb9410756e98be975320831a1497efb27a6bccb78fdd381de70490d4a2513c0
780,460035,10,RANDADD_INT32,3,SALT_RNG,1044,1008,42780129718,4,404,128,df3f619804a92fdb4057192dc43dd748ea778adc52bc498ce80524c014b81119
781,460091,10,RANDADD_INT32,3,SALT_RNG,1044,1008,42780129753,4,408,128,df3f619804a92fdb4057192dc43dd748ea778adc52bc498ce80524c014b81119
782,460147,10,RANDADD_INT32,3,SALT_RNG,1044,1008,42780129785,4,412,128,a86b005caf09ceef631f5eefb89df997207c5717b1ae71b5abb00a3ef9c110d4
783,460203,10,RANDADD_INT32,3,SALT_RNG,1044,1008,42780129820,4,416,128,be8522bb06d1a90776076a1875a2de496fc4c5d4d56179130a4ed711f44fbfe8
784,460259,20,RANDMIX_PRE,3,SALT_RNG,1044,1008,42780129851,640,416,128,8245660eca6efcf920f0e0e691e08cd234b8d66668ad8774e12a3166f2bb12f5
785,460951,21,RANDMIX_POST,3,SALT_RNG,1044,1008,42780131344,640,416,128,498028ddc2dcd47e975d805602efdd7c78b5e63da8a979dbe8bebaa5d8b111e4
786,461643,10,RANDADD_INT32,3,SALT_RNG,1044,1008,42780131383,4,420,128,df3f619804a92fdb4057192dc43dd748ea778adc52bc498ce80524c014b81119
787,461699,11,RANDADD_BUF,3,SALT_RNG,1044,1008,42780131417,8,424,128,af5570f5a1810b7af78caf4bc70a660f0df51e42baf91d4de5b2328de0e83dfc
788,461759,11,RANDADD_BUF,3,SALT_RNG,1044,1008,42780131451,8,432,128,b4eff3c79cd86a9d2e139edfed26cbbfe79f38d600a5d0edee0a5ea783a1ff39
789,461819,20,RANDMIX_PRE,3,SALT_RNG,1044,1008,42780131482,640,432,128,42a268207b5b0315f932971e9f70ce50b3db79298a652ae6d73fb97ef74a93c7
790,462511,21,RANDMIX_POST,3,SALT_RNG,1044,1008,42780133022,640,432,128,c6911a4699ca57c164f9de70a283bc60325aae8c13cd9a179cd611d4fa477d08
791,463203,11,RANDADD_BUF,3,SALT_RNG,1044,1008,42780133330,32,440,128,630ab767ae890925c6ce916981d9060e276f0f2bbbb689451293c6a10de3de54
792,463287,20,RANDMIX_PRE,3,SALT_RNG,1044,1008,42780133791,640,448,128,2ac666b184471d64a83d54ca34a239f7cdd237fdd5bfb6135486c95628aad601
793,463979,21,RANDMIX_POST,3,SALT_RNG,1044,1008,42780135319,640,448,128,44f388bdbd661fd6d5b6562a9e6d51b04a0662028d40a3fa2343c2225c2419dd
794,464671,20,RANDMIX_PRE,3,SALT_RNG,1044,1008,42780135352,640,464,128,bc8cd1d6dc007875bec8fa82c4bdb58c36a80ac7e0d28c604bcfd6ae5e79cf9f
795,465363,21,RANDMIX_POST,3,SALT_RNG,1044,1008,42780137851,640,464,128,7ec5050d11b215744c26b8e8fbc840ed5d3ce6163e616e36ee3646761ff83844
796,466055,11,RANDADD_BUF,3,SALT_RNG,1044,1008,42780137940,8,472,128,e5921f03ab051610da16bcada8083b0712aa3f3c843555476603b4676537dcfd
797,466115,11,RANDADD_BUF,3,SALT_RNG,1044,1008,42780137981,8,480,128,af5570f5a1810b7af78caf4bc70a660f0df51e42baf91d4de5b2328de0e83dfc
798,466175,20,RANDMIX_PRE,3,SALT_RNG,1044,1008,42780138017,640,480,128,d1b9274defc28daa26032e86337e84dab02eb1921f2e21a45803df055faca098
799,466867,21,RANDMIX_POST,3,SALT_RNG,1044,1008,42780139461,640,480,128,f847a7741f05e84e009bc52af5afee6aeb86166cdbf16cf1fe3d4af7be5cbb08
800,467559,11,RANDADD_BUF,3,SALT_RNG,1044,1008,42780139664,8,488,128,4cac96aecfb699a1bbcbd6d9fdbcdc7c4cb25981c6d422f0a02d91fbce098dd2
801,467619,11,RANDADD_BUF,3,SALT_RNG,1044,1008,42780139699,8,496,128,0bd941ef6eac5722526b3cc4ee21f9cb9db3e8f881680c14ff059424d28a5ce8
802,467679,20,RANDMIX_PRE,3,SALT_RNG,1044,1008,42780139761,640,496,128,5734addea8c2c57b0923601e8591b9538307db00c74f7e7141b0a5b77619bedc
803,468371,21,RANDMIX_POST,3,SALT_RNG,1044,1008,42780141277,640,496,128,8a19075033a0aaf53b27f8a32fb348781355d881a8f78362522cc7e8f067a5d6
804,469063,11,RANDADD_BUF,3,SALT_RNG,1044,1008,42780141312,8,504,128,e5921f03ab051610da16bcada8083b0712aa3f3c843555476603b4676537dcfd
805,469123,11,RANDADD_BUF,3,SALT_RNG,1044,1008,42780141343,8,512,128,af5570f5a1810b7af78caf4bc70a660f0df51e42baf91d4de5b2328de0e83dfc
806,469183,20,RANDMIX_PRE,3,SALT_RNG,1044,1008,42780141373,640,512,128,1be33979ba6ce66a2e929a819aacb33b79c2b56b4d73ad55a9093c5f8ddd1624
807,469875,21,RANDMIX_POST,3,SALT_RNG,1044,1008,42780142815,640,512,128,1c120b3646bca898a83e214765cc4d75f932f8484dddde44351c9ecfa6d442ed
808,470567,11,RANDADD_BUF,3,SALT_RNG,1044,1008,42780142846,8,520,128,c928b5f621e290d39bf17fe8c3ffac92618414fdd6a6ebca8675172154da1775
809,470627,11,RANDADD_BUF,3,SALT_RNG,1044,1008,42780142876,8,528,128,1c0cece7c8239274b30fb46c597832e1edae63d9e1ff7ada0fada1406aa8aef9
810,470687,20,RANDMIX_PRE,3,SALT_RNG,1044,1008,42780142907,640,528,128,c31262fbbff71582a6d34567d196a71c003c782e62f9062c7fa4b39a7f33a334
811,471379,21,RANDMIX_POST,3,SALT_RNG,1044,1008,42780144502,640,528,128,364ee468991c770661d0ac7ccb9c0ea504e3b5dde52e4de34296fdbc7a1d6cbf
812,472071,10,RANDADD_INT32,3,SALT_RNG,1044,1008,42780144541,4,536,128,43a6baf508b80e227e1e653a2670fc7393b0e54bbae2dc41d8b098a33e80e924
813,472127,10,RANDADD_INT32,3,SALT_RNG,1044,1008,42780144572,4,540,128,44c73cc42705f2c58be8fb0d02514d6b28886a24a01f273f36764f3f60548514
814,472183,11,RANDADD_BUF,3,SALT_RNG,1044,1008,42780144633,8,544,128,53ed670738fc17a44908ab70ec8efe67ec634bbabbf42985012113685797cd6c
815,472243,20,RANDMIX_PRE,3,SALT_RNG,1044,1008,42780144663,640,544,128,78316d27c69fca2bb2f7902314ecf967f32a2870cfe08d8eafc08e4bd8e6051e
816,472935,21,RANDMIX_POST,3,SALT_RNG,1044,1008,42780146104,640,544,128,c0ee2dc093863cece1a36541bab0a943a0b42a0d66715d1f3c6d25a51ed3cbd7
817,473627,43,CGR_FAST_OUT,3,SALT_RNG,1044,1008,42780146233,640,552,128,1db49880ed218fa7a666fde30389748a73fb9da96470e0113cb6ebeca99796e3
818,474319,44,CGR_FAST_POOL_PRE,3,SALT_RNG,1044,1008,42780146265,640,552,128,4f9099c8ace5065b9ea229de8e57ab289059e818de14df8650e00526b3ee5e36
819,475011,11,RANDADD_BUF,3,SALT_RNG,1044,1008,42780146295,640,552,128,1db49880ed218fa7a666fde30389748a73fb9da96470e0113cb6ebeca99796e3
820,475703,20,RANDMIX_PRE,3,SALT_RNG,1044,1008,42780146375,640,560,128,2854efc874f4949f4446a9cd99c8efe5bf06b4b08d7ab50dad4752a0e38511f6
821,476395,21,RANDMIX_POST,3,SALT_RNG,1044,1008,42780147949,640,560,128,1a31eb249c22a2227127059d6fa1810f4d9350542f1ae6023fac5909a6904ebd
822,477087,20,RANDMIX_PRE,3,SALT_RNG,1044,1008,42780147984,640,576,128,cbe1563f5620fe120024baa8316e39f61b93f02ef820328311ed754dc88cd15c
823,477779,21,RANDMIX_POST,3,SALT_RNG,1044,1008,42780149508,640,576,128,0c83f0e2cfa42aeb458ada8876a6ae8dcfe7b9360c5f28bd4642d6ded265a509
824,478471,20,RANDMIX_PRE,3,SALT_RNG,1044,1008,42780149540,640,592,128,64789e9ac4e49bd9e49bd5c6d71cfab526fb95d302affb7fbb1116f8070200e0
825,479163,21,RANDMIX_POST,3,SALT_RNG,1044,1008,42780151080,640,592,128,882c8d56b3fa1f9b730b618991d0b0fe8d52858cfc7fa9e5f57ce9cec20a95cf
826,479855,20,RANDMIX_PRE,3,SALT_RNG,1044,1008,42780151161,640,608,128,9d9e432ccb9fbf5ec9b56837e898cf15d30c237f4f114f6c161d630992354cbb
827,480547,21,RANDMIX_POST,3,SALT_RNG,1044,1008,42780152859,640,608,128,8a907b01c82d4ef04adcb627022836999917b96a39093b2821d632a65ba2be88
828,481239,20,RANDMIX_PRE,3,SALT_RNG,1044,1008,42780152897,640,624,128,f544ce0a2de9adeb7efe07f4558afb914abc43c17453a5af1074bcae069474a6
829,481931,21,RANDMIX_POST,3,SALT_RNG,1044,1008,42780154602,640,624,128,2ceb4e0a1efbcba3cf771a9db139ec701d59b013deb399431e38df23482b2cd7
830,482623,20,RANDMIX_PRE,3,SALT_RNG,1044,1008,42780154636,640,0,128,210d9f18df44b876f6c238ebc04295bc062b67b588eb0cca358559d33cafd8de
831,483315,21,RANDMIX_POST,3,SALT_RNG,1044,1008,42780156076,640,0,128,cb8ae752df07736bccc1e1395feb49041b17ab0135a384ce132b984b7ec81e17
832,484007,20,RANDMIX_PRE,3,SALT_RNG,1044,1008,42780156161,640,16,128,3975f94d060ce7be010920967a457f03bd2a8db2afbe7bf3ff5982fae3c16917
833,484699,21,RANDMIX_POST,3,SALT_RNG,1044,1008,42780157850,640,16,128,d3a91baea1fa9bead0f0340cd336d15040be2d749adb76ed85d725d7338bcdeb
834,485391,20,RANDMIX_PRE,3,SALT_RNG,1044,1008,42780157892,640,32,128,2137182bcf85c8a6763b4c8b4a1e3228bf5c4cdea4fcf246768cc7900711c4d4
835,486083,21,RANDMIX_POST,3,SALT_RNG,1044,1008,42780159444,640,32,128,c115ea9455a8a968b7216395c2a4f949835b97415b2436667e8fad6c2e4c8894
836,486775,20,RANDMIX_PRE,3,SALT_RNG,1044,1008,42780159479,640,48,128,c56006974ee2975d5b219572c627ce018cb5877eff6f3c2ead1a784d44e2b835
837,487467,21,RANDMIX_POST,3,SALT_RNG,1044,1008,42780160976,640,48,128,786bdf876a80acf2ea0a03a2805d6bed208bfc2fcb63583873839958bf5cc946
838,488159,20,RANDMIX_PRE,3,SALT_RNG,1044,1008,42780161105,640,64,128,b25ae3d13322f854e35ecd9e0444f47c91d157b9c8db452f4a1ef121a2b7fdd4
839,488851,21,RANDMIX_POST,3,SALT_RNG,1044,1008,42780162582,640,64,128,00bdf6bccf82e584621fc292e489d9a6e14425e979a2426fe09386ea96e11e1f
840,489543,20,RANDMIX_PRE,3,SALT_RNG,1044,1008,42780162614,640,80,128,060290d3f88128afba49a32cc8ebcef550d4041409c03432370ce08d909143d7
841,490235,21,RANDMIX_POST,3,SALT_RNG,1044,1008,42780164056,640,80,128,c291dbe2b437c5a7a86a6f180857e1d2e31ed43e730511578b0aa9caeb5b1495
842,490927,20,RANDMIX_PRE,3,SALT_RNG,1044,1008,42780164087,640,96,128,af76ec15483ce04f6d6b8b88df1eb25dcbbc7131c3b3b09839ff4c1f2fe2a2be
843,491619,21,RANDMIX_POST,3,SALT_RNG,1044,1008,42780165682,640,96,128,f51be7db9db69393db47d3cb96fd34a7e45e071e1a4a44bb9a495f34bb701091
844,492311,20,RANDMIX_PRE,3,SALT_RNG,1044,1008,42780165716,640,112,128,525b14b6d32d10236ecd00fa565bbbfcc20cf22456028981707d4e3b4fef29ac
845,493003,21,RANDMIX_POST,3,SALT_RNG,1044,1008,42780167157,640,112,128,68d6c12f2a3e99c6d0ff3e12aa46d2c8c161d33a5d8246d06de3cba18a3aed3b
846,493695,20,RANDMIX_PRE,3,SALT_RNG,1044,1008,42780167188,640,128,128,9eeadb9fa151bdc48e58d114457c1d73fc8a7265b22bc0344a237e3e6eab7779
847,494387,21,RANDMIX_POST,3,SALT_RNG,1044,1008,42780168721,640,128,128,addc3ed73a59d44227715f92066300b332daa08dbbc01afab2e6c419e55a81fb
848,495079,20,RANDMIX_PRE,3,SALT_RNG,1044,1008,42780168755,640,144,128,6ed8369510d5cc796359e1f2d37c7620613d881e1e6f4f0b2f10ea58ee50b059
849,495771,21,RANDMIX_POST,3,SALT_RNG,1044,1008,42780170245,640,144,128,9e71a223859dec4ffa5e7697407e40ce2a7365025e077d204f55515044300ad9
850,496463,20,RANDMIX_PRE,3,SALT_RNG,1044,1008,42780170280,640,160,128,5e26a5ebb015bc08b5c3f386ebdd50b522c08554e1327c5c9ee0e3169287fa4a
851,497155,21,RANDMIX_POST,3,SALT_RNG,1044,1008,42780171722,640,160,128,9e04a37a6925082014282b5c2eb187e34653240396f4f7771d21729537d1cf25
852,497847,20,RANDMIX_PRE,3,SALT_RNG,1044,1008,42780171844,640,176,128,f3f4e5b2b84786d56dd6b1c2cb0b5f230a7550f8742430139656dcd513e34012
853,498539,21,RANDMIX_POST,3,SALT_RNG,1044,1008,42780173320,640,176,128,476ed473a1513f2c762af34251beb0f70e1e096a6cbd42d3522ab68bfa240205
854,499231,20,RANDMIX_PRE,3,SALT_RNG,1044,1008,42780173352,640,192,128,21a8929904e52b73b45a2532df38ba508e874620c2436c8ad81c2ed841fb5502
855,499923,21,RANDMIX_POST,3,SALT_RNG,1044,1008,42780174844,640,192,128,a82a939fba59a33f7cf4ddf7656c937e1696ed241a08ccc79e069573611dc3e7
856,500615,20,RANDMIX_PRE,3,SALT_RNG,1044,1008,42780174879,640,208,128,41832daca5a1f48046d8b61d0e04cecfd8ab869ca8a57b6a592249c6275edcee
857,501307,21,RANDMIX_POST,3,SALT_RNG,1044,1008,42780176438,640,208,128,f2cadcc9e86c8166084d00e6134d386dbbda95f9292a4801fef8f50705d444b3
858,501999,20,RANDMIX_PRE,3,SALT_RNG,1044,1008,42780176480,640,224,128,560cabfcf29a6f2d549f46ea7b30f51c4f4180edc7a976d945ea2910fd44ce36
859,502691,21,RANDMIX_POST,3,SALT_RNG,1044,1008,42780178001,640,224,128,741198b5ef5020bf59ff5b08c205bb9624629bc85abf9a5f44506c61cf4e46a9
860,503383,20,RANDMIX_PRE,3,SALT_RNG,1044,1008,42780178037,640,240,128,92ca4bb8ab3ba99ae8f2bd452062c54d42d17d99316a8c060a999a384f8a7955
861,504075,21,RANDMIX_POST,3,SALT_RNG,1044,1008,42780179716,640,240,128,fc9c697db8e281315f13947621554245d83f002237ad68527c2d69395ca04757
862,504767,20,RANDMIX_PRE,3,SALT_RNG,1044,1008,42780179761,640,256,128,4ccf4b1618eeebe434c13c7f729165af56984c628ab53686a43cc9fff54f114d
863,505459,21,RANDMIX_POST,3,SALT_RNG,1044,1008,42780181992,640,256,128,ef25043b67a59eaa3dc0ce39e0801a22ea0b9824f04a9f345a83d5509aa5a840
864,506151,20,RANDMIX_PRE,3,SALT_RNG,1044,1008,42780182046,640,272,128,3fd55f8087df2b6f6a9f19baf718bbe2d6ebbf2b1b024be7276bc6b0804f0436
865,506843,21,RANDMIX_POST,3,SALT_RNG,1044,1008,42780184364,640,272,128,3c1f7b0c33062bc02d3ad21bd5511a310dd3ad847a562960ba270e2d4223b450
866,507535,20,RANDMIX_PRE,3,SALT_RNG,1044,1008,42780184418,640,288,128,b6bb864f0c22b715f22cb95a9793163139da1381b713f9807c879660b19a265a
867,508227,21,RANDMIX_POST,3,SALT_RNG,1044,1008,42780186872,640,288,128,dd1711847681597c2dd0aad6adccd7c460e9e2cb4a85adc8e84ec2dd4a18c14b
868,508919,20,RANDMIX_PRE,3,SALT_RNG,1044,1008,42780186926,640,304,128,2dfebab2f3f701eb76a4ed36e62e1f2044fd096b4fae9fb4dc4588a66606a9ff
869,509611,21,RANDMIX_POST,3,SALT_RNG,1044,1008,42780189118,640,304,128,a6da1ca3e71d95150bb275712adfefdb0d31fc5f5dab69cb05ae2c44e8eee036
870,510303,20,RANDMIX_PRE,3,SALT_RNG,1044,1008,42780189172,640,320,128,3431f30dac78b2650fb2b3864d5f5e0e8136e2ed35ce4fe7f448d937291734c3
871,510995,21,RANDMIX_POST,3,SALT_RNG,1044,1008,42780191531,640,320,128,fd2c10217790a029bafee010019c822294d3a1d8dc58d6c8ed92cd49721c8089
872,511687,20,RANDMIX_PRE,3,SALT_RNG,1044,1008,42780191598,640,336,128,c4d8c4ec41bf3c92a58958aa56ee73b8676da313ded9edcc21e2d56b9a14fe9a
873,512379,21,RANDMIX_POST,3,SALT_RNG,1044,1008,42780195769,640,336,128,ad7b2cb603a83b3a885d725ab1636b4625e2b53219da566e9a45e000b99762a3
874,513071,20,RANDMIX_PRE,3,SALT_RNG,1044,1008,42780196133,640,352,128,21a89f4547a984511aa9c5e127acba141ea35f0486c32837422a1cdcdbd1409a
875,513763,21,RANDMIX_POST,3,SALT_RNG,1044,1008,42780197695,640,352,128,690cc27b2b513e4eb913f07995207e744e72756110325d4c1c85b61b04325302
876,514455,20,RANDMIX_PRE,3,SALT_RNG,1044,1008,42780197767,640,368,128,fa44defa7deff681a5d91c5a784a9a0e2b2468cc0d83e7d96195819fff5b43ab
877,515147,21,RANDMIX_POST,3,SALT_RNG,1044,1008,42780199527,640,368,128,4c74396c86bf8eb2bbf9ee4f62fc52518be6b2902a6c58176c4cdb8a994818c7
878,515839,20,RANDMIX_PRE,3,SALT_RNG,1044,1008,42780199564,640,384,128,9b170693bfe14ef3990c57840d34a06a55ad4b4f52e2e1a8a2d7246f2ea0233f
879,516531,21,RANDMIX_POST,3,SALT_RNG,1044,1008,42780201432,640,384,128,ade4a5bd11aa58d6866de075b0a06c8a986df2d83dbcbb5d0b9b6e1effb3c70e
880,517223,20,RANDMIX_PRE,3,SALT_RNG,1044,1008,42780201471,640,400,128,13d580b609ac0dad7e68641db26166a13c2249cf174e9b295d136bc70ae7bec5
881,517915,21,RANDMIX_POST,3,SALT_RNG,1044,1008,42780202967,640,400,128,4f42e4985dbe492bfbfeff84645fef816cbee705fee0337bc08889b366a0fd3c
882,518607,20,RANDMIX_PRE,3,SALT_RNG,1044,1008,42780203000,640,416,128,278569652057e9f32e03a677342c553ae4b656f5a1c20ffba1974fa8c5591184
883,519299,21,RANDMIX_POST,3,SALT_RNG,1044,1008,42780204595,640,416,128,10a5497da7fe1ef857be8ca3a03cac5f4e5c7ded4c4972db6e6ae4c6517a7429
884,519991,20,RANDMIX_PRE,3,SALT_RNG,1044,1008,42780204635,640,432,128,5f2d458e8786397cd7cbbbec037533dd6a77ed3109d1193ed8918135baf61003
885,520683,21,RANDMIX_POST,3,SALT_RNG,1044,1008,42780206215,640,432,128,67b76003330d1296a4ba30e4eb81a0f81d5acb8ebde87fca721b4b0309c12be1
886,521375,20,RANDMIX_PRE,3,SALT_RNG,1044,1008,42780206252,640,448,128,a67580f1f07dc7f495909114a2f567dc800ffbec248a6289c7c2bb53c49caf93
887,522067,21,RANDMIX_POST,3,SALT_RNG,1044,1008,42780207866,640,448,128,dcf82d08d69c04e28b8f925f5dc9c4db5dadfb3729506747f0c581d9e6a3070d
888,522759,20,RANDMIX_PRE,3,SALT_RNG,1044,1008,42780207902,640,464,128,6425d4581c8898e454e3878d3df62e16a400aea8bc304117d11df11056dd34a1
889,523451,21,RANDMIX_POST,3,SALT_RNG,1044,1008,42780209428,640,464,128,ec6b830e5e35bd719a1e13c7ca0d5b6d469d8de37b715223c77afcae735c40a7
890,524143,20,RANDMIX_PRE,3,SALT_RNG,1044,1008,42780209463,640,480,128,d8451602ddd3332db990f3943458885ccb5e8bab41bdc63016cccd909245346d
891,524835,21,RANDMIX_POST,3,SALT_RNG,1044,1008,42780211048,640,480,128,b3131f5e3a4a97a9c8ea202728e7d3b5b2294c3e6a46e5bfe835267d4b6b62bb
892,525527,20,RANDMIX_PRE,3,SALT_RNG,1044,1008,42780211084,640,496,128,8375a3600edf9371c186973277d569249e4531dcd4ec779fa780b9338045e053
893,526219,21,RANDMIX_POST,3,SALT_RNG,1044,1008,42780212876,640,496,128,6e999c2bf8cdd3cd32ecdea0addbf1a3e267602e2fd1a72958ce800cd3edb0b9
894,526911,20,RANDMIX_PRE,3,SALT_RNG,1044,1008,42780212913,640,512,128,179ed2cb3abf790af12a6e9a22c35ce20eef2569d83e1d7444efcd06f4151196
895,527603,21,RANDMIX_POST,3,SALT_RNG,1044,1008,42780214558,640,512,128,52cc4cbc9c6736f5f35bc95cb3530444185a83eac1b98a9d8f3e1b3eb61093f9
896,528295,20,RANDMIX_PRE,3,SALT_RNG,1044,1008,42780214592,640,528,128,28103fc7ab69546d94bf1b0568e57cdd098471cad92dd299dbc1452b56ccfb86
897,528987,21,RANDMIX_POST,3,SALT_RNG,1044,1008,42780216234,640,528,128,15c058207ed3c58d147b0faf870e9a0725238384664fe0d10f32b782185d8b80
898,529679,20,RANDMIX_PRE,3,SALT_RNG,1044,1008,42780216270,640,544,128,b97ecd2528df14e79ad997635624f6e62155d0f6792868f4a3f9e343b86fc903
899,530371,21,RANDMIX_POST,3,SALT_RNG,1044,1008,42780217774,640,544,128,684cfc3658dd70e975fe4eca7b79dfb9d423d228df98adf4b3a29ab592879978
900,531063,45,CGR_FAST_POOL_POST,3,SALT_RNG,1044,1008,42780217808,640,552,128,154a6c438ced171b22787e90f13c30f9fc72448f373c83a54c70c63516e416c1
901,531755,20,RANDMIX_PRE,3,SALT_RNG,1044,1008,42780217840,640,552,128,154a6c438ced171b22787e90f13c30f9fc72448f373c83a54c70c63516e416c1
902,532447,21,RANDMIX_POST,3,SALT_RNG,1044,1008,42780219437,640,552,128,c45ceff5a2d037f50c71ff4aae5191d907b5d1558ef8edeecb2d4534859fd65b
903,533139,32,RANDGET_RAW,3,SALT_RNG,1044,1008,42780219523,64,352,192,fcd8713c7bc79118d97d5e3b45efd54d61ae745355f9f04349ad7edd8c13b840
904,533255,33,RANDGET_POOL_INVERTED,3,SALT_RNG,1044,1008,42780219559,640,352,192,74d2c143371a9179ee2b04113de3c5ebf1544e0137d66dbf2299ddd594eab3b4
905,533947,10,RANDADD_INT32,3,SALT_RNG,1044,1008,42780219600,4,352,192,df3f619804a92fdb4057192dc43dd748ea778adc52bc498ce80524c014b81119
906,534003,20,RANDMIX_PRE,3,SALT_RNG,1044,1008,42780219630,640,352,192,74d2c143371a9179ee2b04113de3c5ebf1544e0137d66dbf2299ddd594eab3b4
907,534695,21,RANDMIX_POST,3,SALT_RNG,1044,1008,42780221074,640,352,192,7fae60f10b2742c438a29c441ece60ca9b9ca02d8ea72c2e10b11e5c655bd1f2
908,535387,10,RANDADD_INT32,3,SALT_RNG,1044,1008,42780221108,4,356,192,df3f619804a92fdb4057192dc43dd748ea778adc52bc498ce80524c014b81119
909,535443,10,RANDADD_INT32,3,SALT_RNG,1044,1008,42780221147,4,360,192,df3f619804a92fdb4057192dc43dd748ea778adc52bc498ce80524c014b81119
910,535499,10,RANDADD_INT32,3,SALT_RNG,1044,1008,42780221182,4,364,192,df3f619804a92fdb4057192dc43dd748ea778adc52bc498ce80524c014b81119
911,535555,10,RANDADD_INT32,3,SALT_RNG,1044,1008,42780221214,4,368,192,ad95131bc0b799c0b1af477fb14fcf26a6a9f76079e48bf090acb7e8367bfd0e
912,535611,20,RANDMIX_PRE,3,SALT_RNG,1044,1008,42780221245,640,368,192,df08e4751065c62bb564cc719bb6570512e04fccce66c54d44790a0f87e7162a
913,536303,21,RANDMIX_POST,3,SALT_RNG,1044,1008,42780222795,640,368,192,102d0ed3a74c75cf6c5da8282d0f572ba6a28f2b91d182218e8bb760134023ef
914,536995,10,RANDADD_INT32,3,SALT_RNG,1044,1008,42780222881,4,372,192,79b8326811c8aed22ebded58c3707f8c4a8bb778d565a89777a2739f2573644d
915,537051,10,RANDADD_INT32,3,SALT_RNG,1044,1008,42780222915,4,376,192,b4248c210a2905b94345e1a8414d0e12efcfb2f4f0f2397159a71283397a0ccd
916,537107,10,RANDADD_INT32,3,SALT_RNG,1044,1008,42780222946,4,380,192,758c1248a385ea416657ea4d5dbc676d749de58709d27b975afcef9f7e1e4cb6
917,537163,10,RANDADD_INT32,3,SALT_RNG,1044,1008,42780222977,4,384,192,fffd88b035b99fbd47056782289c518f3bb6d3ef72ab7f3e18885540c812205c
918,537219,20,RANDMIX_PRE,3,SALT_RNG,1044,1008,42780223007,640,384,192,eec1379cb41aa75932d3e1586e7049cc0d923834661c448891db5b3dc16bdeb1
919,537911,21,RANDMIX_POST,3,SALT_RNG,1044,1008,42780224525,640,384,192,77e76a60e366bcd8a25aeaf16233cfb0bd1f8ee251b2cb6b4000c6becc8168bc
920,538603,10,RANDADD_INT32,3,SALT_RNG,1044,1008,42780224559,4,388,192,8c97241db12240ee5c4adbe164bb2354fe4ab04d7e80acb32ff212f98740ebca
921,538659,10,RANDADD_INT32,3,SALT_RNG,1044,1008,42780224593,4,392,192,df3f619804a92fdb4057192dc43dd748ea778adc52bc498ce80524c014b81119
922,538715,10,RANDADD_INT32,3,SALT_RNG,1044,1008,42780224626,4,396,192,df3f619804a92fdb4057192dc43dd748ea778adc52bc498ce80524c014b81119
923,538771,10,RANDADD_INT32,3,SALT_RNG,1044,1008,42780224661,4,400,192,df3f619804a92fdb4057192dc43dd748ea778adc52bc498ce80524c014b81119
924,538827,20,RANDMIX_PRE,3,SALT_RNG,1044,1008,42780224692,640,400,192,1e0e84c4e540ce2690aa7aa00b2de4e66f0f0ac4f0d4eebb7d91679a8007f39e
925,539519,21,RANDMIX_POST,3,SALT_RNG,1044,1008,42780226365,640,400,192,5544671529093fce0124ef5c2c89ac2f96147e1085558f83a256a0c166c38974
926,540211,10,RANDADD_INT32,3,SALT_RNG,1044,1008,42780226403,4,404,192,df3f619804a92fdb4057192dc43dd748ea778adc52bc498ce80524c014b81119
927,540267,10,RANDADD_INT32,3,SALT_RNG,1044,1008,42780226438,4,408,192,df3f619804a92fdb4057192dc43dd748ea778adc52bc498ce80524c014b81119
928,540323,10,RANDADD_INT32,3,SALT_RNG,1044,1008,42780226470,4,412,192,a86b005caf09ceef631f5eefb89df997207c5717b1ae71b5abb00a3ef9c110d4
929,540379,10,RANDADD_INT32,3,SALT_RNG,1044,1008,42780226504,4,416,192,be8522bb06d1a90776076a1875a2de496fc4c5d4d56179130a4ed711f44fbfe8
930,540435,20,RANDMIX_PRE,3,SALT_RNG,1044,1008,42780226535,640,416,192,7ce240e92eee390f711a4358c9d6174e6a75e4eae602474c4ff92fa2458bed4b
931,541127,21,RANDMIX_POST,3,SALT_RNG,1044,1008,42780228029,640,416,192,999ba257100c16cff9de6d84245fa0f72a9ffa5ac0dd16a2566c9d9e9cd51223
932,541819,10,RANDADD_INT32,3,SALT_RNG,1044,1008,42780228068,4,420,192,df3f619804a92fdb4057192dc43dd748ea778adc52bc498ce80524c014b81119
933,541875,11,RANDADD_BUF,3,SALT_RNG,1044,1008,42780228102,8,424,192,af5570f5a1810b7af78caf4bc70a660f0df51e42baf91d4de5b2328de0e83dfc
934,541935,11,RANDADD_BUF,3,SALT_RNG,1044,1008,42780228136,8,432,192,b4eff3c79cd86a9d2e139edfed26cbbfe79f38d600a5d0edee0a5ea783a1ff39
935,541995,20,RANDMIX_PRE,3,SALT_RNG,1044,1008,42780228166,640,432,192,b8ead318b13d7c71e80030faaa88c974b9017324a8f6eb98b6ce81666bedabbe
936,542687,21,RANDMIX_POST,3,SALT_RNG,1044,1008,42780229853,640,432,192,9ff4a1205d53e22a9fab96f9260c5739a5e1768a65279d37664a46968ea0a9cc
937,543379,11,RANDADD_BUF,3,SALT_RNG,1044,1008,42780229912,32,440,192,3ef7ae4e04d5f727cb238a8475b0e4f2ff477d369f33188802a2e87af4e48894
938,543463,20,RANDMIX_PRE,3,SALT_RNG,1044,1008,42780229945,640,448,192,49b4e2e18900e17599469ef0abee78d6edc6aaa49685abf333cf092a4027062f
939,544155,21,RANDMIX_POST,3,SALT_RNG,1044,1008,42780231473,640,448,192,b85beb00f59dc46ef4b4b792d1abc00158ae0ceb54b2fa6f5870b1cfc8383a30
940,544847,20,RANDMIX_PRE,3,SALT_RNG,1044,1008,42780231556,640,464,192,189f768476b04f29227b1cd59fd30a92bf994451d913cc2c6884ad58fdb1d988
941,545539,21,RANDMIX_POST,3,SALT_RNG,1044,1008,42780233082,640,464,192,cb6895081bb41371ede10639565441c917815747f064263a5fe808cdd5ec6ca3
942,546231,11,RANDADD_BUF,3,SALT_RNG,1044,1008,42780233120,8,472,192,e5921f03ab051610da16bcada8083b0712aa3f3c843555476603b4676537dcfd
943,546291,11,RANDADD_BUF,3,SALT_RNG,1044,1008,42780233153,8,480,192,af5570f5a1810b7af78caf4bc70a660f0df51e42baf91d4de5b2328de0e83dfc
944,546351,20,RANDMIX_PRE,3,SALT_RNG,1044,1008,42780233184,640,480,192,858e866bba463a87c83372ca9404d917b952e634c8b2b8acf08685b4ffc16c16
945,547043,21,RANDMIX_POST,3,SALT_RNG,1044,1008,42780234874,640,480,192,5a2b49f982c3cf955a2e26b2d947ce8745a4886b1b691c1101c866aed44a59ea
946,547735,11,RANDADD_BUF,3,SALT_RNG,1044,1008,42780234908,8,488,192,c928b5f621e290d39bf17fe8c3ffac92618414fdd6a6ebca8675172154da1775
947,547795,11,RANDADD_BUF,3,SALT_RNG,1044,1008,42780234940,8,496,192,0bd941ef6eac5722526b3cc4ee21f9cb9db3e8f881680c14ff059424d28a5ce8
948,547855,20,RANDMIX_PRE,3,SALT_RNG,1044,1008,42780234970,640,496,192,a26ff11bb4cd2bc662916622e56c654a4312c0afc951cffdee64f3c06d45a77d
949,548547,21,RANDMIX_POST,3,SALT_RNG,1044,1008,42780236548,640,496,192,d2312b8b8120b8bca1c6d5b887c8bfe7ab9cc38351da2923c61cbe27eaac2e5b
950,549239,11,RANDADD_BUF,3,SALT_RNG,1044,1008,42780236635,8,504,192,e5921f03ab051610da16bcada8083b0712aa3f3c843555476603b4676537dcfd
951,549299,11,RANDADD_BUF,3,SALT_RNG,1044,1008,42780236670,8,512,192,af5570f5a1810b7af78caf4bc70a660f0df51e42baf91d4de5b2328de0e83dfc
952,549359,20,RANDMIX_PRE,3,SALT_RNG,1044,1008,42780236701,640,512,192,2bbe4d6e183b932955b400719c8b06e422e44650ea8eeeef035dd06b85461ece
953,550051,21,RANDMIX_POST,3,SALT_RNG,1044,1008,42780238145,640,512,192,c1f03f23a44dc6ef4fc7258c5e900a1f2dfc071b8b11886af1b53c5373ce7bd1
954,550743,11,RANDADD_BUF,3,SALT_RNG,1044,1008,42780238176,8,520,192,7e70207126188e60a01ef26709bc6aed68b90b349406a016393bbe979982c612
955,550803,11,RANDADD_BUF,3,SALT_RNG,1044,1008,42780238207,8,528,192,1c0cece7c8239274b30fb46c597832e1edae63d9e1ff7ada0fada1406aa8aef9
956,550863,20,RANDMIX_PRE,3,SALT_RNG,1044,1008,42780238238,640,528,192,42da1d3559c96f4953f6bcc1cbe7f3562ed606405ce05deb841bb76fd0e19b6e
957,551555,21,RANDMIX_POST,3,SALT_RNG,1044,1008,42780239811,640,528,192,4d7c328418bd205fee443fce63b33b1b989495910784a5307aced17a9181589b
958,552247,10,RANDADD_INT32,3,SALT_RNG,1044,1008,42780239851,4,536,192,43a6baf508b80e227e1e653a2670fc7393b0e54bbae2dc41d8b098a33e80e924
959,552303,10,RANDADD_INT32,3,SALT_RNG,1044,1008,42780239884,4,540,192,44c73cc42705f2c58be8fb0d02514d6b28886a24a01f273f36764f3f60548514
960,552359,11,RANDADD_BUF,3,SALT_RNG,1044,1008,42780239946,8,544,192,ba2f550ff0e9be40c9dce64706d60fc51e5ae2d002ef6dc743415de8a9553174
961,552419,20,RANDMIX_PRE,3,SALT_RNG,1044,1008,42780239978,640,544,192,735b9990c77f700f0af134cdd2f56e8bd54210133c51bf84ff1d9ee37844b84c
962,553111,21,RANDMIX_POST,3,SALT_RNG,1044,1008,42780241869,640,544,192,9d6270f4d9f1fbb7a0e4819aa78fe66afba446a4809e9fe48f07517c66f86532
963,553803,43,CGR_FAST_OUT,3,SALT_RNG,1044,1008,42780242003,640,552,192,dcc96b7c5f97186973393d346efa2256b3edc534e2e3a0633b36c7ee73c29679
964,554495,44,CGR_FAST_POOL_PRE,3,SALT_RNG,1044,1008,42780242035,640,552,192,6cd3117e60c9efe2404e65c87174147bf3ea078b753323f3ab79c00d7d8dd7c5
965,555187,11,RANDADD_BUF,3,SALT_RNG,1044,1008,42780242067,640,552,192,dcc96b7c5f97186973393d346efa2256b3edc534e2e3a0633b36c7ee73c29679
966,555879,20,RANDMIX_PRE,3,SALT_RNG,1044,1008,42780242098,640,560,192,2d4d5a943edcfcbaa1769656fe72e1652b86a9de9cfab0f3ff8e65abcc6e4698
967,556571,21,RANDMIX_POST,3,SALT_RNG,1044,1008,42780243643,640,560,192,dd2fdcdfc8b68c90a22069824c194a90a34c2eea1c5dd055bf5a5d84febe79b0
968,557263,20,RANDMIX_PRE,3,SALT_RNG,1044,1008,42780243727,640,576,192,9ebee7d3e5d63e38fdcf55936535d2af98ce4af0dbd4d3c5906b4f93aeee60c6
969,557955,21,RANDMIX_POST,3,SALT_RNG,1044,1008,42780245742,640,576,192,54faf022a754c4b12a3982d73800764b5f787cd138d9d1b895383e630c84c558
970,558647,20,RANDMIX_PRE,3,SALT_RNG,1044,1008,42780245778,640,592,192,278cd205873739227ee81459e26856f2bf01bb10d05b22d92cfb4847772fa763
971,559339,21,RANDMIX_POST,3,SALT_RNG,1044,1008,42780247403,640,592,192,0728b6228fcf6417186da462063c29a294c50279231adee57c413ed86af725d8
972,560031,20,RANDMIX_PRE,3,SALT_RNG,1044,1008,42780247446,640,608,192,8c3c34403be84ad4b26fe521780eef85f84e6d9ffa6c4bd92a4a9b797db734cf
973,560723,21,RANDMIX_POST,3,SALT_RNG,1044,1008,42780249217,640,608,192,82595e044eb286865012d673b4ef1a95747df7ce5d1520253d5ddc1899d45498
974,561415,20,RANDMIX_PRE,3,SALT_RNG,1044,1008,42780249337,640,624,192,3b08a5632d3b6eb90ec630d1d276761752afd38e3d25e934e45c9f0812d77905
975,562107,21,RANDMIX_POST,3,SALT_RNG,1044,1008,42780252635,640,624,192,d9e6f202fb0e7652bd739f9fbc4cabd2ffda9efec778f617923e1708b8c43d4f
976,562799,20,RANDMIX_PRE,3,SALT_RNG,1044,1008,42780252731,640,0,192,d6d0170f1191819e56f973a9effb6fc6d590d2211b309e363dc1f50e9884cd4c
977,563491,21,RANDMIX_POST,3,SALT_RNG,1044,1008,42780254370,640,0,192,2c1538234f3977f8442c36c87850231624653fa4c21fec0fc162da2181b48296
978,564183,20,RANDMIX_PRE,3,SALT_RNG,1044,1008,42780254410,640,16,192,6218aa85b5b42328842b1be596d16c8d4483736117f03ae6c205e6e3195ef3aa
979,564875,21,RANDMIX_POST,3,SALT_RNG,1044,1008,42780256056,640,16,192,5597aff58b82bfe3a8bb4464c08d4676ba4f9b2b1b44c1c142f43e923a8dba75
980,565567,20,RANDMIX_PRE,3,SALT_RNG,1044,1008,42780256195,640,32,192,cff3f935f50c5c3a736edb1fa659e9962f3da8c377025188378ddf10eecdf56e
981,566259,21,RANDMIX_POST,3,SALT_RNG,1044,1008,42780257871,640,32,192,75dc5d2e331eccf1d82f30b31da3bccc6096677072c68f838f4c444011416f18
982,566951,20,RANDMIX_PRE,3,SALT_RNG,1044,1008,42780257910,640,48,192,7e91c163c9b1c1e3cc545c8269708ad8af70c4bf28fde8aa737c947b66eca082
983,567643,21,RANDMIX_POST,3,SALT_RNG,1044,1008,42780259383,640,48,192,2941f3463b4208af834e509d4d4a82040e1cabcdc9c4f910a21bb5afc747d895
984,568335,20,RANDMIX_PRE,3,SALT_RNG,1044,1008,42780259415,640,64,192,389874afc449f69a1bbeec5fff6d11f909759af007349059c3c618a9251dea8e
985,569027,21,RANDMIX_POST,3,SALT_RNG,1044,1008,42780260857,640,64,192,7ded0d2b281dd6355d036e1074fd1a454775f4a7cc2e41aabed3e83a2fee4d29
986,569719,20,RANDMIX_PRE,3,SALT_RNG,1044,1008,42780260944,640,80,192,2ae44ed591e594b89c0abbd0cafc518a4cfb0f5c32f4dcc8ff6db4d953ec0ba4
987,570411,21,RANDMIX_POST,3,SALT_RNG,1044,1008,42780262461,640,80,192,6d37a2ac5c122fb0d2b32cd7179ebeca5be9ceec618ef6ab1dafe1b0db5ef135
988,571103,20,RANDMIX_PRE,3,SALT_RNG,1044,1008,42780262495,640,96,192,9ce2af70ac23e08b36da06383c84c1dde6cd027209907c843e484a28a3fce66d
989,571795,21,RANDMIX_POST,3,SALT_RNG,1044,1008,42780263935,640,96,192,b5704575d49873b04a4f088d5a7a1e27d22c9a5be24d0837911d4ebf6ed65af5
990,572487,20,RANDMIX_PRE,3,SALT_RNG,1044,1008,42780263966,640,112,192,c93ffc9e472a538d145b19093c8987b93dd8cc31fb0784c9dac62f1edb566654
991,573179,21,RANDMIX_POST,3,SALT_RNG,1044,1008,42780265432,640,112,192,84a64172f045bd1082145d15ffae282a6c6377a193fcb47ac3bee061931667bb
992,573871,20,RANDMIX_PRE,3,SALT_RNG,1044,1008,42780265516,640,128,192,e4561784f8ab3d6eb3c17c49ef789c8be460c10b87baeff801bfa971b44e913f
993,574563,21,RANDMIX_POST,3,SALT_RNG,1044,1008,42780267671,640,128,192,8df1835ccbde8fbf65b9ea2a1eb971f49dbfaa4ff3cc7c2956aed87ddc388c3c
994,575255,20,RANDMIX_PRE,3,SALT_RNG,1044,1008,42780267710,640,144,192,a32c44f435ecc5214422701e779143209037b1e5e31003ecd5716695f91ca2aa
995,575947,21,RANDMIX_POST,3,SALT_RNG,1044,1008,42780269286,640,144,192,b506be9ecce61d0f3cdca0d581bbb3695209ffa1d7534b00348aa43f1037bb90
996,576639,20,RANDMIX_PRE,3,SALT_RNG,1044,1008,42780269320,640,160,192,6e0998ef681b590f7bd3293c253321a58da16ca6d5192bbf8b9eba9a55d9b709
997,577331,21,RANDMIX_POST,3,SALT_RNG,1044,1008,42780270763,640,160,192,f390d24d914b2eae6958a2df275187fac866224de39e732c888f726fc9aaba6d
998,578023,20,RANDMIX_PRE,3,SALT_RNG,1044,1008,42780270851,640,176,192,ad0bbf895d7792136a898704b2b80f4a22efa108cfdf3b99f82a426d7d91ca79
999,578715,21,RANDMIX_POST,3,SALT_RNG,1044,1008,42780272410,640,176,192,1f49bfa4b60ad21d78892540c64634f843f7fe422f7d07a7d8943ea20d77c9c1
1000,579407,20,RANDMIX_PRE,3,SALT_RNG,1044,1008,42780272444,640,192,192,402127256ab2d10646d1a0b81af7a0b5ec216da86f06ad77ce41a11db5c018e4
1001,580099,21,RANDMIX_POST,3,SALT_RNG,1044,1008,42780273934,640,192,192,87fd3204fb6a7fc3d5ab73a874240ea31f1e0951e160374c12f1a0dfb1847f30
1002,580791,20,RANDMIX_PRE,3,SALT_RNG,1044,1008,42780273967,640,208,192,b7e49cc2ba4e910cf58fe3d5333059202739f61aa0a1f235346ee0260f5a409c
1003,581483,21,RANDMIX_POST,3,SALT_RNG,1044,1008,42780275676,640,208,192,ec1f4ce9e4b2f47f0cb164574c6f2a55cc29427e7ff62eadd41ef1c0be2a69cb
1004,582175,20,RANDMIX_PRE,3,SALT_RNG,1044,1008,42780275794,640,224,192,dc205dbc2523b8f5324146a825d547c43d3d4cab78e06564ef48c9a4d83864cc
1005,582867,21,RANDMIX_POST,3,SALT_RNG,1044,1008,42780277414,640,224,192,536b3959e7164d0c94d99f60995b7051809a66a57fcf17811b1b329348686439
1006,583559,20,RANDMIX_PRE,3,SALT_RNG,1044,1008,42780277449,640,240,192,34b06b95cd719c8b36ab1e29814cf8172b8130e2b1d2681eb7de17f522d29984
1007,584251,21,RANDMIX_POST,3,SALT_RNG,1044,1008,42780279208,640,240,192,bf079fabc1053c355339de7afdbc2cccea969c39b71661267ebb341536280040
1008,584943,20,RANDMIX_PRE,3,SALT_RNG,1044,1008,42780279274,640,256,192,a5014ce80d6099196a1705033c08017df47990a9de19b06d1b543983291c15dd
1009,585635,21,RANDMIX_POST,3,SALT_RNG,1044,1008,42780280719,640,256,192,3fb16aee6b8fbcbf450b9d253108f7f44f6df617376adf8d56d614b852d5fcb9
1010,586327,20,RANDMIX_PRE,3,SALT_RNG,1044,1008,42780280808,640,272,192,44e092a766149ce970f940019a235566a4dea9c49048cbb6ba545e620fbc7c3a
1011,587019,21,RANDMIX_POST,3,SALT_RNG,1044,1008,42780282254,640,272,192,446ace61fef308770d6fe3dfc5d0c87c7816fcdb6fa44e8183f7b7d13fd0d0db
1012,587711,20,RANDMIX_PRE,3,SALT_RNG,1044,1008,42780282286,640,288,192,410ac1b82a625b43cb9094159233ef7fa4eb2e3cda1bc12d61c5d833774b6716
1013,588403,21,RANDMIX_POST,3,SALT_RNG,1044,1008,42780283874,640,288,192,9b5b22ceb3cb7b7b5e683f71d747f989a9fb769d5b13c91760c269432a8fe549
1014,589095,20,RANDMIX_PRE,3,SALT_RNG,1044,1008,42780283909,640,304,192,212cf667cbb50edd225f984c8e3cefefdb36fdb0cdd02cf7a4582ea0f54e5533
1015,589787,21,RANDMIX_POST,3,SALT_RNG,1044,1008,42780285350,640,304,192,3dbc70001be59ea3b7a60d9ec544fead7bd07066d99bb458b38eef17f48ad472
1016,590479,20,RANDMIX_PRE,3,SALT_RNG,1044,1008,42780285442,640,320,192,adccf578ca07c0154d794b25f457b80e36963c636f97c985ef19edcbbca1ec4c
1017,591171,21,RANDMIX_POST,3,SALT_RNG,1044,1008,42780287018,640,320,192,27d79da11650b499aa15f79c2e21427fc3ebf3a6264e8cc2759d27b6b1d88dae
1018,591863,20,RANDMIX_PRE,3,SALT_RNG,1044,1008,42780287052,640,336,192,8769e41bbed29842247d39ff106dbea7b1aeb96eed7d02bda783bcf9be16a813
1019,592555,21,RANDMIX_POST,3,SALT_RNG,1044,1008,42780288493,640,336,192,2726eaa76d9a833c10e9ccbc23bc12ec2a72378f0e542b67ba3cc15bcdfa2854
1020,593247,20,RANDMIX_PRE,3,SALT_RNG,1044,1008,42780288525,640,352,192,58d7811b66b73637cfc5a4788484fc358b32198dce342197f4f9841d6165371d
1021,593939,21,RANDMIX_POST,3,SALT_RNG,1044,1008,42780290085,640,352,192,da931438cd062a299e72068ffcf8d73419584fb552b88b565affb0b10ae475fd
1022,594631,20,RANDMIX_PRE,3,SALT_RNG,1044,1008,42780290121,640,368,192,325df8d9da128724ec61270cfa461b5eae9ac09db83c7731e2aa45b85bc84eb6
1023,595323,21,RANDMIX_POST,3,SALT_RNG,1044,1008,42780291727,640,368,192,156dd780280f032fc174a7ec25261e6cb268ed6015afebe16b28415a7c0d717f
1024,596015,20,RANDMIX_PRE,3,SALT_RNG,1044,1008,42780291763,640,384,192,ca87fecf326dc7396d7feab4255f89e592e84ef867c9409ed142e7a3420fc27e
1025,596707,21,RANDMIX_POST,3,SALT_RNG,1044,1008,42780293433,640,384,192,571e5e0bb43e33dcd706acdac3536c4663358b10f48b9af4b2d3890408b06b45
1026,597399,20,RANDMIX_PRE,3,SALT_RNG,1044,1008,42780293595,640,400,192,d8f391f0d4f4333ed76e98b752c8bbe7500a850d26f380b0dbf26318a4cb2d63
1027,598091,21,RANDMIX_POST,3,SALT_RNG,1044,1008,42780295164,640,400,192,e1d6b3cbd68d6a82853bf09420caac772e8a073251f61380705e62d626eb4201
1028,598783,20,RANDMIX_PRE,3,SALT_RNG,1044,1008,42780295199,640,416,192,1d1769c4fd1e7a169c38043480c24cc9f79b5ec32fd0d472f88cb8a86f41144a
1029,599475,21,RANDMIX_POST,3,SALT_RNG,1044,1008,42780296641,640,416,192,c8e6934a2b3b676e00f17bb09f22b8eefb1bae66bdcb9b489b0017a5b20c9633
1030,600167,20,RANDMIX_PRE,3,SALT_RNG,1044,1008,42780296673,640,432,192,b4bdae8be19c3c5a88426cf31be1a53d76ce2b6dcf5af4af30e08dca815c2778
1031,600859,21,RANDMIX_POST,3,SALT_RNG,1044,1008,42780298209,640,432,192,c721b3a5ee6167eccf64f4a7797982a54efef331293c7008b2b89205a42a8bfd
1032,601551,20,RANDMIX_PRE,3,SALT_RNG,1044,1008,42780298243,640,448,192,fd4a700f08dd0f9fc598dabce62af012bf6ee2130ac52e56e1b672b91cce07d6
1033,602243,21,RANDMIX_POST,3,SALT_RNG,1044,1008,42780299826,640,448,192,b17e291858b253b15f21a50a4a727d596e4f0ff72c2828224b2404258b395663
1034,602935,20,RANDMIX_PRE,3,SALT_RNG,1044,1008,42780300098,640,464,192,953382159c7832189a4ab1b81af4cb94f847e3ded04b22bcead6ddf43eaed02c
1035,603627,21,RANDMIX_POST,3,SALT_RNG,1044,1008,42780301974,640,464,192,b5a9e83b26f70e536859b33ae4334eaf23e6b898859c843417a28553a2b45da3
1036,604319,20,RANDMIX_PRE,3,SALT_RNG,1044,1008,42780302009,640,480,192,e6c8db1fe1f8a726019deff767fe65ab6b042e8b48441be1d038ca36324cd348
1037,605011,21,RANDMIX_POST,3,SALT_RNG,1044,1008,42780303453,640,480,192,1d4b108dcc44de85ca5009e0d2e286af8c5138fbd3e5c136896f67c50262b445
1038,605703,20,RANDMIX_PRE,3,SALT_RNG,1044,1008,42780303485,640,496,192,7ed40fc3024072d4ce36c14043f5d060b1e3461a44858e1504d83db8c7674a9f
1039,606395,21,RANDMIX_POST,3,SALT_RNG,1044,1008,42780305090,640,496,192,16f8ea9ab0beb7d2a0d2a68260bf364c047d0b8bb723a8ee0f1eebc0b8f0a896
1040,607087,20,RANDMIX_PRE,3,SALT_RNG,1044,1008,42780305125,640,512,192,6978d51dc88229c681eacd769d6a070f7cac4100e8dd48a842f92a71af4d61c3
1041,607779,21,RANDMIX_POST,3,SALT_RNG,1044,1008,42780306569,640,512,192,dd344a7f92040241d8033b5624f6aebfd1c012cf25d11327a987b3ccce3fd45a
1042,608471,20,RANDMIX_PRE,3,SALT_RNG,1044,1008,42780306600,640,528,192,91b8d0a9f247df5fb95bff30ab1051d67adf663e8f892081d9bcc074c1b0ff1a
1043,609163,21,RANDMIX_POST,3,SALT_RNG,1044,1008,42780309843,640,528,192,1e67f37f4964b06c735ebc3d6d8ffede9f883a3d892f7f23663db894fbd83372
1044,609855,20,RANDMIX_PRE,3,SALT_RNG,1044,1008,42780309942,640,544,192,3898014143e9985624f1dd7de1a491d62afdafdc082ce999a7b09eab51a253f1
1045,610547,21,RANDMIX_POST,3,SALT_RNG,1044,1008,42780311715,640,544,192,56feea81fe458fcf013973863d57ebb025f86c7eda453d6948dcd062cc88d219
1046,611239,45,CGR_FAST_POOL_POST,3,SALT_RNG,1044,1008,42780311752,640,552,192,db278a0624f265b2d39f98b3c588f3ca66b330450548051edb3de38fd9fe3b24
1047,611931,20,RANDMIX_PRE,3,SALT_RNG,1044,1008,42780311786,640,552,192,db278a0624f265b2d39f98b3c588f3ca66b330450548051edb3de38fd9fe3b24
1048,612623,21,RANDMIX_POST,3,SALT_RNG,1044,1008,42780313416,640,552,192,429c417964dfe7c0f4f0d06cf2567732acfb1a20c6c767888a95a4745b72e8f6
1049,613315,34,RANDGET_OUT,3,SALT_RNG,1044,1008,42780313455,64,352,256,5af09cd71e9831fdf286a0e3c974894f245f5816d41ea73b30a7db26ed415327
1050,613431,35,RANDGET_POOL_POST,3,SALT_RNG,1044,1008,42780313488,640,352,256,429c417964dfe7c0f4f0d06cf2567732acfb1a20c6c767888a95a4745b72e8f6
1051,614123,54,SALT,3,SALT_RNG,1044,1008,42780313521,64,64,0,5af09cd71e9831fdf286a0e3c974894f245f5816d41ea73b30a7db26ed415327
1052,614239,55,PBKDF2_DK,4,KDF,1044,1008,42780735981,192,2000,1,e3b71e043cb587d20230f18013f5fd5e04db9bdfda59d80b6294c35c10381731
1053,614483,56,HEADER_PLAIN,4,KDF,1044,1008,42780736140,512,0,0,897c8615f2228013fdb495afb5514e161421bfa53de81d73e840d7efd60e990f
1054,615047,57,HEADER_KEY_PRIMARY,5,HEADER_ENC,1044,1008,42780736175,32,0,32,1a1d5bd6912072701fa0cc34560944bbe68714903dfea7d3fe5b71872a4e9eae
1055,615131,58,HEADER_KEY_SECONDARY,5,HEADER_ENC,1044,1008,42780736207,32,0,32,75927fe78da4b04b4b1d313ebca5ad82d59c891d23477e663edaa467bb4f8434
1056,615215,59,HEADER_CIPHER,5,HEADER_ENC,1044,1008,42780738019,512,0,0,6bc45917273fb42e997f9d4879703ed7a4419d16e3579017935b025933818612
