sequence,offset,event,event_name,phase,phase_name,pid,tid,qpc,data_len,aux0,aux1
1,0,1,INIT,0,NONE,1960,1964,136160974,0,0,0
2,52,60,FORMAT_PRIMARY_BEGIN,6,FORMAT,1960,1964,136357784,0,0,0
3,104,50,PASSWORD,1,HEADER,1960,1964,136357852,28,0,0
4,184,30,RANDGET_BEGIN,2,MASTER_RNG,1960,1964,136357899,0,64,1
5,236,31,RANDGET_POOL_PRE,2,MASTER_RNG,1960,1964,136357931,640,0,0
6,928,11,RANDADD_BUF,2,MASTER_RNG,1960,1964,136366185,232,0,0
7,1212,20,RANDMIX_PRE,2,MASTER_RNG,1960,1964,136366220,640,0,0
8,1904,21,RANDMIX_POST,2,MASTER_RNG,1960,1964,136370488,640,0,0
9,2596,20,RANDMIX_PRE,2,MASTER_RNG,1960,1964,136370543,640,16,0
10,3288,21,RANDMIX_POST,2,MASTER_RNG,1960,1964,136373025,640,16,0
11,3980,20,RANDMIX_PRE,2,MASTER_RNG,1960,1964,136373080,640,32,0
12,4672,21,RANDMIX_POST,2,MASTER_RNG,1960,1964,136375466,640,32,0
13,5364,20,RANDMIX_PRE,2,MASTER_RNG,1960,1964,136375519,640,48,0
14,6056,21,RANDMIX_POST,2,MASTER_RNG,1960,1964,136380207,640,48,0
15,6748,20,RANDMIX_PRE,2,MASTER_RNG,1960,1964,136380268,640,64,0
16,7440,21,RANDMIX_POST,2,MASTER_RNG,1960,1964,136382581,640,64,0
17,8132,20,RANDMIX_PRE,2,MASTER_RNG,1960,1964,136382624,640,80,0
18,8824,21,RANDMIX_POST,2,MASTER_RNG,1960,1964,136384376,640,80,0
19,9516,20,RANDMIX_PRE,2,MASTER_RNG,1960,1964,136384410,640,96,0
20,10208,21,RANDMIX_POST,2,MASTER_RNG,1960,1964,136385981,640,96,0
21,10900,20,RANDMIX_PRE,2,MASTER_RNG,1960,1964,136386017,640,112,0
22,11592,21,RANDMIX_POST,2,MASTER_RNG,1960,1964,136387587,640,112,0
23,12284,20,RANDMIX_PRE,2,MASTER_RNG,1960,1964,136387620,640,128,0
24,12976,21,RANDMIX_POST,2,MASTER_RNG,1960,1964,136389129,640,128,0
25,13668,20,RANDMIX_PRE,2,MASTER_RNG,1960,1964,136389162,640,144,0
26,14360,21,RANDMIX_POST,2,MASTER_RNG,1960,1964,136390610,640,144,0
27,15052,20,RANDMIX_PRE,2,MASTER_RNG,1960,1964,136390641,640,160,0
28,15744,21,RANDMIX_POST,2,MASTER_RNG,1960,1964,136392162,640,160,0
29,16436,20,RANDMIX_PRE,2,MASTER_RNG,1960,1964,136392232,640,176,0
30,17128,21,RANDMIX_POST,2,MASTER_RNG,1960,1964,136393680,640,176,0
31,17820,20,RANDMIX_PRE,2,MASTER_RNG,1960,1964,136393711,640,192,0
32,18512,21,RANDMIX_POST,2,MASTER_RNG,1960,1964,136395159,640,192,0
33,19204,20,RANDMIX_PRE,2,MASTER_RNG,1960,1964,136395190,640,208,0
34,19896,21,RANDMIX_POST,2,MASTER_RNG,1960,1964,136396730,640,208,0
35,20588,20,RANDMIX_PRE,2,MASTER_RNG,1960,1964,136396768,640,224,0
36,21280,21,RANDMIX_POST,2,MASTER_RNG,1960,1964,136398219,640,224,0
37,21972,11,RANDADD_BUF,2,MASTER_RNG,1960,1964,136398467,88,232,0
38,22112,20,RANDMIX_PRE,2,MASTER_RNG,1960,1964,136398500,640,240,0
39,22804,21,RANDMIX_POST,2,MASTER_RNG,1960,1964,136400076,640,240,0
40,23496,20,RANDMIX_PRE,2,MASTER_RNG,1960,1964,136400110,640,256,0
41,24188,21,RANDMIX_POST,2,MASTER_RNG,1960,1964,136401561,640,256,0
42,24880,20,RANDMIX_PRE,2,MASTER_RNG,1960,1964,136401601,640,272,0
43,25572,21,RANDMIX_POST,2,MASTER_RNG,1960,1964,136403142,640,272,0
44,26264,20,RANDMIX_PRE,2,MASTER_RNG,1960,1964,136403176,640,288,0
45,26956,21,RANDMIX_POST,2,MASTER_RNG,1960,1964,136404623,640,288,0
46,27648,20,RANDMIX_PRE,2,MASTER_RNG,1960,1964,136404654,640,304,0
47,28340,21,RANDMIX_POST,2,MASTER_RNG,1960,1964,136406164,640,304,0
48,29032,11,RANDADD_BUF,2,MASTER_RNG,1960,1964,136406370,88,320,0
49,29172,20,RANDMIX_PRE,2,MASTER_RNG,1960,1964,136406405,640,320,0
50,29864,21,RANDMIX_POST,2,MASTER_RNG,1960,1964,136408254,640,320,0
51,30556,20,RANDMIX_PRE,2,MASTER_RNG,1960,1964,136408297,640,336,0
52,31248,21,RANDMIX_POST,2,MASTER_RNG,1960,1964,136410223,640,336,0
53,31940,20,RANDMIX_PRE,2,MASTER_RNG,1960,1964,136410264,640,352,0
54,32632,21,RANDMIX_POST,2,MASTER_RNG,1960,1964,136411795,640,352,0
55,33324,20,RANDMIX_PRE,2,MASTER_RNG,1960,1964,136411833,640,368,0
56,34016,21,RANDMIX_POST,2,MASTER_RNG,1960,1964,136413355,640,368,0
57,34708,20,RANDMIX_PRE,2,MASTER_RNG,1960,1964,136413420,640,384,0
58,35400,21,RANDMIX_POST,2,MASTER_RNG,1960,1964,136414870,640,384,0
59,36092,20,RANDMIX_PRE,2,MASTER_RNG,1960,1964,136414901,640,400,0
60,36784,21,RANDMIX_POST,2,MASTER_RNG,1960,1964,136416387,640,400,0
61,37476,40,CGR_SLOW_OUT,2,MASTER_RNG,1960,1964,136416571,640,408,0
62,38168,41,CGR_SLOW_POOL_PRE,2,MASTER_RNG,1960,1964,136416935,640,408,0
63,38860,11,RANDADD_BUF,2,MASTER_RNG,1960,1964,136418768,640,408,0
64,39552,20,RANDMIX_PRE,2,MASTER_RNG,1960,1964,136418881,640,416,0
65,40244,21,RANDMIX_POST,2,MASTER_RNG,1960,1964,136420470,640,416,0
66,40936,20,RANDMIX_PRE,2,MASTER_RNG,1960,1964,136420536,640,432,0
67,41628,21,RANDMIX_POST,2,MASTER_RNG,1960,1964,136421995,640,432,0
68,42320,20,RANDMIX_PRE,2,MASTER_RNG,1960,1964,136422028,640,448,0
69,43012,21,RANDMIX_POST,2,MASTER_RNG,1960,1964,136423475,640,448,0
70,43704,20,RANDMIX_PRE,2,MASTER_RNG,1960,1964,136423507,640,464,0
71,44396,21,RANDMIX_POST,2,MASTER_RNG,1960,1964,136424975,640,464,0
72,45088,20,RANDMIX_PRE,2,MASTER_RNG,1960,1964,136425013,640,480,0
73,45780,21,RANDMIX_POST,2,MASTER_RNG,1960,1964,136426462,640,480,0
74,46472,20,RANDMIX_PRE,2,MASTER_RNG,1960,1964,136426494,640,496,0
75,47164,21,RANDMIX_POST,2,MASTER_RNG,1960,1964,136428005,640,496,0
76,47856,20,RANDMIX_PRE,2,MASTER_RNG,1960,1964,136428038,640,512,0
77,48548,21,RANDMIX_POST,2,MASTER_RNG,1960,1964,136429486,640,512,0
78,49240,20,RANDMIX_PRE,2,MASTER_RNG,1960,1964,136429522,640,528,0
79,49932,21,RANDMIX_POST,2,MASTER_RNG,1960,1964,136430971,640,528,0
80,50624,20,RANDMIX_PRE,2,MASTER_RNG,1960,1964,136431003,640,544,0
81,51316,21,RANDMIX_POST,2,MASTER_RNG,1960,1964,136432475,640,544,0
82,52008,20,RANDMIX_PRE,2,MASTER_RNG,1960,1964,136432508,640,560,0
83,52700,21,RANDMIX_POST,2,MASTER_RNG,1960,1964,136434268,640,560,0
84,53392,20,RANDMIX_PRE,2,MASTER_RNG,1960,1964,136434308,640,576,0
85,54084,21,RANDMIX_POST,2,MASTER_RNG,1960,1964,136435823,640,576,0
86,54776,20,RANDMIX_PRE,2,MASTER_RNG,1960,1964,136435856,640,592,0
87,55468,21,RANDMIX_POST,2,MASTER_RNG,1960,1964,136437302,640,592,0
88,56160,20,RANDMIX_PRE,2,MASTER_RNG,1960,1964,136437333,640,608,0
89,56852,21,RANDMIX_POST,2,MASTER_RNG,1960,1964,136438802,640,608,0
90,57544,20,RANDMIX_PRE,2,MASTER_RNG,1960,1964,136438840,640,624,0
91,58236,21,RANDMIX_POST,2,MASTER_RNG,1960,1964,136440333,640,624,0
92,58928,20,RANDMIX_PRE,2,MASTER_RNG,1960,1964,136440366,640,0,0
93,59620,21,RANDMIX_POST,2,MASTER_RNG,1960,1964,136441874,640,0,0
94,60312,20,RANDMIX_PRE,2,MASTER_RNG,1960,1964,136441907,640,16,0
95,61004,21,RANDMIX_POST,2,MASTER_RNG,1960,1964,136443355,640,16,0
96,61696,20,RANDMIX_PRE,2,MASTER_RNG,1960,1964,136443392,640,32,0
97,62388,21,RANDMIX_POST,2,MASTER_RNG,1960,1964,136444839,640,32,0
98,63080,20,RANDMIX_PRE,2,MASTER_RNG,1960,1964,136444871,640,48,0
99,63772,21,RANDMIX_POST,2,MASTER_RNG,1960,1964,136446367,640,48,0
100,64464,20,RANDMIX_PRE,2,MASTER_RNG,1960,1964,136446401,640,64,0
101,65156,21,RANDMIX_POST,2,MASTER_RNG,1960,1964,136447847,640,64,0
102,65848,20,RANDMIX_PRE,2,MASTER_RNG,1960,1964,136447884,640,80,0
103,66540,21,RANDMIX_POST,2,MASTER_RNG,1960,1964,136449353,640,80,0
104,67232,20,RANDMIX_PRE,2,MASTER_RNG,1960,1964,136449386,640,96,0
105,67924,21,RANDMIX_POST,2,MASTER_RNG,1960,1964,136450833,640,96,0
106,68616,20,RANDMIX_PRE,2,MASTER_RNG,1960,1964,136450864,640,112,0
107,69308,21,RANDMIX_POST,2,MASTER_RNG,1960,1964,136452383,640,112,0
108,70000,20,RANDMIX_PRE,2,MASTER_RNG,1960,1964,136452420,640,128,0
109,70692,21,RANDMIX_POST,2,MASTER_RNG,1960,1964,136454142,640,128,0
110,71384,20,RANDMIX_PRE,2,MASTER_RNG,1960,1964,136454177,640,144,0
111,72076,21,RANDMIX_POST,2,MASTER_RNG,1960,1964,136455624,640,144,0
112,72768,20,RANDMIX_PRE,2,MASTER_RNG,1960,1964,136455656,640,160,0
113,73460,21,RANDMIX_POST,2,MASTER_RNG,1960,1964,136457133,640,160,0
114,74152,20,RANDMIX_PRE,2,MASTER_RNG,1960,1964,136457172,640,176,0
115,74844,21,RANDMIX_POST,2,MASTER_RNG,1960,1964,136458619,640,176,0
116,75536,20,RANDMIX_PRE,2,MASTER_RNG,1960,1964,136458651,640,192,0
117,76228,21,RANDMIX_POST,2,MASTER_RNG,1960,1964,136460147,640,192,0
118,76920,20,RANDMIX_PRE,2,MASTER_RNG,1960,1964,136460180,640,208,0
119,77612,21,RANDMIX_POST,2,MASTER_RNG,1960,1964,136461627,640,208,0
120,78304,20,RANDMIX_PRE,2,MASTER_RNG,1960,1964,136461664,640,224,0
121,78996,21,RANDMIX_POST,2,MASTER_RNG,1960,1964,136463110,640,224,0
122,79688,20,RANDMIX_PRE,2,MASTER_RNG,1960,1964,136463141,640,240,0
123,80380,21,RANDMIX_POST,2,MASTER_RNG,1960,1964,136464612,640,240,0
124,81072,20,RANDMIX_PRE,2,MASTER_RNG,1960,1964,136464645,640,256,0
125,81764,21,RANDMIX_POST,2,MASTER_RNG,1960,1964,136466173,640,256,0
126,82456,20,RANDMIX_PRE,2,MASTER_RNG,1960,1964,136466211,640,272,0
127,83148,21,RANDMIX_POST,2,MASTER_RNG,1960,1964,136468190,640,272,0
128,83840,20,RANDMIX_PRE,2,MASTER_RNG,1960,1964,136468273,640,288,0
129,84532,21,RANDMIX_POST,2,MASTER_RNG,1960,1964,136469801,640,288,0
130,85224,20,RANDMIX_PRE,2,MASTER_RNG,1960,1964,136469836,640,304,0
131,85916,21,RANDMIX_POST,2,MASTER_RNG,1960,1964,136471319,640,304,0
132,86608,20,RANDMIX_PRE,2,MASTER_RNG,1960,1964,136471358,640,320,0
133,87300,21,RANDMIX_POST,2,MASTER_RNG,1960,1964,136472805,640,320,0
134,87992,20,RANDMIX_PRE,2,MASTER_RNG,1960,1964,136472836,640,336,0
135,88684,21,RANDMIX_POST,2,MASTER_RNG,1960,1964,136475919,640,336,0
136,89376,20,RANDMIX_PRE,2,MASTER_RNG,1960,1964,136476027,640,352,0
137,90068,21,RANDMIX_POST,2,MASTER_RNG,1960,1964,136477520,640,352,0
138,90760,20,RANDMIX_PRE,2,MASTER_RNG,1960,1964,136477565,640,368,0
139,91452,21,RANDMIX_POST,2,MASTER_RNG,1960,1964,136479106,640,368,0
140,92144,20,RANDMIX_PRE,2,MASTER_RNG,1960,1964,136479140,640,384,0
141,92836,21,RANDMIX_POST,2,MASTER_RNG,1960,1964,136480587,640,384,0
142,93528,20,RANDMIX_PRE,2,MASTER_RNG,1960,1964,136480618,640,400,0
143,94220,21,RANDMIX_POST,2,MASTER_RNG,1960,1964,136482261,640,400,0
144,94912,42,CGR_SLOW_POOL_POST,2,MASTER_RNG,1960,1964,136482297,640,408,0
145,95604,20,RANDMIX_PRE,2,MASTER_RNG,1960,1964,136482334,640,408,0
146,96296,21,RANDMIX_POST,2,MASTER_RNG,1960,1964,136483780,640,408,0
147,96988,10,RANDADD_INT32,2,MASTER_RNG,1960,1964,136483840,4,408,0
148,97044,10,RANDADD_INT32,2,MASTER_RNG,1960,1964,136483874,4,412,0
149,97100,10,RANDADD_INT32,2,MASTER_RNG,1960,1964,136485606,4,416,0
150,97156,20,RANDMIX_PRE,2,MASTER_RNG,1960,1964,136485640,640,416,0
151,97848,21,RANDMIX_POST,2,MASTER_RNG,1960,1964,136487209,640,416,0
152,98540,10,RANDADD_INT32,2,MASTER_RNG,1960,1964,136487267,4,420,0
153,98596,10,RANDADD_INT32,2,MASTER_RNG,1960,1964,136487302,4,424,0
154,98652,10,RANDADD_INT32,2,MASTER_RNG,1960,1964,136487334,4,428,0
155,98708,10,RANDADD_INT32,2,MASTER_RNG,1960,1964,136487366,4,432,0
156,98764,20,RANDMIX_PRE,2,MASTER_RNG,1960,1964,136487398,640,432,0
157,99456,21,RANDMIX_POST,2,MASTER_RNG,1960,1964,136489009,640,432,0
158,100148,10,RANDADD_INT32,2,MASTER_RNG,1960,1964,136489254,4,436,0
159,100204,10,RANDADD_INT32,2,MASTER_RNG,1960,1964,136489291,4,440,0
160,100260,10,RANDADD_INT32,2,MASTER_RNG,1960,1964,136489340,4,444,0
161,100316,10,RANDADD_INT32,2,MASTER_RNG,1960,1964,136489404,4,448,0
162,100372,20,RANDMIX_PRE,2,MASTER_RNG,1960,1964,136489437,640,448,0
163,101064,21,RANDMIX_POST,2,MASTER_RNG,1960,1964,136490886,640,448,0
164,101756,10,RANDADD_INT32,2,MASTER_RNG,1960,1964,136490929,4,452,0
165,101812,10,RANDADD_INT32,2,MASTER_RNG,1960,1964,136490963,4,456,0
166,101868,10,RANDADD_INT32,2,MASTER_RNG,1960,1964,136490995,4,460,0
167,101924,10,RANDADD_INT32,2,MASTER_RNG,1960,1964,136491030,4,464,0
168,101980,20,RANDMIX_PRE,2,MASTER_RNG,1960,1964,136491060,640,464,0
169,102672,21,RANDMIX_POST,2,MASTER_RNG,1960,1964,136492621,640,464,0
170,103364,10,RANDADD_INT32,2,MASTER_RNG,1960,1964,136492655,4,468,0
171,103420,10,RANDADD_INT32,2,MASTER_RNG,1960,1964,136492688,4,472,0
172,103476,10,RANDADD_INT32,2,MASTER_RNG,1960,1964,136492729,4,476,0
173,103532,11,RANDADD_BUF,2,MASTER_RNG,1960,1964,136492762,8,480,0
174,103592,20,RANDMIX_PRE,2,MASTER_RNG,1960,1964,136492793,640,480,0
175,104284,21,RANDMIX_POST,2,MASTER_RNG,1960,1964,136494244,640,480,0
176,104976,11,RANDADD_BUF,2,MASTER_RNG,1960,1964,136494277,8,488,0
177,105036,11,RANDADD_BUF,2,MASTER_RNG,1960,1964,136494325,32,496,0
178,105120,20,RANDMIX_PRE,2,MASTER_RNG,1960,1964,136494356,640,496,0
179,105812,21,RANDMIX_POST,2,MASTER_RNG,1960,1964,136495839,640,496,0
180,106504,20,RANDMIX_PRE,2,MASTER_RNG,1960,1964,136495878,640,512,0
181,107196,21,RANDMIX_POST,2,MASTER_RNG,1960,1964,136497331,640,512,0
182,107888,11,RANDADD_BUF,2,MASTER_RNG,1960,1964,136497365,8,528,0
183,107948,20,RANDMIX_PRE,2,MASTER_RNG,1960,1964,136497395,640,528,0
184,108640,21,RANDMIX_POST,2,MASTER_RNG,1960,1964,136498845,640,528,0
185,109332,11,RANDADD_BUF,2,MASTER_RNG,1960,1964,136498876,8,536,0
186,109392,11,RANDADD_BUF,2,MASTER_RNG,1960,1964,136498906,8,544,0
187,109452,20,RANDMIX_PRE,2,MASTER_RNG,1960,1964,136498936,640,544,0
188,110144,21,RANDMIX_POST,2,MASTER_RNG,1960,1964,136500514,640,544,0
189,110836,11,RANDADD_BUF,2,MASTER_RNG,1960,1964,136500554,8,552,0
190,110896,11,RANDADD_BUF,2,MASTER_RNG,1960,1964,136500589,8,560,0
191,110956,20,RANDMIX_PRE,2,MASTER_RNG,1960,1964,136500620,640,560,0
192,111648,21,RANDMIX_POST,2,MASTER_RNG,1960,1964,136502072,640,560,0
193,112340,11,RANDADD_BUF,2,MASTER_RNG,1960,1964,136502104,8,568,0
194,112400,11,RANDADD_BUF,2,MASTER_RNG,1960,1964,136502134,8,576,0
195,112460,20,RANDMIX_PRE,2,MASTER_RNG,1960,1964,136502164,640,576,0
196,113152,21,RANDMIX_POST,2,MASTER_RNG,1960,1964,136503641,640,576,0
197,113844,11,RANDADD_BUF,2,MASTER_RNG,1960,1964,136503674,8,584,0
198,113904,10,RANDADD_INT32,2,MASTER_RNG,1960,1964,136505041,4,592,0
199,113960,20,RANDMIX_PRE,2,MASTER_RNG,1960,1964,136505075,640,592,0
200,114652,21,RANDMIX_POST,2,MASTER_RNG,1960,1964,136506633,640,592,0
201,115344,10,RANDADD_INT32,2,MASTER_RNG,1960,1964,136506672,4,596,0
202,115400,11,RANDADD_BUF,2,MASTER_RNG,1960,1964,136506706,68,600,0
203,115520,20,RANDMIX_PRE,2,MASTER_RNG,1960,1964,136506737,640,608,0
204,116212,21,RANDMIX_POST,2,MASTER_RNG,1960,1964,136508190,640,608,0
205,116904,20,RANDMIX_PRE,2,MASTER_RNG,1960,1964,136508221,640,624,0
206,117596,21,RANDMIX_POST,2,MASTER_RNG,1960,1964,136509674,640,624,0
207,118288,20,RANDMIX_PRE,2,MASTER_RNG,1960,1964,136509705,640,0,0
208,118980,21,RANDMIX_POST,2,MASTER_RNG,1960,1964,136511271,640,0,0
209,119672,20,RANDMIX_PRE,2,MASTER_RNG,1960,1964,136511305,640,16,0
210,120364,21,RANDMIX_POST,2,MASTER_RNG,1960,1964,136512758,640,16,0
211,121056,11,RANDADD_BUF,2,MASTER_RNG,1960,1964,136512818,8,28,0
212,121116,20,RANDMIX_PRE,2,MASTER_RNG,1960,1964,136512848,640,32,0
213,121808,21,RANDMIX_POST,2,MASTER_RNG,1960,1964,136514553,640,32,0
214,122500,43,CGR_FAST_OUT,2,MASTER_RNG,1960,1964,136514685,640,36,0
215,123192,44,CGR_FAST_POOL_PRE,2,MASTER_RNG,1960,1964,136514723,640,36,0
216,123884,11,RANDADD_BUF,2,MASTER_RNG,1960,1964,136514754,640,36,0
217,124576,20,RANDMIX_PRE,2,MASTER_RNG,1960,1964,136514785,640,48,0
218,125268,21,RANDMIX_POST,2,MASTER_RNG,1960,1964,136516234,640,48,0
219,125960,20,RANDMIX_PRE,2,MASTER_RNG,1960,1964,136516265,640,64,0
220,126652,21,RANDMIX_POST,2,MASTER_RNG,1960,1964,136518127,640,64,0
221,127344,20,RANDMIX_PRE,2,MASTER_RNG,1960,1964,136518169,640,80,0
222,128036,21,RANDMIX_POST,2,MASTER_RNG,1960,1964,136519624,640,80,0
223,128728,20,RANDMIX_PRE,2,MASTER_RNG,1960,1964,136519655,640,96,0
224,129420,21,RANDMIX_POST,2,MASTER_RNG,1960,1964,136521215,640,96,0
225,130112,20,RANDMIX_PRE,2,MASTER_RNG,1960,1964,136521249,640,112,0
226,130804,21,RANDMIX_POST,2,MASTER_RNG,1960,1964,136522858,640,112,0
227,131496,20,RANDMIX_PRE,2,MASTER_RNG,1960,1964,136522908,640,128,0
228,132188,21,RANDMIX_POST,2,MASTER_RNG,1960,1964,136524496,640,128,0
229,132880,20,RANDMIX_PRE,2,MASTER_RNG,1960,1964,136524530,640,144,0
230,133572,21,RANDMIX_POST,2,MASTER_RNG,1960,1964,136525983,640,144,0
231,134264,20,RANDMIX_PRE,2,MASTER_RNG,1960,1964,136526014,640,160,0
232,134956,21,RANDMIX_POST,2,MASTER_RNG,1960,1964,136527464,640,160,0
233,135648,20,RANDMIX_PRE,2,MASTER_RNG,1960,1964,136527500,640,176,0
234,136340,21,RANDMIX_POST,2,MASTER_RNG,1960,1964,136529076,640,176,0
235,137032,20,RANDMIX_PRE,2,MASTER_RNG,1960,1964,136529109,640,192,0
236,137724,21,RANDMIX_POST,2,MASTER_RNG,1960,1964,136530650,640,192,0
237,138416,20,RANDMIX_PRE,2,MASTER_RNG,1960,1964,136530684,640,208,0
238,139108,21,RANDMIX_POST,2,MASTER_RNG,1960,1964,136533236,640,208,0
239,139800,20,RANDMIX_PRE,2,MASTER_RNG,1960,1964,136533379,640,224,0
240,140492,21,RANDMIX_POST,2,MASTER_RNG,1960,1964,136534833,640,224,0
241,141184,20,RANDMIX_PRE,2,MASTER_RNG,1960,1964,136534869,640,240,0
242,141876,21,RANDMIX_POST,2,MASTER_RNG,1960,1964,136536513,640,240,0
243,142568,20,RANDMIX_PRE,2,MASTER_RNG,1960,1964,136536546,640,256,0
244,143260,21,RANDMIX_POST,2,MASTER_RNG,1960,1964,136538009,640,256,0
245,143952,20,RANDMIX_PRE,2,MASTER_RNG,1960,1964,136538099,640,272,0
246,144644,21,RANDMIX_POST,2,MASTER_RNG,1960,1964,136539665,640,272,0
247,145336,20,RANDMIX_PRE,2,MASTER_RNG,1960,1964,136539699,640,288,0
248,146028,21,RANDMIX_POST,2,MASTER_RNG,1960,1964,136541146,640,288,0
249,146720,20,RANDMIX_PRE,2,MASTER_RNG,1960,1964,136541177,640,304,0
250,147412,21,RANDMIX_POST,2,MASTER_RNG,1960,1964,136542824,640,304,0
251,148104,20,RANDMIX_PRE,2,MASTER_RNG,1960,1964,136542864,640,320,0
252,148796,21,RANDMIX_POST,2,MASTER_RNG,1960,1964,136544676,640,320,0
253,149488,20,RANDMIX_PRE,2,MASTER_RNG,1960,1964,136544710,640,336,0
254,150180,21,RANDMIX_POST,2,MASTER_RNG,1960,1964,136546596,640,336,0
255,150872,20,RANDMIX_PRE,2,MASTER_RNG,1960,1964,136546630,640,352,0
256,151564,21,RANDMIX_POST,2,MASTER_RNG,1960,1964,136548128,640,352,0
257,152256,20,RANDMIX_PRE,2,MASTER_RNG,1960,1964,136548190,640,368,0
258,152948,21,RANDMIX_POST,2,MASTER_RNG,1960,1964,136549666,640,368,0
259,153640,20,RANDMIX_PRE,2,MASTER_RNG,1960,1964,136549699,640,384,0
260,154332,21,RANDMIX_POST,2,MASTER_RNG,1960,1964,136551151,640,384,0
261,155024,20,RANDMIX_PRE,2,MASTER_RNG,1960,1964,136551182,640,400,0
262,155716,21,RANDMIX_POST,2,MASTER_RNG,1960,1964,136552639,640,400,0
263,156408,20,RANDMIX_PRE,2,MASTER_RNG,1960,1964,136552671,640,416,0
264,157100,21,RANDMIX_POST,2,MASTER_RNG,1960,1964,136554246,640,416,0
265,157792,20,RANDMIX_PRE,2,MASTER_RNG,1960,1964,136554280,640,432,0
266,158484,21,RANDMIX_POST,2,MASTER_RNG,1960,1964,136555730,640,432,0
267,159176,20,RANDMIX_PRE,2,MASTER_RNG,1960,1964,136555761,640,448,0
268,159868,21,RANDMIX_POST,2,MASTER_RNG,1960,1964,136557242,640,448,0
269,160560,20,RANDMIX_PRE,2,MASTER_RNG,1960,1964,136557275,640,464,0
270,161252,21,RANDMIX_POST,2,MASTER_RNG,1960,1964,136558804,640,464,0
271,161944,20,RANDMIX_PRE,2,MASTER_RNG,1960,1964,136558836,640,480,0
272,162636,21,RANDMIX_POST,2,MASTER_RNG,1960,1964,136560310,640,480,0
273,163328,20,RANDMIX_PRE,2,MASTER_RNG,1960,1964,136560342,640,496,0
274,164020,21,RANDMIX_POST,2,MASTER_RNG,1960,1964,136561800,640,496,0
275,164712,20,RANDMIX_PRE,2,MASTER_RNG,1960,1964,136561832,640,512,0
276,165404,21,RANDMIX_POST,2,MASTER_RNG,1960,1964,136563284,640,512,0
277,166096,20,RANDMIX_PRE,2,MASTER_RNG,1960,1964,136563314,640,528,0
278,166788,21,RANDMIX_POST,2,MASTER_RNG,1960,1964,136564814,640,528,0
279,167480,20,RANDMIX_PRE,2,MASTER_RNG,1960,1964,136564847,640,544,0
280,168172,21,RANDMIX_POST,2,MASTER_RNG,1960,1964,136566301,640,544,0
281,168864,20,RANDMIX_PRE,2,MASTER_RNG,1960,1964,136566333,640,560,0
282,169556,21,RANDMIX_POST,2,MASTER_RNG,1960,1964,136567806,640,560,0
283,170248,20,RANDMIX_PRE,2,MASTER_RNG,1960,1964,136567839,640,576,0
284,170940,21,RANDMIX_POST,2,MASTER_RNG,1960,1964,136569287,640,576,0
285,171632,20,RANDMIX_PRE,2,MASTER_RNG,1960,1964,136569318,640,592,0
286,172324,21,RANDMIX_POST,2,MASTER_RNG,1960,1964,136570793,640,592,0
287,173016,20,RANDMIX_PRE,2,MASTER_RNG,1960,1964,136570826,640,608,0
288,173708,21,RANDMIX_POST,2,MASTER_RNG,1960,1964,136572274,640,608,0
289,174400,20,RANDMIX_PRE,2,MASTER_RNG,1960,1964,136572305,640,624,0
290,175092,21,RANDMIX_POST,2,MASTER_RNG,1960,1964,136573753,640,624,0
291,175784,20,RANDMIX_PRE,2,MASTER_RNG,1960,1964,136573784,640,0,0
292,176476,21,RANDMIX_POST,2,MASTER_RNG,1960,1964,136575287,640,0,0
293,177168,20,RANDMIX_PRE,2,MASTER_RNG,1960,1964,136575320,640,16,0
294,177860,21,RANDMIX_POST,2,MASTER_RNG,1960,1964,136576769,640,16,0
295,178552,20,RANDMIX_PRE,2,MASTER_RNG,1960,1964,136576800,640,32,0
296,179244,21,RANDMIX_POST,2,MASTER_RNG,1960,1964,136578272,640,32,0
297,179936,45,CGR_FAST_POOL_POST,2,MASTER_RNG,1960,1964,136578306,640,36,0
298,180628,20,RANDMIX_PRE,2,MASTER_RNG,1960,1964,136578342,640,36,0
299,181320,21,RANDMIX_POST,2,MASTER_RNG,1960,1964,136579792,640,36,0
300,182012,32,RANDGET_RAW,2,MASTER_RNG,1960,1964,136579824,64,408,64
301,182128,33,RANDGET_POOL_INVERTED,2,MASTER_RNG,1960,1964,136579855,640,408,64
302,182820,10,RANDADD_INT32,2,MASTER_RNG,1960,1964,136579892,4,408,64
303,182876,10,RANDADD_INT32,2,MASTER_RNG,1960,1964,136579924,4,412,64
304,182932,10,RANDADD_INT32,2,MASTER_RNG,1960,1964,136579959,4,416,64
305,182988,20,RANDMIX_PRE,2,MASTER_RNG,1960,1964,136579989,640,416,64
306,183680,21,RANDMIX_POST,2,MASTER_RNG,1960,1964,136581452,640,416,64
307,184372,10,RANDADD_INT32,2,MASTER_RNG,1960,1964,136581496,4,420,64
308,184428,10,RANDADD_INT32,2,MASTER_RNG,1960,1964,136581528,4,424,64
309,184484,10,RANDADD_INT32,2,MASTER_RNG,1960,1964,136581559,4,428,64
310,184540,10,RANDADD_INT32,2,MASTER_RNG,1960,1964,136581589,4,432,64
311,184596,20,RANDMIX_PRE,2,MASTER_RNG,1960,1964,136581619,640,432,64
312,185288,21,RANDMIX_POST,2,MASTER_RNG,1960,1964,136583067,640,432,64
313,185980,10,RANDADD_INT32,2,MASTER_RNG,1960,1964,136583097,4,436,64
314,186036,10,RANDADD_INT32,2,MASTER_RNG,1960,1964,136583128,4,440,64
315,186092,10,RANDADD_INT32,2,MASTER_RNG,1960,1964,136583160,4,444,64
316,186148,10,RANDADD_INT32,2,MASTER_RNG,1960,1964,136583191,4,448,64
317,186204,20,RANDMIX_PRE,2,MASTER_RNG,1960,1964,136583221,640,448,64
318,186896,21,RANDMIX_POST,2,MASTER_RNG,1960,1964,136584665,640,448,64
319,187588,10,RANDADD_INT32,2,MASTER_RNG,1960,1964,136584697,4,452,64
320,187644,10,RANDADD_INT32,2,MASTER_RNG,1960,1964,136584730,4,456,64
321,187700,10,RANDADD_INT32,2,MASTER_RNG,1960,1964,136584761,4,460,64
322,187756,10,RANDADD_INT32,2,MASTER_RNG,1960,1964,136584796,4,464,64
323,187812,20,RANDMIX_PRE,2,MASTER_RNG,1960,1964,136584826,640,464,64
324,188504,21,RANDMIX_POST,2,MASTER_RNG,1960,1964,136586327,640,464,64
325,189196,10,RANDADD_INT32,2,MASTER_RNG,1960,1964,136586361,4,468,64
326,189252,10,RANDADD_INT32,2,MASTER_RNG,1960,1964,136586395,4,472,64
327,189308,10,RANDADD_INT32,2,MASTER_RNG,1960,1964,136586428,4,476,64
328,189364,11,RANDADD_BUF,2,MASTER_RNG,1960,1964,136586460,8,480,64
329,189424,20,RANDMIX_PRE,2,MASTER_RNG,1960,1964,136586490,640,480,64
330,190116,21,RANDMIX_POST,2,MASTER_RNG,1960,1964,136587939,640,480,64
331,190808,11,RANDADD_BUF,2,MASTER_RNG,1960,1964,136587973,8,488,64
332,190868,11,RANDADD_BUF,2,MASTER_RNG,1960,1964,136588026,32,496,64
333,190952,20,RANDMIX_PRE,2,MASTER_RNG,1960,1964,136588057,640,496,64
334,191644,21,RANDMIX_POST,2,MASTER_RNG,1960,1964,136590997,640,496,64
335,192336,20,RANDMIX_PRE,2,MASTER_RNG,1960,1964,136591136,640,512,64
336,193028,21,RANDMIX_POST,2,MASTER_RNG,1960,1964,136592759,640,512,64
337,193720,11,RANDADD_BUF,2,MASTER_RNG,1960,1964,136592799,8,528,64
338,193780,20,RANDMIX_PRE,2,MASTER_RNG,1960,1964,136592832,640,528,64
339,194472,21,RANDMIX_POST,2,MASTER_RNG,1960,1964,136594544,640,528,64
340,195164,11,RANDADD_BUF,2,MASTER_RNG,1960,1964,136594580,8,536,64
341,195224,11,RANDADD_BUF,2,MASTER_RNG,1960,1964,136594611,8,544,64
342,195284,20,RANDMIX_PRE,2,MASTER_RNG,1960,1964,136594641,640,544,64
343,195976,21,RANDMIX_POST,2,MASTER_RNG,1960,1964,136596121,640,544,64
344,196668,11,RANDADD_BUF,2,MASTER_RNG,1960,1964,136596160,8,552,64
345,196728,11,RANDADD_BUF,2,MASTER_RNG,1960,1964,136596197,8,560,64
346,196788,20,RANDMIX_PRE,2,MASTER_RNG,1960,1964,136596228,640,560,64
347,197480,21,RANDMIX_POST,2,MASTER_RNG,1960,1964,136597675,640,560,64
348,198172,11,RANDADD_BUF,2,MASTER_RNG,1960,1964,136597707,8,568,64
349,198232,11,RANDADD_BUF,2,MASTER_RNG,1960,1964,136597738,8,576,64
350,198292,20,RANDMIX_PRE,2,MASTER_RNG,1960,1964,136597768,640,576,64
351,198984,21,RANDMIX_POST,2,MASTER_RNG,1960,1964,136599217,640,576,64
352,199676,11,RANDADD_BUF,2,MASTER_RNG,1960,1964,136599248,8,584,64
353,199736,10,RANDADD_INT32,2,MASTER_RNG,1960,1964,136599281,4,592,64
354,199792,20,RANDMIX_PRE,2,MASTER_RNG,1960,1964,136599311,640,592,64
355,200484,21,RANDMIX_POST,2,MASTER_RNG,1960,1964,136602585,640,592,64
356,201176,10,RANDADD_INT32,2,MASTER_RNG,1960,1964,136602626,4,596,64
357,201232,11,RANDADD_BUF,2,MASTER_RNG,1960,1964,136602727,8,600,64
358,201292,43,CGR_FAST_OUT,2,MASTER_RNG,1960,1964,136602881,640,608,64
359,201984,44,CGR_FAST_POOL_PRE,2,MASTER_RNG,1960,1964,136602959,640,608,64
360,202676,11,RANDADD_BUF,2,MASTER_RNG,1960,1964,136603003,640,608,64
361,203368,20,RANDMIX_PRE,2,MASTER_RNG,1960,1964,136603041,640,608,64
362,204060,21,RANDMIX_POST,2,MASTER_RNG,1960,1964,136604827,640,608,64
363,204752,20,RANDMIX_PRE,2,MASTER_RNG,1960,1964,136604865,640,624,64
364,205444,21,RANDMIX_POST,2,MASTER_RNG,1960,1964,136606644,640,624,64
365,206136,20,RANDMIX_PRE,2,MASTER_RNG,1960,1964,136606677,640,0,64
366,206828,21,RANDMIX_POST,2,MASTER_RNG,1960,1964,136608128,640,0,64
367,207520,20,RANDMIX_PRE,2,MASTER_RNG,1960,1964,136608159,640,16,64
368,208212,21,RANDMIX_POST,2,MASTER_RNG,1960,1964,136610490,640,16,64
369,208904,20,RANDMIX_PRE,2,MASTER_RNG,1960,1964,136610529,640,32,64
370,209596,21,RANDMIX_POST,2,MASTER_RNG,1960,1964,136611979,640,32,64
371,210288,20,RANDMIX_PRE,2,MASTER_RNG,1960,1964,136612010,640,48,64
372,210980,21,RANDMIX_POST,2,MASTER_RNG,1960,1964,136613460,640,48,64
373,211672,20,RANDMIX_PRE,2,MASTER_RNG,1960,1964,136613492,640,64,64
374,212364,21,RANDMIX_POST,2,MASTER_RNG,1960,1964,136614966,640,64,64
375,213056,20,RANDMIX_PRE,2,MASTER_RNG,1960,1964,136615004,640,80,64
376,213748,21,RANDMIX_POST,2,MASTER_RNG,1960,1964,136616456,640,80,64
377,214440,20,RANDMIX_PRE,2,MASTER_RNG,1960,1964,136616488,640,96,64
378,215132,21,RANDMIX_POST,2,MASTER_RNG,1960,1964,136617962,640,96,64
379,215824,20,RANDMIX_PRE,2,MASTER_RNG,1960,1964,136617995,640,112,64
380,216516,21,RANDMIX_POST,2,MASTER_RNG,1960,1964,136619445,640,112,64
381,217208,20,RANDMIX_PRE,2,MASTER_RNG,1960,1964,136619482,640,128,64
382,217900,21,RANDMIX_POST,2,MASTER_RNG,1960,1964,136620980,640,128,64
383,218592,20,RANDMIX_PRE,2,MASTER_RNG,1960,1964,136621014,640,144,64
384,219284,21,RANDMIX_POST,2,MASTER_RNG,1960,1964,136622463,640,144,64
385,219976,20,RANDMIX_PRE,2,MASTER_RNG,1960,1964,136622494,640,160,64
386,220668,21,RANDMIX_POST,2,MASTER_RNG,1960,1964,136623943,640,160,64
387,221360,20,RANDMIX_PRE,2,MASTER_RNG,1960,1964,136623979,640,176,64
388,222052,21,RANDMIX_POST,2,MASTER_RNG,1960,1964,136625450,640,176,64
389,222744,20,RANDMIX_PRE,2,MASTER_RNG,1960,1964,136625483,640,192,64
390,223436,21,RANDMIX_POST,2,MASTER_RNG,1960,1964,136626933,640,192,64
391,224128,20,RANDMIX_PRE,2,MASTER_RNG,1960,1964,136626964,640,208,64
392,224820,21,RANDMIX_POST,2,MASTER_RNG,1960,1964,136628437,640,208,64
393,225512,20,RANDMIX_PRE,2,MASTER_RNG,1960,1964,136628476,640,224,64
394,226204,21,RANDMIX_POST,2,MASTER_RNG,1960,1964,136630003,640,224,64
395,226896,20,RANDMIX_PRE,2,MASTER_RNG,1960,1964,136630035,640,240,64
396,227588,21,RANDMIX_POST,2,MASTER_RNG,1960,1964,136631486,640,240,64
397,228280,20,RANDMIX_PRE,2,MASTER_RNG,1960,1964,136631517,640,256,64
398,228972,21,RANDMIX_POST,2,MASTER_RNG,1960,1964,136633016,640,256,64
399,229664,20,RANDMIX_PRE,2,MASTER_RNG,1960,1964,136633055,640,272,64
400,230356,21,RANDMIX_POST,2,MASTER_RNG,1960,1964,136634505,640,272,64
401,231048,20,RANDMIX_PRE,2,MASTER_RNG,1960,1964,136634537,640,288,64
402,231740,21,RANDMIX_POST,2,MASTER_RNG,1960,1964,136636010,640,288,64
403,232432,20,RANDMIX_PRE,2,MASTER_RNG,1960,1964,136636043,640,304,64
404,233124,21,RANDMIX_POST,2,MASTER_RNG,1960,1964,136637493,640,304,64
405,233816,20,RANDMIX_PRE,2,MASTER_RNG,1960,1964,136637530,640,320,64
406,234508,21,RANDMIX_POST,2,MASTER_RNG,1960,1964,136639029,640,320,64
407,235200,20,RANDMIX_PRE,2,MASTER_RNG,1960,1964,136639062,640,336,64
408,235892,21,RANDMIX_POST,2,MASTER_RNG,1960,1964,136640513,640,336,64
409,236584,20,RANDMIX_PRE,2,MASTER_RNG,1960,1964,136640544,640,352,64
410,237276,21,RANDMIX_POST,2,MASTER_RNG,1960,1964,136641991,640,352,64
411,237968,20,RANDMIX_PRE,2,MASTER_RNG,1960,1964,136642028,640,368,64
412,238660,21,RANDMIX_POST,2,MASTER_RNG,1960,1964,136643503,640,368,64
413,239352,20,RANDMIX_PRE,2,MASTER_RNG,1960,1964,136643536,640,384,64
414,240044,21,RANDMIX_POST,2,MASTER_RNG,1960,1964,136644986,640,384,64
415,240736,20,RANDMIX_PRE,2,MASTER_RNG,1960,1964,136645017,640,400,64
416,241428,21,RANDMIX_POST,2,MASTER_RNG,1960,1964,136647862,640,400,64
417,242120,20,RANDMIX_PRE,2,MASTER_RNG,1960,1964,136647993,640,416,64
418,242812,21,RANDMIX_POST,2,MASTER_RNG,1960,1964,136650012,640,416,64
419,243504,20,RANDMIX_PRE,2,MASTER_RNG,1960,1964,136650064,640,432,64
420,244196,21,RANDMIX_POST,2,MASTER_RNG,1960,1964,136652115,640,432,64
421,244888,20,RANDMIX_PRE,2,MASTER_RNG,1960,1964,136652159,640,448,64
422,245580,21,RANDMIX_POST,2,MASTER_RNG,1960,1964,136653937,640,448,64
423,246272,20,RANDMIX_PRE,2,MASTER_RNG,1960,1964,136653977,640,464,64
424,246964,21,RANDMIX_POST,2,MASTER_RNG,1960,1964,136655429,640,464,64
425,247656,20,RANDMIX_PRE,2,MASTER_RNG,1960,1964,136655461,640,480,64
426,248348,21,RANDMIX_POST,2,MASTER_RNG,1960,1964,136657252,640,480,64
427,249040,20,RANDMIX_PRE,2,MASTER_RNG,1960,1964,136657286,640,496,64
428,249732,21,RANDMIX_POST,2,MASTER_RNG,1960,1964,136658736,640,496,64
429,250424,20,RANDMIX_PRE,2,MASTER_RNG,1960,1964,136658773,640,512,64
430,251116,21,RANDMIX_POST,2,MASTER_RNG,1960,1964,136660249,640,512,64
431,251808,20,RANDMIX_PRE,2,MASTER_RNG,1960,1964,136660282,640,528,64
432,252500,21,RANDMIX_POST,2,MASTER_RNG,1960,1964,136661733,640,528,64
433,253192,20,RANDMIX_PRE,2,MASTER_RNG,1960,1964,136661764,640,544,64
434,253884,21,RANDMIX_POST,2,MASTER_RNG,1960,1964,136663216,640,544,64
435,254576,20,RANDMIX_PRE,2,MASTER_RNG,1960,1964,136663252,640,560,64
436,255268,21,RANDMIX_POST,2,MASTER_RNG,1960,1964,136664726,640,560,64
437,255960,20,RANDMIX_PRE,2,MASTER_RNG,1960,1964,136664759,640,576,64
438,256652,21,RANDMIX_POST,2,MASTER_RNG,1960,1964,136666303,640,576,64
439,257344,20,RANDMIX_PRE,2,MASTER_RNG,1960,1964,136666334,640,592,64
440,258036,21,RANDMIX_POST,2,MASTER_RNG,1960,1964,136667817,640,592,64
441,258728,45,CGR_FAST_POOL_POST,2,MASTER_RNG,1960,1964,136667855,640,608,64
442,259420,20,RANDMIX_PRE,2,MASTER_RNG,1960,1964,136667886,640,608,64
443,260112,21,RANDMIX_POST,2,MASTER_RNG,1960,1964,136669339,640,608,64
444,260804,34,RANDGET_OUT,2,MASTER_RNG,1960,1964,136669371,64,408,128
445,260920,35,RANDGET_POOL_POST,2,MASTER_RNG,1960,1964,136669401,640,408,128
446,261612,10,RANDADD_INT32,2,MASTER_RNG,1960,1972,136669513,4,408,128
447,261668,10,RANDADD_INT32,2,MASTER_RNG,1960,1972,136669548,4,412,128
448,261724,10,RANDADD_INT32,2,MASTER_RNG,1960,1972,136669583,4,416,128
449,261780,20,RANDMIX_PRE,2,MASTER_RNG,1960,1972,136669614,640,416,128
450,262472,21,RANDMIX_POST,2,MASTER_RNG,1960,1972,136671170,640,416,128
451,263164,10,RANDADD_INT32,2,MASTER_RNG,1960,1972,136671210,4,420,128
452,263220,10,RANDADD_INT32,2,MASTER_RNG,1960,1972,136671242,4,424,128
453,263276,10,RANDADD_INT32,2,MASTER_RNG,1960,1972,136671272,4,428,128
454,263332,10,RANDADD_INT32,2,MASTER_RNG,1960,1972,136671302,4,432,128
455,263388,20,RANDMIX_PRE,2,MASTER_RNG,1960,1972,136671332,640,432,128
456,264080,21,RANDMIX_POST,2,MASTER_RNG,1960,1972,136672778,640,432,128
457,264772,10,RANDADD_INT32,2,MASTER_RNG,1960,1972,136672809,4,436,128
458,264828,10,RANDADD_INT32,2,MASTER_RNG,1960,1972,136672839,4,440,128
459,264884,10,RANDADD_INT32,2,MASTER_RNG,1960,1972,136672870,4,444,128
460,264940,10,RANDADD_INT32,2,MASTER_RNG,1960,1972,136672901,4,448,128
461,264996,20,RANDMIX_PRE,2,MASTER_RNG,1960,1972,136672931,640,448,128
462,265688,21,RANDMIX_POST,2,MASTER_RNG,1960,1972,136674381,640,448,128
463,266380,10,RANDADD_INT32,2,MASTER_RNG,1960,1972,136674426,4,452,128
464,266436,10,RANDADD_INT32,2,MASTER_RNG,1960,1972,136674460,4,456,128
465,266492,10,RANDADD_INT32,2,MASTER_RNG,1960,1972,136674492,4,460,128
466,266548,10,RANDADD_INT32,2,MASTER_RNG,1960,1972,136674549,4,464,128
467,266604,20,RANDMIX_PRE,2,MASTER_RNG,1960,1972,136674582,640,464,128
468,267296,21,RANDMIX_POST,2,MASTER_RNG,1960,1972,136676029,640,464,128
469,267988,10,RANDADD_INT32,2,MASTER_RNG,1960,1972,136676061,4,468,128
470,268044,10,RANDADD_INT32,2,MASTER_RNG,1960,1972,136676093,4,472,128
471,268100,10,RANDADD_INT32,2,MASTER_RNG,1960,1972,136676126,4,476,128
472,268156,11,RANDADD_BUF,2,MASTER_RNG,1960,1972,136676157,8,480,128
473,268216,20,RANDMIX_PRE,2,MASTER_RNG,1960,1972,136676187,640,480,128
474,268908,21,RANDMIX_POST,2,MASTER_RNG,1960,1972,136677639,640,480,128
475,269600,11,RANDADD_BUF,2,MASTER_RNG,1960,1972,136677672,8,488,128
476,269660,11,RANDADD_BUF,2,MASTER_RNG,1960,1972,136677718,32,496,128
477,269744,20,RANDMIX_PRE,2,MASTER_RNG,1960,1972,136677749,640,496,128
478,270436,21,RANDMIX_POST,2,MASTER_RNG,1960,1972,136679332,640,496,128
479,271128,20,RANDMIX_PRE,2,MASTER_RNG,1960,1972,136679366,640,512,128
480,271820,21,RANDMIX_POST,2,MASTER_RNG,1960,1972,136680816,640,512,128
481,272512,11,RANDADD_BUF,2,MASTER_RNG,1960,1972,136680850,8,528,128
482,272572,20,RANDMIX_PRE,2,MASTER_RNG,1960,1972,136680881,640,528,128
483,273264,21,RANDMIX_POST,2,MASTER_RNG,1960,1972,136682422,640,528,128
484,273956,11,RANDADD_BUF,2,MASTER_RNG,1960,1972,136682456,8,536,128
485,274016,11,RANDADD_BUF,2,MASTER_RNG,1960,1972,136682487,8,544,128
486,274076,20,RANDMIX_PRE,2,MASTER_RNG,1960,1972,136682517,640,544,128
487,274768,21,RANDMIX_POST,2,MASTER_RNG,1960,1972,136683974,640,544,128
488,275460,11,RANDADD_BUF,2,MASTER_RNG,1960,1972,136684005,8,552,128
489,275520,11,RANDADD_BUF,2,MASTER_RNG,1960,1972,136684041,8,560,128
490,275580,20,RANDMIX_PRE,2,MASTER_RNG,1960,1972,136684071,640,560,128
491,276272,21,RANDMIX_POST,2,MASTER_RNG,1960,1972,136685547,640,560,128
492,276964,11,RANDADD_BUF,2,MASTER_RNG,1960,1972,136685579,8,568,128
493,277024,11,RANDADD_BUF,2,MASTER_RNG,1960,1972,136685610,8,576,128
494,277084,20,RANDMIX_PRE,2,MASTER_RNG,1960,1972,136685641,640,576,128
495,277776,21,RANDMIX_POST,2,MASTER_RNG,1960,1972,136687091,640,576,128
496,278468,11,RANDADD_BUF,2,MASTER_RNG,1960,1972,136687122,8,584,128
497,278528,10,RANDADD_INT32,2,MASTER_RNG,1960,1972,136687155,4,592,128
498,278584,20,RANDMIX_PRE,2,MASTER_RNG,1960,1972,136687190,640,592,128
499,279276,21,RANDMIX_POST,2,MASTER_RNG,1960,1972,136688641,640,592,128
500,279968,10,RANDADD_INT32,2,MASTER_RNG,1960,1972,136688671,4,596,128
501,280024,11,RANDADD_BUF,2,MASTER_RNG,1960,1972,136688730,8,600,128
502,280084,43,CGR_FAST_OUT,2,MASTER_RNG,1960,1972,136688907,640,608,128
503,280776,44,CGR_FAST_POOL_PRE,2,MASTER_RNG,1960,1972,136688940,640,608,128
504,281468,11,RANDADD_BUF,2,MASTER_RNG,1960,1972,136688971,640,608,128
505,282160,20,RANDMIX_PRE,2,MASTER_RNG,1960,1972,136689001,640,608,128
506,282852,21,RANDMIX_POST,2,MASTER_RNG,1960,1972,136690460,640,608,128
507,283544,20,RANDMIX_PRE,2,MASTER_RNG,1960,1972,136690491,640,624,128
508,284236,21,RANDMIX_POST,2,MASTER_RNG,1960,1972,136691941,640,624,128
509,284928,20,RANDMIX_PRE,2,MASTER_RNG,1960,1972,136691972,640,0,128
510,285620,21,RANDMIX_POST,2,MASTER_RNG,1960,1972,136693461,640,0,128
511,286312,20,RANDMIX_PRE,2,MASTER_RNG,1960,1972,136693494,640,16,128
512,287004,21,RANDMIX_POST,2,MASTER_RNG,1960,1972,136694951,640,16,128
513,287696,20,RANDMIX_PRE,2,MASTER_RNG,1960,1972,136694983,640,32,128
514,288388,21,RANDMIX_POST,2,MASTER_RNG,1960,1972,136696485,640,32,128
515,289080,20,RANDMIX_PRE,2,MASTER_RNG,1960,1972,136696518,640,48,128
516,289772,21,RANDMIX_POST,2,MASTER_RNG,1960,1972,136697969,640,48,128
517,290464,20,RANDMIX_PRE,2,MASTER_RNG,1960,1972,136698000,640,64,128
518,291156,21,RANDMIX_POST,2,MASTER_RNG,1960,1972,136699458,640,64,128
519,291848,20,RANDMIX_PRE,2,MASTER_RNG,1960,1972,136699489,640,80,128
520,292540,21,RANDMIX_POST,2,MASTER_RNG,1960,1972,136700964,640,80,128
521,293232,20,RANDMIX_PRE,2,MASTER_RNG,1960,1972,136700997,640,96,128
522,293924,21,RANDMIX_POST,2,MASTER_RNG,1960,1972,136702523,640,96,128
523,294616,20,RANDMIX_PRE,2,MASTER_RNG,1960,1972,136702554,640,112,128
524,295308,21,RANDMIX_POST,2,MASTER_RNG,1960,1972,136705149,640,112,128
525,296000,20,RANDMIX_PRE,2,MASTER_RNG,1960,1972,136705282,640,128,128
526,296692,21,RANDMIX_POST,2,MASTER_RNG,1960,1972,136706824,640,128,128
527,297384,20,RANDMIX_PRE,2,MASTER_RNG,1960,1972,136706859,640,144,128
528,298076,21,RANDMIX_POST,2,MASTER_RNG,1960,1972,136708342,640,144,128
529,298768,20,RANDMIX_PRE,2,MASTER_RNG,1960,1972,136708381,640,160,128
530,299460,21,RANDMIX_POST,2,MASTER_RNG,1960,1972,136710112,640,160,128
531,300152,20,RANDMIX_PRE,2,MASTER_RNG,1960,1972,136710159,640,176,128
532,300844,21,RANDMIX_POST,2,MASTER_RNG,1960,1972,136711781,640,176,128
533,301536,20,RANDMIX_PRE,2,MASTER_RNG,1960,1972,136711815,640,192,128
534,302228,21,RANDMIX_POST,2,MASTER_RNG,1960,1972,136713565,640,192,128
535,302920,20,RANDMIX_PRE,2,MASTER_RNG,1960,1972,136713599,640,208,128
536,303612,21,RANDMIX_POST,2,MASTER_RNG,1960,1972,136715262,640,208,128
537,304304,20,RANDMIX_PRE,2,MASTER_RNG,1960,1972,136715305,640,224,128
538,304996,21,RANDMIX_POST,2,MASTER_RNG,1960,1972,136716769,640,224,128
539,305688,20,RANDMIX_PRE,2,MASTER_RNG,1960,1972,136716804,640,240,128
540,306380,21,RANDMIX_POST,2,MASTER_RNG,1960,1972,136718280,640,240,128
541,307072,20,RANDMIX_PRE,2,MASTER_RNG,1960,1972,136718313,640,256,128
542,307764,21,RANDMIX_POST,2,MASTER_RNG,1960,1972,136719769,640,256,128
543,308456,20,RANDMIX_PRE,2,MASTER_RNG,1960,1972,136719800,640,272,128
544,309148,21,RANDMIX_POST,2,MASTER_RNG,1960,1972,136721273,640,272,128
545,309840,20,RANDMIX_PRE,2,MASTER_RNG,1960,1972,136721305,640,288,128
546,310532,21,RANDMIX_POST,2,MASTER_RNG,1960,1972,136722755,640,288,128
547,311224,20,RANDMIX_PRE,2,MASTER_RNG,1960,1972,136722786,640,304,128
548,311916,21,RANDMIX_POST,2,MASTER_RNG,1960,1972,136724242,640,304,128
549,312608,20,RANDMIX_PRE,2,MASTER_RNG,1960,1972,136724273,640,320,128
550,313300,21,RANDMIX_POST,2,MASTER_RNG,1960,1972,136725757,640,320,128
551,313992,20,RANDMIX_PRE,2,MASTER_RNG,1960,1972,136725790,640,336,128
552,314684,21,RANDMIX_POST,2,MASTER_RNG,1960,1972,136727239,640,336,128
553,315376,20,RANDMIX_PRE,2,MASTER_RNG,1960,1972,136727310,640,352,128
554,316068,21,RANDMIX_POST,2,MASTER_RNG,1960,1972,136728897,640,352,128
555,316760,20,RANDMIX_PRE,2,MASTER_RNG,1960,1972,136728931,640,368,128
556,317452,21,RANDMIX_POST,2,MASTER_RNG,1960,1972,136730380,640,368,128
557,318144,20,RANDMIX_PRE,2,MASTER_RNG,1960,1972,136730411,640,384,128
558,318836,21,RANDMIX_POST,2,MASTER_RNG,1960,1972,136731882,640,384,128
559,319528,20,RANDMIX_PRE,2,MASTER_RNG,1960,1972,136731921,640,400,128
560,320220,21,RANDMIX_POST,2,MASTER_RNG,1960,1972,136733371,640,400,128
561,320912,20,RANDMIX_PRE,2,MASTER_RNG,1960,1972,136733403,640,416,128
562,321604,21,RANDMIX_POST,2,MASTER_RNG,1960,1972,136734851,640,416,128
563,322296,20,RANDMIX_PRE,2,MASTER_RNG,1960,1972,136734883,640,432,128
564,322988,21,RANDMIX_POST,2,MASTER_RNG,1960,1972,136736456,640,432,128
565,323680,20,RANDMIX_PRE,2,MASTER_RNG,1960,1972,136736495,640,448,128
566,324372,21,RANDMIX_POST,2,MASTER_RNG,1960,1972,136738027,640,448,128
567,325064,20,RANDMIX_PRE,2,MASTER_RNG,1960,1972,136738059,640,464,128
568,325756,21,RANDMIX_POST,2,MASTER_RNG,1960,1972,136739626,640,464,128
569,326448,20,RANDMIX_PRE,2,MASTER_RNG,1960,1972,136739659,640,480,128
570,327140,21,RANDMIX_POST,2,MASTER_RNG,1960,1972,136741108,640,480,128
571,327832,20,RANDMIX_PRE,2,MASTER_RNG,1960,1972,136741145,640,496,128
572,328524,21,RANDMIX_POST,2,MASTER_RNG,1960,1972,136742692,640,496,128
573,329216,20,RANDMIX_PRE,2,MASTER_RNG,1960,1972,136742727,640,512,128
574,329908,21,RANDMIX_POST,2,MASTER_RNG,1960,1972,136744256,640,512,128
575,330600,20,RANDMIX_PRE,2,MASTER_RNG,1960,1972,136744288,640,528,128
576,331292,21,RANDMIX_POST,2,MASTER_RNG,1960,1972,136745808,640,528,128
577,331984,20,RANDMIX_PRE,2,MASTER_RNG,1960,1972,136745846,640,544,128
578,332676,21,RANDMIX_POST,2,MASTER_RNG,1960,1972,136747347,640,544,128
579,333368,20,RANDMIX_PRE,2,MASTER_RNG,1960,1972,136747380,640,560,128
580,334060,21,RANDMIX_POST,2,MASTER_RNG,1960,1972,136748831,640,560,128
581,334752,20,RANDMIX_PRE,2,MASTER_RNG,1960,1972,136748862,640,576,128
582,335444,21,RANDMIX_POST,2,MASTER_RNG,1960,1972,136750337,640,576,128
583,336136,20,RANDMIX_PRE,2,MASTER_RNG,1960,1972,136750375,640,592,128
584,336828,21,RANDMIX_POST,2,MASTER_RNG,1960,1972,136751823,640,592,128
585,337520,45,CGR_FAST_POOL_POST,2,MASTER_RNG,1960,1972,136751855,640,608,128
586,338212,20,RANDMIX_PRE,2,MASTER_RNG,1960,1972,136751885,640,608,128
587,338904,21,RANDMIX_POST,2,MASTER_RNG,1960,1972,136753358,640,608,128
588,339596,52,MASTER_RNG_OUT,2,MASTER_RNG,1960,1964,136753402,64,64,32
589,339712,53,MASTER_KEYDATA,2,MASTER_RNG,1960,1964,136753434,256,64,32
590,340020,51,HEADER_PARAMS,1,HEADER,1960,1964,136753469,64,0,0
591,340136,30,RANDGET_BEGIN,3,SALT_RNG,1960,1964,136753500,0,64,1
592,340188,31,RANDGET_POOL_PRE,3,SALT_RNG,1960,1964,136753529,640,408,128
593,340880,11,RANDADD_BUF,3,SALT_RNG,1960,1964,136753968,232,408,128
594,341164,20,RANDMIX_PRE,3,SALT_RNG,1960,1964,136754005,640,416,128
595,341856,21,RANDMIX_POST,3,SALT_RNG,1960,1964,136755456,640,416,128
596,342548,20,RANDMIX_PRE,3,SALT_RNG,1960,1964,136755487,640,432,128
597,343240,21,RANDMIX_POST,3,SALT_RNG,1960,1964,136756990,640,432,128
598,343932,20,RANDMIX_PRE,3,SALT_RNG,1960,1964,136757023,640,448,128
599,344624,21,RANDMIX_POST,3,SALT_RNG,1960,1964,136758479,640,448,128
600,345316,20,RANDMIX_PRE,3,SALT_RNG,1960,1964,136758511,640,464,128
601,346008,21,RANDMIX_POST,3,SALT_RNG,1960,1964,136759959,640,464,128
602,346700,20,RANDMIX_PRE,3,SALT_RNG,1960,1964,136759990,640,480,128
603,347392,21,RANDMIX_POST,3,SALT_RNG,1960,1964,136762428,640,480,128
604,348084,20,RANDMIX_PRE,3,SALT_RNG,1960,1964,136762560,640,496,128
605,348776,21,RANDMIX_POST,3,SALT_RNG,1960,1964,136764189,640,496,128
606,349468,20,RANDMIX_PRE,3,SALT_RNG,1960,1964,136764224,640,512,128
607,350160,21,RANDMIX_POST,3,SALT_RNG,1960,1964,136765818,640,512,128
608,350852,20,RANDMIX_PRE,3,SALT_RNG,1960,1964,136765854,640,528,128
609,351544,21,RANDMIX_POST,3,SALT_RNG,1960,1964,136767564,640,528,128
610,352236,20,RANDMIX_PRE,3,SALT_RNG,1960,1964,136767637,640,544,128
611,352928,21,RANDMIX_POST,3,SALT_RNG,1960,1964,136769708,640,544,128
612,353620,20,RANDMIX_PRE,3,SALT_RNG,1960,1964,136769744,640,560,128
613,354312,21,RANDMIX_POST,3,SALT_RNG,1960,1964,136771352,640,560,128
614,355004,20,RANDMIX_PRE,3,SALT_RNG,1960,1964,136771386,640,576,128
615,355696,21,RANDMIX_POST,3,SALT_RNG,1960,1964,136772833,640,576,128
616,356388,20,RANDMIX_PRE,3,SALT_RNG,1960,1964,136772870,640,592,128
617,357080,21,RANDMIX_POST,3,SALT_RNG,1960,1964,136774391,640,592,128
618,357772,20,RANDMIX_PRE,3,SALT_RNG,1960,1964,136774423,640,608,128
619,358464,21,RANDMIX_POST,3,SALT_RNG,1960,1964,136775986,640,608,128
620,359156,20,RANDMIX_PRE,3,SALT_RNG,1960,1964,136776021,640,624,128
621,359848,21,RANDMIX_POST,3,SALT_RNG,1960,1964,136777465,640,624,128
622,360540,11,RANDADD_BUF,3,SALT_RNG,1960,1964,136777717,88,640,128
623,360680,20,RANDMIX_PRE,3,SALT_RNG,1960,1964,136777750,640,0,128
624,361372,21,RANDMIX_POST,3,SALT_RNG,1960,1964,136779297,640,0,128
625,362064,20,RANDMIX_PRE,3,SALT_RNG,1960,1964,136779330,640,16,128
626,362756,21,RANDMIX_POST,3,SALT_RNG,1960,1964,136780779,640,16,128
627,363448,20,RANDMIX_PRE,3,SALT_RNG,1960,1964,136780810,640,32,128
628,364140,21,RANDMIX_POST,3,SALT_RNG,1960,1964,136782310,640,32,128
629,364832,20,RANDMIX_PRE,3,SALT_RNG,1960,1964,136782349,640,48,128
630,365524,21,RANDMIX_POST,3,SALT_RNG,1960,1964,136783796,640,48,128
631,366216,20,RANDMIX_PRE,3,SALT_RNG,1960,1964,136783827,640,64,128
632,366908,21,RANDMIX_POST,3,SALT_RNG,1960,1964,136785275,640,64,128
633,367600,20,RANDMIX_PRE,3,SALT_RNG,1960,1964,136785306,640,80,128
634,368292,21,RANDMIX_POST,3,SALT_RNG,1960,1964,136786776,640,80,128
635,368984,11,RANDADD_BUF,3,SALT_RNG,1960,1964,136786975,88,88,128
636,369124,20,RANDMIX_PRE,3,SALT_RNG,1960,1964,136787008,640,96,128
637,369816,21,RANDMIX_POST,3,SALT_RNG,1960,1964,136788456,640,96,128
638,370508,20,RANDMIX_PRE,3,SALT_RNG,1960,1964,136788487,640,112,128
639,371200,21,RANDMIX_POST,3,SALT_RNG,1960,1964,136789985,640,112,128
640,371892,20,RANDMIX_PRE,3,SALT_RNG,1960,1964,136790018,640,128,128
641,372584,21,RANDMIX_POST,3,SALT_RNG,1960,1964,136791462,640,128,128
642,373276,20,RANDMIX_PRE,3,SALT_RNG,1960,1964,136791499,640,144,128
643,373968,21,RANDMIX_POST,3,SALT_RNG,1960,1964,136792970,640,144,128
644,374660,20,RANDMIX_PRE,3,SALT_RNG,1960,1964,136793003,640,160,128
645,375352,21,RANDMIX_POST,3,SALT_RNG,1960,1964,136794451,640,160,128
646,376044,40,CGR_SLOW_OUT,3,SALT_RNG,1960,1964,136794608,640,176,128
647,376736,41,CGR_SLOW_POOL_PRE,3,SALT_RNG,1960,1964,136794642,640,176,128
648,377428,11,RANDADD_BUF,3,SALT_RNG,1960,1964,136794678,640,176,128
649,378120,20,RANDMIX_PRE,3,SALT_RNG,1960,1964,136794709,640,176,128
650,378812,21,RANDMIX_POST,3,SALT_RNG,1960,1964,136796156,640,176,128
651,379504,20,RANDMIX_PRE,3,SALT_RNG,1960,1964,136796188,640,192,128
652,380196,21,RANDMIX_POST,3,SALT_RNG,1960,1964,136797659,640,192,128
653,380888,20,RANDMIX_PRE,3,SALT_RNG,1960,1964,136797692,640,208,128
654,381580,21,RANDMIX_POST,3,SALT_RNG,1960,1964,136799144,640,208,128
655,382272,20,RANDMIX_PRE,3,SALT_RNG,1960,1964,136799176,640,224,128
656,382964,21,RANDMIX_POST,3,SALT_RNG,1960,1964,136800673,640,224,128
657,383656,20,RANDMIX_PRE,3,SALT_RNG,1960,1964,136800706,640,240,128
658,384348,21,RANDMIX_POST,3,SALT_RNG,1960,1964,136802150,640,240,128
659,385040,20,RANDMIX_PRE,3,SALT_RNG,1960,1964,136802186,640,256,128
660,385732,21,RANDMIX_POST,3,SALT_RNG,1960,1964,136803655,640,256,128
661,386424,20,RANDMIX_PRE,3,SALT_RNG,1960,1964,136803688,640,272,128
662,387116,21,RANDMIX_POST,3,SALT_RNG,1960,1964,136805132,640,272,128
663,387808,20,RANDMIX_PRE,3,SALT_RNG,1960,1964,136805164,640,288,128
664,388500,21,RANDMIX_POST,3,SALT_RNG,1960,1964,136806609,640,288,128
665,389192,20,RANDMIX_PRE,3,SALT_RNG,1960,1964,136806645,640,304,128
666,389884,21,RANDMIX_POST,3,SALT_RNG,1960,1964,136808139,640,304,128
667,390576,20,RANDMIX_PRE,3,SALT_RNG,1960,1964,136808172,640,320,128
668,391268,21,RANDMIX_POST,3,SALT_RNG,1960,1964,136809659,640,320,128
669,391960,20,RANDMIX_PRE,3,SALT_RNG,1960,1964,136809691,640,336,128
670,392652,21,RANDMIX_POST,3,SALT_RNG,1960,1964,136811196,640,336,128
671,393344,20,RANDMIX_PRE,3,SALT_RNG,1960,1964,136811234,640,352,128
672,394036,21,RANDMIX_POST,3,SALT_RNG,1960,1964,136812683,640,352,128
673,394728,20,RANDMIX_PRE,3,SALT_RNG,1960,1964,136812714,640,368,128
674,395420,21,RANDMIX_POST,3,SALT_RNG,1960,1964,136814185,640,368,128
675,396112,20,RANDMIX_PRE,3,SALT_RNG,1960,1964,136814218,640,384,128
676,396804,21,RANDMIX_POST,3,SALT_RNG,1960,1964,136815880,640,384,128
677,397496,20,RANDMIX_PRE,3,SALT_RNG,1960,1964,136815922,640,400,128
678,398188,21,RANDMIX_POST,3,SALT_RNG,1960,1964,136817368,640,400,128
679,398880,20,RANDMIX_PRE,3,SALT_RNG,1960,1964,136817399,640,416,128
680,399572,21,RANDMIX_POST,3,SALT_RNG,1960,1964,136819684,640,416,128
681,400264,20,RANDMIX_PRE,3,SALT_RNG,1960,1964,136819759,640,432,128
682,400956,21,RANDMIX_POST,3,SALT_RNG,1960,1964,136821212,640,432,128
683,401648,20,RANDMIX_PRE,3,SALT_RNG,1960,1964,136821255,640,448,128
684,402340,21,RANDMIX_POST,3,SALT_RNG,1960,1964,136822819,640,448,128
685,403032,20,RANDMIX_PRE,3,SALT_RNG,1960,1964,136822853,640,464,128
686,403724,21,RANDMIX_POST,3,SALT_RNG,1960,1964,136824298,640,464,128
687,404416,20,RANDMIX_PRE,3,SALT_RNG,1960,1964,136824329,640,480,128
688,405108,21,RANDMIX_POST,3,SALT_RNG,1960,1964,136826100,640,480,128
689,405800,20,RANDMIX_PRE,3,SALT_RNG,1960,1964,136826140,640,496,128
690,406492,21,RANDMIX_POST,3,SALT_RNG,1960,1964,136827755,640,496,128
691,407184,20,RANDMIX_PRE,3,SALT_RNG,1960,1964,136827791,640,512,128
692,407876,21,RANDMIX_POST,3,SALT_RNG,1960,1964,136829413,640,512,128
693,408568,20,RANDMIX_PRE,3,SALT_RNG,1960,1964,136829447,640,528,128
694,409260,21,RANDMIX_POST,3,SALT_RNG,1960,1964,136830894,640,528,128
695,409952,20,RANDMIX_PRE,3,SALT_RNG,1960,1964,136830931,640,544,128
696,410644,21,RANDMIX_POST,3,SALT_RNG,1960,1964,136832476,640,544,128
697,411336,20,RANDMIX_PRE,3,SALT_RNG,1960,1964,136832510,640,560,128
698,412028,21,RANDMIX_POST,3,SALT_RNG,1960,1964,136833957,640,560,128
699,412720,20,RANDMIX_PRE,3,SALT_RNG,1960,1964,136833988,640,576,128
700,413412,21,RANDMIX_POST,3,SALT_RNG,1960,1964,136835432,640,576,128
701,414104,20,RANDMIX_PRE,3,SALT_RNG,1960,1964,136835469,640,592,128
702,414796,21,RANDMIX_POST,3,SALT_RNG,1960,1964,136836992,640,592,128
703,415488,20,RANDMIX_PRE,3,SALT_RNG,1960,1964,136837026,640,608,128
704,416180,21,RANDMIX_POST,3,SALT_RNG,1960,1964,136838508,640,608,128
705,416872,20,RANDMIX_PRE,3,SALT_RNG,1960,1964,136838540,640,624,128
706,417564,21,RANDMIX_POST,3,SALT_RNG,1960,1964,136840159,640,624,128
707,418256,20,RANDMIX_PRE,3,SALT_RNG,1960,1964,136840199,640,0,128
708,418948,21,RANDMIX_POST,3,SALT_RNG,1960,1964,136841752,640,0,128
709,419640,20,RANDMIX_PRE,3,SALT_RNG,1960,1964,136841786,640,16,128
710,420332,21,RANDMIX_POST,3,SALT_RNG,1960,1964,136843329,640,16,128
711,421024,20,RANDMIX_PRE,3,SALT_RNG,1960,1964,136843362,640,32,128
712,421716,21,RANDMIX_POST,3,SALT_RNG,1960,1964,136844811,640,32,128
713,422408,20,RANDMIX_PRE,3,SALT_RNG,1960,1964,136844847,640,48,128
714,423100,21,RANDMIX_POST,3,SALT_RNG,1960,1964,136846423,640,48,128
715,423792,20,RANDMIX_PRE,3,SALT_RNG,1960,1964,136846456,640,64,128
716,424484,21,RANDMIX_POST,3,SALT_RNG,1960,1964,136847904,640,64,128
717,425176,20,RANDMIX_PRE,3,SALT_RNG,1960,1964,136847935,640,80,128
718,425868,21,RANDMIX_POST,3,SALT_RNG,1960,1964,136849380,640,80,128
719,426560,20,RANDMIX_PRE,3,SALT_RNG,1960,1964,136849417,640,96,128
720,427252,21,RANDMIX_POST,3,SALT_RNG,1960,1964,136850889,640,96,128
721,427944,20,RANDMIX_PRE,3,SALT_RNG,1960,1964,136850922,640,112,128
722,428636,21,RANDMIX_POST,3,SALT_RNG,1960,1964,136852370,640,112,128
723,429328,20,RANDMIX_PRE,3,SALT_RNG,1960,1964,136852401,640,128,128
724,430020,21,RANDMIX_POST,3,SALT_RNG,1960,1964,136853870,640,128,128
725,430712,20,RANDMIX_PRE,3,SALT_RNG,1960,1964,136853907,640,144,128
726,431404,21,RANDMIX_POST,3,SALT_RNG,1960,1964,136855355,640,144,128
727,432096,20,RANDMIX_PRE,3,SALT_RNG,1960,1964,136855386,640,160,128
728,432788,21,RANDMIX_POST,3,SALT_RNG,1960,1964,136856834,640,160,128
729,433480,42,CGR_SLOW_POOL_POST,3,SALT_RNG,1960,1964,136856865,640,176,128
730,434172,20,RANDMIX_PRE,3,SALT_RNG,1960,1964,136856901,640,176,128
731,434864,21,RANDMIX_POST,3,SALT_RNG,1960,1964,136858374,640,176,128
732,435556,10,RANDADD_INT32,3,SALT_RNG,1960,1964,136858415,4,176,128
733,435612,20,RANDMIX_PRE,3,SALT_RNG,1960,1964,136858446,640,176,128
734,436304,21,RANDMIX_POST,3,SALT_RNG,1960,1964,136859894,640,176,128
735,436996,10,RANDADD_INT32,3,SALT_RNG,1960,1964,136859928,4,180,128
736,437052,10,RANDADD_INT32,3,SALT_RNG,1960,1964,136859964,4,184,128
737,437108,10,RANDADD_INT32,3,SALT_RNG,1960,1964,136859997,4,188,128
738,437164,10,RANDADD_INT32,3,SALT_RNG,1960,1964,136860029,4,192,128
739,437220,20,RANDMIX_PRE,3,SALT_RNG,1960,1964,136860059,640,192,128
740,437912,21,RANDMIX_POST,3,SALT_RNG,1960,1964,136861557,640,192,128
741,438604,10,RANDADD_INT32,3,SALT_RNG,1960,1964,136861597,4,196,128
742,438660,10,RANDADD_INT32,3,SALT_RNG,1960,1964,136861628,4,200,128
743,438716,10,RANDADD_INT32,3,SALT_RNG,1960,1964,136861658,4,204,128
744,438772,10,RANDADD_INT32,3,SALT_RNG,1960,1964,136861689,4,208,128
745,438828,20,RANDMIX_PRE,3,SALT_RNG,1960,1964,136861719,640,208,128
746,439520,21,RANDMIX_POST,3,SALT_RNG,1960,1964,136863214,640,208,128
747,440212,10,RANDADD_INT32,3,SALT_RNG,1960,1964,136863251,4,212,128
748,440268,10,RANDADD_INT32,3,SALT_RNG,1960,1964,136863285,4,216,128
749,440324,10,RANDADD_INT32,3,SALT_RNG,1960,1964,136863317,4,220,128
750,440380,10,RANDADD_INT32,3,SALT_RNG,1960,1964,136863351,4,224,128
751,440436,20,RANDMIX_PRE,3,SALT_RNG,1960,1964,136863381,640,224,128
752,441128,21,RANDMIX_POST,3,SALT_RNG,1960,1964,136864862,640,224,128
753,441820,10,RANDADD_INT32,3,SALT_RNG,1960,1964,136864899,4,228,128
754,441876,10,RANDADD_INT32,3,SALT_RNG,1960,1964,136864934,4,232,128
755,441932,10,RANDADD_INT32,3,SALT_RNG,1960,1964,136864965,4,236,128
756,441988,10,RANDADD_INT32,3,SALT_RNG,1960,1964,136864997,4,240,128
757,442044,20,RANDMIX_PRE,3,SALT_RNG,1960,1964,136865028,640,240,128
758,442736,21,RANDMIX_POST,3,SALT_RNG,1960,1964,136866482,640,240,128
759,443428,10,RANDADD_INT32,3,SALT_RNG,1960,1964,136866517,4,244,128
760,443484,11,RANDADD_BUF,3,SALT_RNG,1960,1964,136866550,8,248,128
761,443544,11,RANDADD_BUF,3,SALT_RNG,1960,1964,136866584,8,256,128
762,443604,20,RANDMIX_PRE,3,SALT_RNG,1960,1964,136866614,640,256,128
763,444296,21,RANDMIX_POST,3,SALT_RNG,1960,1964,136868211,640,256,128
764,444988,11,RANDADD_BUF,3,SALT_RNG,1960,1964,136868279,32,264,128
765,445072,20,RANDMIX_PRE,3,SALT_RNG,1960,1964,136868321,640,272,128
766,445764,21,RANDMIX_POST,3,SALT_RNG,1960,1964,136869778,640,272,128
767,446456,20,RANDMIX_PRE,3,SALT_RNG,1960,1964,136869811,640,288,128
768,447148,21,RANDMIX_POST,3,SALT_RNG,1960,1964,136871266,640,288,128
769,447840,11,RANDADD_BUF,3,SALT_RNG,1960,1964,136871300,8,296,128
770,447900,11,RANDADD_BUF,3,SALT_RNG,1960,1964,136871331,8,304,128
771,447960,20,RANDMIX_PRE,3,SALT_RNG,1960,1964,136871361,640,304,128
772,448652,21,RANDMIX_POST,3,SALT_RNG,1960,1964,136872840,640,304,128
773,449344,11,RANDADD_BUF,3,SALT_RNG,1960,1964,136872873,8,312,128
774,449404,11,RANDADD_BUF,3,SALT_RNG,1960,1964,136872904,8,320,128
775,449464,20,RANDMIX_PRE,3,SALT_RNG,1960,1964,136872935,640,320,128
776,450156,21,RANDMIX_POST,3,SALT_RNG,1960,1964,136874383,640,320,128
777,450848,11,RANDADD_BUF,3,SALT_RNG,1960,1964,136874422,8,328,128
778,450908,11,RANDADD_BUF,3,SALT_RNG,1960,1964,136874454,8,336,128
779,450968,20,RANDMIX_PRE,3,SALT_RNG,1960,1964,136874484,640,336,128
780,451660,21,RANDMIX_POST,3,SALT_RNG,1960,1964,136877011,640,336,128
781,452352,11,RANDADD_BUF,3,SALT_RNG,1960,1964,136877090,8,344,128
782,452412,11,RANDADD_BUF,3,SALT_RNG,1960,1964,136877123,8,352,128
783,452472,20,RANDMIX_PRE,3,SALT_RNG,1960,1964,136877154,640,352,128
784,453164,21,RANDMIX_POST,3,SALT_RNG,1960,1964,136878754,640,352,128
785,453856,10,RANDADD_INT32,3,SALT_RNG,1960,1964,136878798,4,360,128
786,453912,10,RANDADD_INT32,3,SALT_RNG,1960,1964,136878829,4,364,128
787,453968,11,RANDADD_BUF,3,SALT_RNG,1960,1964,136878890,8,368,128
788,454028,20,RANDMIX_PRE,3,SALT_RNG,1960,1964,136878920,640,368,128
789,454720,21,RANDMIX_POST,3,SALT_RNG,1960,1964,136880519,640,368,128
790,455412,43,CGR_FAST_OUT,3,SALT_RNG,1960,1964,136880806,640,376,128
791,456104,44,CGR_FAST_POOL_PRE,3,SALT_RNG,1960,1964,136880840,640,376,128
792,456796,11,RANDADD_BUF,3,SALT_RNG,1960,1964,136880871,640,376,128
793,457488,20,RANDMIX_PRE,3,SALT_RNG,1960,1964,136880902,640,384,128
794,458180,21,RANDMIX_POST,3,SALT_RNG,1960,1964,136882662,640,384,128
795,458872,20,RANDMIX_PRE,3,SALT_RNG,1960,1964,136882702,640,400,128
796,459564,21,RANDMIX_POST,3,SALT_RNG,1960,1964,136884155,640,400,128
797,460256,20,RANDMIX_PRE,3,SALT_RNG,1960,1964,136884186,640,416,128
798,460948,21,RANDMIX_POST,3,SALT_RNG,1960,1964,136885637,640,416,128
799,461640,20,RANDMIX_PRE,3,SALT_RNG,1960,1964,136885668,640,432,128
800,462332,21,RANDMIX_POST,3,SALT_RNG,1960,1964,136887419,640,432,128
801,463024,20,RANDMIX_PRE,3,SALT_RNG,1960,1964,136887468,640,448,128
802,463716,21,RANDMIX_POST,3,SALT_RNG,1960,1964,136888988,640,448,128
803,464408,20,RANDMIX_PRE,3,SALT_RNG,1960,1964,136889023,640,464,128
804,465100,21,RANDMIX_POST,3,SALT_RNG,1960,1964,136890602,640,464,128
805,465792,20,RANDMIX_PRE,3,SALT_RNG,1960,1964,136890635,640,480,128
806,466484,21,RANDMIX_POST,3,SALT_RNG,1960,1964,136892086,640,480,128
807,467176,20,RANDMIX_PRE,3,SALT_RNG,1960,1964,136892123,640,496,128
808,467868,21,RANDMIX_POST,3,SALT_RNG,1960,1964,136893671,640,496,128
809,468560,20,RANDMIX_PRE,3,SALT_RNG,1960,1964,136893705,640,512,128
810,469252,21,RANDMIX_POST,3,SALT_RNG,1960,1964,136895157,640,512,128
811,469944,20,RANDMIX_PRE,3,SALT_RNG,1960,1964,136895188,640,528,128
812,470636,21,RANDMIX_POST,3,SALT_RNG,1960,1964,136896772,640,528,128
813,471328,20,RANDMIX_PRE,3,SALT_RNG,1960,1964,136896811,640,544,128
814,472020,21,RANDMIX_POST,3,SALT_RNG,1960,1964,136898335,640,544,128
815,472712,20,RANDMIX_PRE,3,SALT_RNG,1960,1964,136898366,640,560,128
816,473404,21,RANDMIX_POST,3,SALT_RNG,1960,1964,136899820,640,560,128
817,474096,20,RANDMIX_PRE,3,SALT_RNG,1960,1964,136899851,640,576,128
818,474788,21,RANDMIX_POST,3,SALT_RNG,1960,1964,136901424,640,576,128
819,475480,20,RANDMIX_PRE,3,SALT_RNG,1960,1964,136901465,640,592,128
820,476172,21,RANDMIX_POST,3,SALT_RNG,1960,1964,136902919,640,592,128
821,476864,20,RANDMIX_PRE,3,SALT_RNG,1960,1964,136902951,640,608,128
822,477556,21,RANDMIX_POST,3,SALT_RNG,1960,1964,136904453,640,608,128
823,478248,20,RANDMIX_PRE,3,SALT_RNG,1960,1964,136904487,640,624,128
824,478940,21,RANDMIX_POST,3,SALT_RNG,1960,1964,136905938,640,624,128
825,479632,20,RANDMIX_PRE,3,SALT_RNG,1960,1964,136905974,640,0,128
826,480324,21,RANDMIX_POST,3,SALT_RNG,1960,1964,136907525,640,0,128
827,481016,20,RANDMIX_PRE,3,SALT_RNG,1960,1964,136907558,640,16,128
828,481708,21,RANDMIX_POST,3,SALT_RNG,1960,1964,136909010,640,16,128
829,482400,20,RANDMIX_PRE,3,SALT_RNG,1960,1964,136909041,640,32,128
830,483092,21,RANDMIX_POST,3,SALT_RNG,1960,1964,136910491,640,32,128
831,483784,20,RANDMIX_PRE,3,SALT_RNG,1960,1964,136910528,640,48,128
832,484476,21,RANDMIX_POST,3,SALT_RNG,1960,1964,136912001,640,48,128
833,485168,20,RANDMIX_PRE,3,SALT_RNG,1960,1964,136912034,640,64,128
834,485860,21,RANDMIX_POST,3,SALT_RNG,1960,1964,136913486,640,64,128
835,486552,20,RANDMIX_PRE,3,SALT_RNG,1960,1964,136913517,640,80,128
836,487244,21,RANDMIX_POST,3,SALT_RNG,1960,1964,136915017,640,80,128
837,487936,20,RANDMIX_PRE,3,SALT_RNG,1960,1964,136915055,640,96,128
838,488628,21,RANDMIX_POST,3,SALT_RNG,1960,1964,136916507,640,96,128
839,489320,20,RANDMIX_PRE,3,SALT_RNG,1960,1964,136916538,640,112,128
840,490012,21,RANDMIX_POST,3,SALT_RNG,1960,1964,136918104,640,112,128
841,490704,20,RANDMIX_PRE,3,SALT_RNG,1960,1964,136918138,640,128,128
842,491396,21,RANDMIX_POST,3,SALT_RNG,1960,1964,136919590,640,128,128
843,492088,20,RANDMIX_PRE,3,SALT_RNG,1960,1964,136919626,640,144,128
844,492780,21,RANDMIX_POST,3,SALT_RNG,1960,1964,136922583,640,144,128
845,493472,20,RANDMIX_PRE,3,SALT_RNG,1960,1964,136922618,640,160,128
846,494164,21,RANDMIX_POST,3,SALT_RNG,1960,1964,136924073,640,160,128
847,494856,20,RANDMIX_PRE,3,SALT_RNG,1960,1964,136924104,640,176,128
848,495548,21,RANDMIX_POST,3,SALT_RNG,1960,1964,136925687,640,176,128
849,496240,20,RANDMIX_PRE,3,SALT_RNG,1960,1964,136925726,640,192,128
850,496932,21,RANDMIX_POST,3,SALT_RNG,1960,1964,136927179,640,192,128
851,497624,20,RANDMIX_PRE,3,SALT_RNG,1960,1964,136927210,640,208,128
852,498316,21,RANDMIX_POST,3,SALT_RNG,1960,1964,136928779,640,208,128
853,499008,20,RANDMIX_PRE,3,SALT_RNG,1960,1964,136928824,640,224,128
854,499700,21,RANDMIX_POST,3,SALT_RNG,1960,1964,136930322,640,224,128
855,500392,20,RANDMIX_PRE,3,SALT_RNG,1960,1964,136930362,640,240,128
856,501084,21,RANDMIX_POST,3,SALT_RNG,1960,1964,136931813,640,240,128
857,501776,20,RANDMIX_PRE,3,SALT_RNG,1960,1964,136931844,640,256,128
858,502468,21,RANDMIX_POST,3,SALT_RNG,1960,1964,136934148,640,256,128
859,503160,20,RANDMIX_PRE,3,SALT_RNG,1960,1964,136934269,640,272,128
860,503852,21,RANDMIX_POST,3,SALT_RNG,1960,1964,136936103,640,272,128
861,504544,20,RANDMIX_PRE,3,SALT_RNG,1960,1964,136936139,640,288,128
862,505236,21,RANDMIX_POST,3,SALT_RNG,1960,1964,136938144,640,288,128
863,505928,20,RANDMIX_PRE,3,SALT_RNG,1960,1964,136938181,640,304,128
864,506620,21,RANDMIX_POST,3,SALT_RNG,1960,1964,136939813,640,304,128
865,507312,20,RANDMIX_PRE,3,SALT_RNG,1960,1964,136939848,640,320,128
866,508004,21,RANDMIX_POST,3,SALT_RNG,1960,1964,136941304,640,320,128
867,508696,20,RANDMIX_PRE,3,SALT_RNG,1960,1964,136941336,640,336,128
868,509388,21,RANDMIX_POST,3,SALT_RNG,1960,1964,136942785,640,336,128
869,510080,20,RANDMIX_PRE,3,SALT_RNG,1960,1964,136942815,640,352,128
870,510772,21,RANDMIX_POST,3,SALT_RNG,1960,1964,136944413,640,352,128
871,511464,20,RANDMIX_PRE,3,SALT_RNG,1960,1964,136944447,640,368,128
872,512156,21,RANDMIX_POST,3,SALT_RNG,1960,1964,136946155,640,368,128
873,512848,45,CGR_FAST_POOL_POST,3,SALT_RNG,1960,1964,136946192,640,376,128
874,513540,20,RANDMIX_PRE,3,SALT_RNG,1960,1964,136946224,640,376,128
875,514232,21,RANDMIX_POST,3,SALT_RNG,1960,1964,136947811,640,376,128
876,514924,32,RANDGET_RAW,3,SALT_RNG,1960,1964,136947845,64,176,192
877,515040,33,RANDGET_POOL_INVERTED,3,SALT_RNG,1960,1964,136947878,640,176,192
878,515732,10,RANDADD_INT32,3,SALT_RNG,1960,1964,136947916,4,176,192
879,515788,20,RANDMIX_PRE,3,SALT_RNG,1960,1964,136947947,640,176,192
880,516480,21,RANDMIX_POST,3,SALT_RNG,1960,1964,136949400,640,176,192
881,517172,10,RANDADD_INT32,3,SALT_RNG,1960,1964,136949433,4,180,192
882,517228,10,RANDADD_INT32,3,SALT_RNG,1960,1964,136949470,4,184,192
883,517284,10,RANDADD_INT32,3,SALT_RNG,1960,1964,136949504,4,188,192
884,517340,10,RANDADD_INT32,3,SALT_RNG,1960,1964,136949535,4,192,192
885,517396,20,RANDMIX_PRE,3,SALT_RNG,1960,1964,136949565,640,192,192
886,518088,21,RANDMIX_POST,3,SALT_RNG,1960,1964,136951106,640,192,192
887,518780,10,RANDADD_INT32,3,SALT_RNG,1960,1964,136951139,4,196,192
888,518836,10,RANDADD_INT32,3,SALT_RNG,1960,1964,136951170,4,200,192
889,518892,10,RANDADD_INT32,3,SALT_RNG,1960,1964,136951200,4,204,192
890,518948,10,RANDADD_INT32,3,SALT_RNG,1960,1964,136951231,4,208,192
891,519004,20,RANDMIX_PRE,3,SALT_RNG,1960,1964,136951261,640,208,192
892,519696,21,RANDMIX_POST,3,SALT_RNG,1960,1964,136952710,640,208,192
893,520388,10,RANDADD_INT32,3,SALT_RNG,1960,1964,136952748,4,212,192
894,520444,10,RANDADD_INT32,3,SALT_RNG,1960,1964,136952781,4,216,192
895,520500,10,RANDADD_INT32,3,SALT_RNG,1960,1964,136952814,4,220,192
896,520556,10,RANDADD_INT32,3,SALT_RNG,1960,1964,136952848,4,224,192
897,520612,20,RANDMIX_PRE,3,SALT_RNG,1960,1964,136952878,640,224,192
898,521304,21,RANDMIX_POST,3,SALT_RNG,1960,1964,136954462,640,224,192
899,521996,10,RANDADD_INT32,3,SALT_RNG,1960,1964,136954497,4,228,192
900,522052,10,RANDADD_INT32,3,SALT_RNG,1960,1964,136954532,4,232,192
901,522108,10,RANDADD_INT32,3,SALT_RNG,1960,1964,136954563,4,236,192
902,522164,10,RANDADD_INT32,3,SALT_RNG,1960,1964,136954596,4,240,192
903,522220,20,RANDMIX_PRE,3,SALT_RNG,1960,1964,136954626,640,240,192
904,522912,21,RANDMIX_POST,3,SALT_RNG,1960,1964,136956073,640,240,192
905,523604,10,RANDADD_INT32,3,SALT_RNG,1960,1964,136956107,4,244,192
906,523660,11,RANDADD_BUF,3,SALT_RNG,1960,1964,136956138,8,248,192
907,523720,11,RANDADD_BUF,3,SALT_RNG,1960,1964,136956171,8,256,192
908,523780,20,RANDMIX_PRE,3,SALT_RNG,1960,1964,136956201,640,256,192
909,524472,21,RANDMIX_POST,3,SALT_RNG,1960,1964,136957754,640,256,192
910,525164,11,RANDADD_BUF,3,SALT_RNG,1960,1964,136957808,32,264,192
911,525248,20,RANDMIX_PRE,3,SALT_RNG,1960,1964,136957840,640,272,192
912,525940,21,RANDMIX_POST,3,SALT_RNG,1960,1964,136959439,640,272,192
913,526632,20,RANDMIX_PRE,3,SALT_RNG,1960,1964,136959474,640,288,192
914,527324,21,RANDMIX_POST,3,SALT_RNG,1960,1964,136960988,640,288,192
915,528016,11,RANDADD_BUF,3,SALT_RNG,1960,1964,136961056,8,296,192
916,528076,11,RANDADD_BUF,3,SALT_RNG,1960,1964,136961088,8,304,192
917,528136,20,RANDMIX_PRE,3,SALT_RNG,1960,1964,136961119,640,304,192
918,528828,21,RANDMIX_POST,3,SALT_RNG,1960,1964,136962572,640,304,192
919,529520,11,RANDADD_BUF,3,SALT_RNG,1960,1964,136962604,8,312,192
920,529580,11,RANDADD_BUF,3,SALT_RNG,1960,1964,136962635,8,320,192
921,529640,20,RANDMIX_PRE,3,SALT_RNG,1960,1964,136962665,640,320,192
922,530332,21,RANDMIX_POST,3,SALT_RNG,1960,1964,136964118,640,320,192
923,531024,11,RANDADD_BUF,3,SALT_RNG,1960,1964,136964152,8,328,192
924,531084,11,RANDADD_BUF,3,SALT_RNG,1960,1964,136964183,8,336,192
925,531144,20,RANDMIX_PRE,3,SALT_RNG,1960,1964,136964213,640,336,192
926,531836,21,RANDMIX_POST,3,SALT_RNG,1960,1964,136965716,640,336,192
927,532528,11,RANDADD_BUF,3,SALT_RNG,1960,1964,136965755,8,344,192
928,532588,11,RANDADD_BUF,3,SALT_RNG,1960,1964,136965787,8,352,192
929,532648,20,RANDMIX_PRE,3,SALT_RNG,1960,1964,136965818,640,352,192
930,533340,21,RANDMIX_POST,3,SALT_RNG,1960,1964,136967268,640,352,192
931,534032,10,RANDADD_INT32,3,SALT_RNG,1960,1964,136967301,4,360,192
932,534088,10,RANDADD_INT32,3,SALT_RNG,1960,1964,136967331,4,364,192
933,534144,11,RANDADD_BUF,3,SALT_RNG,1960,1964,136967391,8,368,192
934,534204,20,RANDMIX_PRE,3,SALT_RNG,1960,1964,136967420,640,368,192
935,534896,21,RANDMIX_POST,3,SALT_RNG,1960,1964,136968896,640,368,192
936,535588,43,CGR_FAST_OUT,3,SALT_RNG,1960,1964,136969026,640,376,192
937,536280,44,CGR_FAST_POOL_PRE,3,SALT_RNG,1960,1964,136969059,640,376,192
938,536972,11,RANDADD_BUF,3,SALT_RNG,1960,1964,136969095,640,376,192
939,537664,20,RANDMIX_PRE,3,SALT_RNG,1960,1964,136969126,640,384,192
940,538356,21,RANDMIX_POST,3,SALT_RNG,1960,1964,136970577,640,384,192
941,539048,20,RANDMIX_PRE,3,SALT_RNG,1960,1964,136970608,640,400,192
942,539740,21,RANDMIX_POST,3,SALT_RNG,1960,1964,136972133,640,400,192
943,540432,20,RANDMIX_PRE,3,SALT_RNG,1960,1964,136972166,640,416,192
944,541124,21,RANDMIX_POST,3,SALT_RNG,1960,1964,136973623,640,416,192
945,541816,20,RANDMIX_PRE,3,SALT_RNG,1960,1964,136973655,640,432,192
946,542508,21,RANDMIX_POST,3,SALT_RNG,1960,1964,136975104,640,432,192
947,543200,20,RANDMIX_PRE,3,SALT_RNG,1960,1964,136975135,640,448,192
948,543892,21,RANDMIX_POST,3,SALT_RNG,1960,1964,136976610,640,448,192
949,544584,20,RANDMIX_PRE,3,SALT_RNG,1960,1964,136976643,640,464,192
950,545276,21,RANDMIX_POST,3,SALT_RNG,1960,1964,136978098,640,464,192
951,545968,20,RANDMIX_PRE,3,SALT_RNG,1960,1964,136978130,640,480,192
952,546660,21,RANDMIX_POST,3,SALT_RNG,1960,1964,136979605,640,480,192
953,547352,20,RANDMIX_PRE,3,SALT_RNG,1960,1964,136979638,640,496,192
954,548044,21,RANDMIX_POST,3,SALT_RNG,1960,1964,136981127,640,496,192
955,548736,20,RANDMIX_PRE,3,SALT_RNG,1960,1964,136981160,640,512,192
956,549428,21,RANDMIX_POST,3,SALT_RNG,1960,1964,136982701,640,512,192
957,550120,20,RANDMIX_PRE,3,SALT_RNG,1960,1964,136982735,640,528,192
958,550812,21,RANDMIX_POST,3,SALT_RNG,1960,1964,136984187,640,528,192
959,551504,20,RANDMIX_PRE,3,SALT_RNG,1960,1964,136984218,640,544,192
960,552196,21,RANDMIX_POST,3,SALT_RNG,1960,1964,136985669,640,544,192
961,552888,20,RANDMIX_PRE,3,SALT_RNG,1960,1964,136985700,640,560,192
962,553580,21,RANDMIX_POST,3,SALT_RNG,1960,1964,136987180,640,560,192
963,554272,20,RANDMIX_PRE,3,SALT_RNG,1960,1964,136987213,640,576,192
964,554964,21,RANDMIX_POST,3,SALT_RNG,1960,1964,136988665,640,576,192
965,555656,20,RANDMIX_PRE,3,SALT_RNG,1960,1964,136988696,640,592,192
966,556348,21,RANDMIX_POST,3,SALT_RNG,1960,1964,136991682,640,592,192
967,557040,20,RANDMIX_PRE,3,SALT_RNG,1960,1964,136991826,640,608,192
968,557732,21,RANDMIX_POST,3,SALT_RNG,1960,1964,136993888,640,608,192
969,558424,20,RANDMIX_PRE,3,SALT_RNG,1960,1964,136993930,640,624,192
970,559116,21,RANDMIX_POST,3,SALT_RNG,1960,1964,136995709,640,624,192
971,559808,20,RANDMIX_PRE,3,SALT_RNG,1960,1964,136995747,640,0,192
972,560500,21,RANDMIX_POST,3,SALT_RNG,1960,1964,136997447,640,0,192
973,561192,20,RANDMIX_PRE,3,SALT_RNG,1960,1964,136997485,640,16,192
974,561884,21,RANDMIX_POST,3,SALT_RNG,1960,1964,136998933,640,16,192
975,562576,20,RANDMIX_PRE,3,SALT_RNG,1960,1964,136998964,640,32,192
976,563268,21,RANDMIX_POST,3,SALT_RNG,1960,1964,137000543,640,32,192
977,563960,20,RANDMIX_PRE,3,SALT_RNG,1960,1964,137000585,640,48,192
978,564652,21,RANDMIX_POST,3,SALT_RNG,1960,1964,137002072,640,48,192
979,565344,20,RANDMIX_PRE,3,SALT_RNG,1960,1964,137002113,640,64,192
980,566036,21,RANDMIX_POST,3,SALT_RNG,1960,1964,137003631,640,64,192
981,566728,20,RANDMIX_PRE,3,SALT_RNG,1960,1964,137003662,640,80,192
982,567420,21,RANDMIX_POST,3,SALT_RNG,1960,1964,137005342,640,80,192
983,568112,20,RANDMIX_PRE,3,SALT_RNG,1960,1964,137005389,640,96,192
984,568804,21,RANDMIX_POST,3,SALT_RNG,1960,1964,137006916,640,96,192
985,569496,20,RANDMIX_PRE,3,SALT_RNG,1960,1964,137006957,640,112,192
986,570188,21,RANDMIX_POST,3,SALT_RNG,1960,1964,137008512,640,112,192
987,570880,20,RANDMIX_PRE,3,SALT_RNG,1960,1964,137008546,640,128,192
988,571572,21,RANDMIX_POST,3,SALT_RNG,1960,1964,137009998,640,128,192
989,572264,20,RANDMIX_PRE,3,SALT_RNG,1960,1964,137010029,640,144,192
990,572956,21,RANDMIX_POST,3,SALT_RNG,1960,1964,137011659,640,144,192
991,573648,20,RANDMIX_PRE,3,SALT_RNG,1960,1964,137011699,640,160,192
992,574340,21,RANDMIX_POST,3,SALT_RNG,1960,1964,137013148,640,160,192
993,575032,20,RANDMIX_PRE,3,SALT_RNG,1960,1964,137013178,640,176,192
994,575724,21,RANDMIX_POST,3,SALT_RNG,1960,1964,137014684,640,176,192
995,576416,20,RANDMIX_PRE,3,SALT_RNG,1960,1964,137014717,640,192,192
996,577108,21,RANDMIX_POST,3,SALT_RNG,1960,1964,137016166,640,192,192
997,577800,20,RANDMIX_PRE,3,SALT_RNG,1960,1964,137016203,640,208,192
998,578492,21,RANDMIX_POST,3,SALT_RNG,1960,1964,137017649,640,208,192
999,579184,20,RANDMIX_PRE,3,SALT_RNG,1960,1964,137017680,640,224,192
1000,579876,21,RANDMIX_POST,3,SALT_RNG,1960,1964,137019150,640,224,192
1001,580568,20,RANDMIX_PRE,3,SALT_RNG,1960,1964,137019183,640,240,192
1002,581260,21,RANDMIX_POST,3,SALT_RNG,1960,1964,137020632,640,240,192
1003,581952,20,RANDMIX_PRE,3,SALT_RNG,1960,1964,137020668,640,256,192
1004,582644,21,RANDMIX_POST,3,SALT_RNG,1960,1964,137022139,640,256,192
1005,583336,20,RANDMIX_PRE,3,SALT_RNG,1960,1964,137022172,640,272,192
1006,584028,21,RANDMIX_POST,3,SALT_RNG,1960,1964,137023624,640,272,192
1007,584720,20,RANDMIX_PRE,3,SALT_RNG,1960,1964,137023655,640,288,192
1008,585412,21,RANDMIX_POST,3,SALT_RNG,1960,1964,137025102,640,288,192
1009,586104,20,RANDMIX_PRE,3,SALT_RNG,1960,1964,137025138,640,304,192
1010,586796,21,RANDMIX_POST,3,SALT_RNG,1960,1964,137026713,640,304,192
1011,587488,20,RANDMIX_PRE,3,SALT_RNG,1960,1964,137026746,640,320,192
1012,588180,21,RANDMIX_POST,3,SALT_RNG,1960,1964,137028196,640,320,192
1013,588872,20,RANDMIX_PRE,3,SALT_RNG,1960,1964,137028227,640,336,192
1014,589564,21,RANDMIX_POST,3,SALT_RNG,1960,1964,137029701,640,336,192
1015,590256,20,RANDMIX_PRE,3,SALT_RNG,1960,1964,137029739,640,352,192
1016,590948,21,RANDMIX_POST,3,SALT_RNG,1960,1964,137031189,640,352,192
1017,591640,20,RANDMIX_PRE,3,SALT_RNG,1960,1964,137031221,640,368,192
1018,592332,21,RANDMIX_POST,3,SALT_RNG,1960,1964,137032719,640,368,192
1019,593024,45,CGR_FAST_POOL_POST,3,SALT_RNG,1960,1964,137032753,640,376,192
1020,593716,20,RANDMIX_PRE,3,SALT_RNG,1960,1964,137032784,640,376,192
1021,594408,21,RANDMIX_POST,3,SALT_RNG,1960,1964,137034237,640,376,192
1022,595100,34,RANDGET_OUT,3,SALT_RNG,1960,1964,137034272,64,176,256
1023,595216,35,RANDGET_POOL_POST,3,SALT_RNG,1960,1964,137034303,640,176,256
1024,595908,54,SALT,3,SALT_RNG,1960,1964,137034333,64,64,0
1025,596024,55,PBKDF2_DK,4,KDF,1960,1964,137488319,192,2000,1
1026,596268,56,HEADER_PLAIN,4,KDF,1960,1964,137489899,512,0,0
1027,596832,57,HEADER_KEY_PRIMARY,5,HEADER_ENC,1960,1964,137489934,32,0,32
1028,596916,58,HEADER_KEY_SECONDARY,5,HEADER_ENC,1960,1964,137489966,32,0,32
1029,597000,59,HEADER_CIPHER,5,HEADER_ENC,1960,1964,137495002,512,0,0
1030,597564,61,WRITE_PRIMARY_HEADER,6,FORMAT,1960,1964,137498881,512,0,0
1031,598128,62,WRITE_PRIMARY_ZERO,6,FORMAT,1960,1964,137499105,130560,512,0
1032,728740,63,WRITE_DATA,6,FORMAT,1960,1964,137670624,65536,131072,0
1033,794328,63,WRITE_DATA,6,FORMAT,1960,1964,137673521,65536,196608,0
1034,859916,63,WRITE_DATA,6,FORMAT,1960,1964,137674028,14336,262144,0
1035,874304,64,FORMAT_BACKUP_BEGIN,6,FORMAT,1960,1964,137674132,0,16646144,0
1036,874356,50,PASSWORD,1,HEADER,1960,1964,137674198,28,0,0
1037,874436,65,MASTER_KEYDATA_REUSED,1,HEADER,1960,1964,137674238,256,64,32
1038,874744,51,HEADER_PARAMS,1,HEADER,1960,1964,137674270,64,0,0
1039,874860,30,RANDGET_BEGIN,3,SALT_RNG,1960,1964,137674301,0,64,1
1040,874912,31,RANDGET_POOL_PRE,3,SALT_RNG,1960,1964,137674331,640,176,264
1041,875604,11,RANDADD_BUF,3,SALT_RNG,1960,1964,137674829,232,176,264
1042,875888,20,RANDMIX_PRE,3,SALT_RNG,1960,1964,137674868,640,176,264
1043,876580,21,RANDMIX_POST,3,SALT_RNG,1960,1964,137676478,640,176,264
1044,877272,20,RANDMIX_PRE,3,SALT_RNG,1960,1964,137676514,640,192,264
1045,877964,21,RANDMIX_POST,3,SALT_RNG,1960,1964,137678810,640,192,264
1046,878656,20,RANDMIX_PRE,3,SALT_RNG,1960,1964,137678904,640,208,264
1047,879348,21,RANDMIX_POST,3,SALT_RNG,1960,1964,137680437,640,208,264
1048,880040,20,RANDMIX_PRE,3,SALT_RNG,1960,1964,137680471,640,224,264
1049,880732,21,RANDMIX_POST,3,SALT_RNG,1960,1964,137681931,640,224,264
1050,881424,20,RANDMIX_PRE,3,SALT_RNG,1960,1964,137681962,640,240,264
1051,882116,21,RANDMIX_POST,3,SALT_RNG,1960,1964,137683410,640,240,264
1052,882808,20,RANDMIX_PRE,3,SALT_RNG,1960,1964,137683441,640,256,264
1053,883500,21,RANDMIX_POST,3,SALT_RNG,1960,1964,137684914,640,256,264
1054,884192,20,RANDMIX_PRE,3,SALT_RNG,1960,1964,137684946,640,272,264
1055,884884,21,RANDMIX_POST,3,SALT_RNG,1960,1964,137686397,640,272,264
1056,885576,20,RANDMIX_PRE,3,SALT_RNG,1960,1964,137686428,640,288,264
1057,886268,21,RANDMIX_POST,3,SALT_RNG,1960,1964,137688033,640,288,264
1058,886960,20,RANDMIX_PRE,3,SALT_RNG,1960,1964,137688068,640,304,264
1059,887652,21,RANDMIX_POST,3,SALT_RNG,1960,1964,137689515,640,304,264
1060,888344,20,RANDMIX_PRE,3,SALT_RNG,1960,1964,137689546,640,320,264
1061,889036,21,RANDMIX_POST,3,SALT_RNG,1960,1964,137691000,640,320,264
1062,889728,20,RANDMIX_PRE,3,SALT_RNG,1960,1964,137691031,640,336,264
1063,890420,21,RANDMIX_POST,3,SALT_RNG,1960,1964,137692504,640,336,264
1064,891112,20,RANDMIX_PRE,3,SALT_RNG,1960,1964,137692537,640,352,264
1065,891804,21,RANDMIX_POST,3,SALT_RNG,1960,1964,137693980,640,352,264
1066,892496,20,RANDMIX_PRE,3,SALT_RNG,1960,1964,137694012,640,368,264
1067,893188,21,RANDMIX_POST,3,SALT_RNG,1960,1964,137695517,640,368,264
1068,893880,20,RANDMIX_PRE,3,SALT_RNG,1960,1964,137695550,640,384,264
1069,894572,21,RANDMIX_POST,3,SALT_RNG,1960,1964,137697000,640,384,264
1070,895264,20,RANDMIX_PRE,3,SALT_RNG,1960,1964,137697031,640,400,264
1071,895956,21,RANDMIX_POST,3,SALT_RNG,1960,1964,137698503,640,400,264
1072,896648,11,RANDADD_BUF,3,SALT_RNG,1960,1964,137698780,88,408,264
1073,896788,20,RANDMIX_PRE,3,SALT_RNG,1960,1964,137698813,640,416,264
1074,897480,21,RANDMIX_POST,3,SALT_RNG,1960,1964,137700269,640,416,264
1075,898172,20,RANDMIX_PRE,3,SALT_RNG,1960,1964,137700301,640,432,264
1076,898864,21,RANDMIX_POST,3,SALT_RNG,1960,1964,137701749,640,432,264
1077,899556,20,RANDMIX_PRE,3,SALT_RNG,1960,1964,137701780,640,448,264
1078,900248,21,RANDMIX_POST,3,SALT_RNG,1960,1964,137703524,640,448,264
1079,900940,20,RANDMIX_PRE,3,SALT_RNG,1960,1964,137703596,640,464,264
1080,901632,21,RANDMIX_POST,3,SALT_RNG,1960,1964,137705772,640,464,264
1081,902324,20,RANDMIX_PRE,3,SALT_RNG,1960,1964,137705818,640,480,264
1082,903016,21,RANDMIX_POST,3,SALT_RNG,1960,1964,137707867,640,480,264
1083,903708,11,RANDADD_BUF,3,SALT_RNG,1960,1964,137708195,88,496,264
1084,903848,20,RANDMIX_PRE,3,SALT_RNG,1960,1964,137708237,640,496,264
1085,904540,21,RANDMIX_POST,3,SALT_RNG,1960,1964,137710551,640,496,264
1086,905232,20,RANDMIX_PRE,3,SALT_RNG,1960,1964,137710609,640,512,264
1087,905924,21,RANDMIX_POST,3,SALT_RNG,1960,1964,137712952,640,512,264
1088,906616,20,RANDMIX_PRE,3,SALT_RNG,1960,1964,137713002,640,528,264
1089,907308,21,RANDMIX_POST,3,SALT_RNG,1960,1964,137714855,640,528,264
1090,908000,20,RANDMIX_PRE,3,SALT_RNG,1960,1964,137714893,640,544,264
1091,908692,21,RANDMIX_POST,3,SALT_RNG,1960,1964,137716464,640,544,264
1092,909384,20,RANDMIX_PRE,3,SALT_RNG,1960,1964,137716509,640,560,264
1093,910076,21,RANDMIX_POST,3,SALT_RNG,1960,1964,137718003,640,560,264
1094,910768,20,RANDMIX_PRE,3,SALT_RNG,1960,1964,137718036,640,576,264
1095,911460,21,RANDMIX_POST,3,SALT_RNG,1960,1964,137720044,640,576,264
1096,912152,40,CGR_SLOW_OUT,3,SALT_RNG,1960,1964,137720230,640,584,264
1097,912844,41,CGR_SLOW_POOL_PRE,3,SALT_RNG,1960,1964,137720265,640,584,264
1098,913536,11,RANDADD_BUF,3,SALT_RNG,1960,1964,137720303,640,584,264
1099,914228,20,RANDMIX_PRE,3,SALT_RNG,1960,1964,137720335,640,592,264
1100,914920,21,RANDMIX_POST,3,SALT_RNG,1960,1964,137721985,640,592,264
1101,915612,20,RANDMIX_PRE,3,SALT_RNG,1960,1964,137722022,640,608,264
1102,916304,21,RANDMIX_POST,3,SALT_RNG,1960,1964,137723788,640,608,264
1103,916996,20,RANDMIX_PRE,3,SALT_RNG,1960,1964,137723826,640,624,264
1104,917688,21,RANDMIX_POST,3,SALT_RNG,1960,1964,137725317,640,624,264
1105,918380,20,RANDMIX_PRE,3,SALT_RNG,1960,1964,137725350,640,0,264
1106,919072,21,RANDMIX_POST,3,SALT_RNG,1960,1964,137726796,640,0,264
1107,919764,20,RANDMIX_PRE,3,SALT_RNG,1960,1964,137726827,640,16,264
1108,920456,21,RANDMIX_POST,3,SALT_RNG,1960,1964,137728473,640,16,264
1109,921148,20,RANDMIX_PRE,3,SALT_RNG,1960,1964,137728508,640,32,264
1110,921840,21,RANDMIX_POST,3,SALT_RNG,1960,1964,137730035,640,32,264
1111,922532,20,RANDMIX_PRE,3,SALT_RNG,1960,1964,137730067,640,48,264
1112,923224,21,RANDMIX_POST,3,SALT_RNG,1960,1964,137731610,640,48,264
1113,923916,20,RANDMIX_PRE,3,SALT_RNG,1960,1964,137731644,640,64,264
1114,924608,21,RANDMIX_POST,3,SALT_RNG,1960,1964,137733093,640,64,264
1115,925300,20,RANDMIX_PRE,3,SALT_RNG,1960,1964,137733125,640,80,264
1116,925992,21,RANDMIX_POST,3,SALT_RNG,1960,1964,137736064,640,80,264
1117,926684,20,RANDMIX_PRE,3,SALT_RNG,1960,1964,137736202,640,96,264
1118,927376,21,RANDMIX_POST,3,SALT_RNG,1960,1964,137737994,640,96,264
1119,928068,20,RANDMIX_PRE,3,SALT_RNG,1960,1964,137738035,640,112,264
1120,928760,21,RANDMIX_POST,3,SALT_RNG,1960,1964,137739855,640,112,264
1121,929452,20,RANDMIX_PRE,3,SALT_RNG,1960,1964,137739898,640,128,264
1122,930144,21,RANDMIX_POST,3,SALT_RNG,1960,1964,137741486,640,128,264
1123,930836,20,RANDMIX_PRE,3,SALT_RNG,1960,1964,137741520,640,144,264
1124,931528,21,RANDMIX_POST,3,SALT_RNG,1960,1964,137742964,640,144,264
1125,932220,20,RANDMIX_PRE,3,SALT_RNG,1960,1964,137742995,640,160,264
1126,932912,21,RANDMIX_POST,3,SALT_RNG,1960,1964,137744526,640,160,264
1127,933604,20,RANDMIX_PRE,3,SALT_RNG,1960,1964,137744561,640,176,264
1128,934296,21,RANDMIX_POST,3,SALT_RNG,1960,1964,137746079,640,176,264
1129,934988,20,RANDMIX_PRE,3,SALT_RNG,1960,1964,137746112,640,192,264
1130,935680,21,RANDMIX_POST,3,SALT_RNG,1960,1964,137747554,640,192,264
1131,936372,20,RANDMIX_PRE,3,SALT_RNG,1960,1964,137747585,640,208,264
1132,937064,21,RANDMIX_POST,3,SALT_RNG,1960,1964,137749053,640,208,264
1133,937756,20,RANDMIX_PRE,3,SALT_RNG,1960,1964,137749086,640,224,264
1134,938448,21,RANDMIX_POST,3,SALT_RNG,1960,1964,137750534,640,224,264
1135,939140,20,RANDMIX_PRE,3,SALT_RNG,1960,1964,137750566,640,240,264
1136,939832,21,RANDMIX_POST,3,SALT_RNG,1960,1964,137752031,640,240,264
1137,940524,20,RANDMIX_PRE,3,SALT_RNG,1960,1964,137752064,640,256,264
1138,941216,21,RANDMIX_POST,3,SALT_RNG,1960,1964,137753507,640,256,264
1139,941908,20,RANDMIX_PRE,3,SALT_RNG,1960,1964,137753538,640,272,264
1140,942600,21,RANDMIX_POST,3,SALT_RNG,1960,1964,137754984,640,272,264
1141,943292,20,RANDMIX_PRE,3,SALT_RNG,1960,1964,137755016,640,288,264
1142,943984,21,RANDMIX_POST,3,SALT_RNG,1960,1964,137756489,640,288,264
1143,944676,20,RANDMIX_PRE,3,SALT_RNG,1960,1964,137756522,640,304,264
1144,945368,21,RANDMIX_POST,3,SALT_RNG,1960,1964,137757966,640,304,264
1145,946060,20,RANDMIX_PRE,3,SALT_RNG,1960,1964,137757997,640,320,264
1146,946752,21,RANDMIX_POST,3,SALT_RNG,1960,1964,137759540,640,320,264
1147,947444,20,RANDMIX_PRE,3,SALT_RNG,1960,1964,137759574,640,336,264
1148,948136,21,RANDMIX_POST,3,SALT_RNG,1960,1964,137761018,640,336,264
1149,948828,20,RANDMIX_PRE,3,SALT_RNG,1960,1964,137761049,640,352,264
1150,949520,21,RANDMIX_POST,3,SALT_RNG,1960,1964,137762490,640,352,264
1151,950212,20,RANDMIX_PRE,3,SALT_RNG,1960,1964,137762521,640,368,264
1152,950904,21,RANDMIX_POST,3,SALT_RNG,1960,1964,137764067,640,368,264
1153,951596,20,RANDMIX_PRE,3,SALT_RNG,1960,1964,137764100,640,384,264
1154,952288,21,RANDMIX_POST,3,SALT_RNG,1960,1964,137765613,640,384,264
1155,952980,20,RANDMIX_PRE,3,SALT_RNG,1960,1964,137765644,640,400,264
1156,953672,21,RANDMIX_POST,3,SALT_RNG,1960,1964,137767211,640,400,264
1157,954364,20,RANDMIX_PRE,3,SALT_RNG,1960,1964,137767245,640,416,264
1158,955056,21,RANDMIX_POST,3,SALT_RNG,1960,1964,137768695,640,416,264
1159,955748,20,RANDMIX_PRE,3,SALT_RNG,1960,1964,137768726,640,432,264
1160,956440,21,RANDMIX_POST,3,SALT_RNG,1960,1964,137770321,640,432,264
1161,957132,20,RANDMIX_PRE,3,SALT_RNG,1960,1964,137770356,640,448,264
1162,957824,21,RANDMIX_POST,3,SALT_RNG,1960,1964,137771800,640,448,264
1163,958516,20,RANDMIX_PRE,3,SALT_RNG,1960,1964,137771836,640,464,264
1164,959208,21,RANDMIX_POST,3,SALT_RNG,1960,1964,137773282,640,464,264
1165,959900,20,RANDMIX_PRE,3,SALT_RNG,1960,1964,137773313,640,480,264
1166,960592,21,RANDMIX_POST,3,SALT_RNG,1960,1964,137774799,640,480,264
1167,961284,20,RANDMIX_PRE,3,SALT_RNG,1960,1964,137774832,640,496,264
1168,961976,21,RANDMIX_POST,3,SALT_RNG,1960,1964,137776606,640,496,264
1169,962668,20,RANDMIX_PRE,3,SALT_RNG,1960,1964,137776647,640,512,264
1170,963360,21,RANDMIX_POST,3,SALT_RNG,1960,1964,137778222,640,512,264
1171,964052,20,RANDMIX_PRE,3,SALT_RNG,1960,1964,137778256,640,528,264
1172,964744,21,RANDMIX_POST,3,SALT_RNG,1960,1964,137779766,640,528,264
1173,965436,20,RANDMIX_PRE,3,SALT_RNG,1960,1964,137779800,640,544,264
1174,966128,21,RANDMIX_POST,3,SALT_RNG,1960,1964,137781388,640,544,264
1175,966820,20,RANDMIX_PRE,3,SALT_RNG,1960,1964,137781428,640,560,264
1176,967512,21,RANDMIX_POST,3,SALT_RNG,1960,1964,137783147,640,560,264
1177,968204,20,RANDMIX_PRE,3,SALT_RNG,1960,1964,137783187,640,576,264
1178,968896,21,RANDMIX_POST,3,SALT_RNG,1960,1964,137785062,640,576,264
1179,969588,42,CGR_SLOW_POOL_POST,3,SALT_RNG,1960,1964,137785103,640,584,264
1180,970280,20,RANDMIX_PRE,3,SALT_RNG,1960,1964,137785141,640,584,264
1181,970972,21,RANDMIX_POST,3,SALT_RNG,1960,1964,137786631,640,584,264
1182,971664,10,RANDADD_INT32,3,SALT_RNG,1960,1964,137786678,4,584,264
1183,971720,10,RANDADD_INT32,3,SALT_RNG,1960,1964,137786711,4,588,264
1184,971776,10,RANDADD_INT32,3,SALT_RNG,1960,1964,137786748,4,592,264
1185,971832,20,RANDMIX_PRE,3,SALT_RNG,1960,1964,137786778,640,592,264
1186,972524,21,RANDMIX_POST,3,SALT_RNG,1960,1964,137788323,640,592,264
1187,973216,10,RANDADD_INT32,3,SALT_RNG,1960,1964,137788361,4,596,264
1188,973272,10,RANDADD_INT32,3,SALT_RNG,1960,1964,137788393,4,600,264
1189,973328,10,RANDADD_INT32,3,SALT_RNG,1960,1964,137788424,4,604,264
1190,973384,10,RANDADD_INT32,3,SALT_RNG,1960,1964,137788454,4,608,264
1191,973440,20,RANDMIX_PRE,3,SALT_RNG,1960,1964,137788484,640,608,264
1192,974132,21,RANDMIX_POST,3,SALT_RNG,1960,1964,137789930,640,608,264
1193,974824,10,RANDADD_INT32,3,SALT_RNG,1960,1964,137789961,4,612,264
1194,974880,10,RANDADD_INT32,3,SALT_RNG,1960,1964,137789996,4,616,264
1195,974936,10,RANDADD_INT32,3,SALT_RNG,1960,1964,137790029,4,620,264
1196,974992,10,RANDADD_INT32,3,SALT_RNG,1960,1964,137790061,4,624,264
1197,975048,20,RANDMIX_PRE,3,SALT_RNG,1960,1964,137790091,640,624,264
1198,975740,21,RANDMIX_POST,3,SALT_RNG,1960,1964,137793289,640,624,264
1199,976432,10,RANDADD_INT32,3,SALT_RNG,1960,1964,137793434,4,628,264
1200,976488,10,RANDADD_INT32,3,SALT_RNG,1960,1964,137793477,4,632,264
1201,976544,10,RANDADD_INT32,3,SALT_RNG,1960,1964,137793511,4,636,264
1202,976600,10,RANDADD_INT32,3,SALT_RNG,1960,1964,137793548,4,640,264
1203,976656,20,RANDMIX_PRE,3,SALT_RNG,1960,1964,137793579,640,0,264
1204,977348,21,RANDMIX_POST,3,SALT_RNG,1960,1964,137795236,640,0,264
1205,978040,10,RANDADD_INT32,3,SALT_RNG,1960,1964,137795277,4,4,264
1206,978096,10,RANDADD_INT32,3,SALT_RNG,1960,1964,137795319,4,8,264
1207,978152,10,RANDADD_INT32,3,SALT_RNG,1960,1964,137795361,4,12,264
1208,978208,11,RANDADD_BUF,3,SALT_RNG,1960,1964,137795402,8,16,264
1209,978268,20,RANDMIX_PRE,3,SALT_RNG,1960,1964,137795440,640,16,264
1210,978960,21,RANDMIX_POST,3,SALT_RNG,1960,1964,137797237,640,16,264
1211,979652,11,RANDADD_BUF,3,SALT_RNG,1960,1964,137797280,8,24,264
1212,979712,11,RANDADD_BUF,3,SALT_RNG,1960,1964,137797344,32,32,264
1213,979796,20,RANDMIX_PRE,3,SALT_RNG,1960,1964,137797383,640,32,264
1214,980488,21,RANDMIX_POST,3,SALT_RNG,1960,1964,137799162,640,32,264
1215,981180,20,RANDMIX_PRE,3,SALT_RNG,1960,1964,137799195,640,48,264
1216,981872,21,RANDMIX_POST,3,SALT_RNG,1960,1964,137800645,640,48,264
1217,982564,11,RANDADD_BUF,3,SALT_RNG,1960,1964,137800680,8,64,264
1218,982624,20,RANDMIX_PRE,3,SALT_RNG,1960,1964,137800711,640,64,264
1219,983316,21,RANDMIX_POST,3,SALT_RNG,1960,1964,137802256,640,64,264
1220,984008,11,RANDADD_BUF,3,SALT_RNG,1960,1964,137802295,8,72,264
1221,984068,11,RANDADD_BUF,3,SALT_RNG,1960,1964,137802327,8,80,264
1222,984128,20,RANDMIX_PRE,3,SALT_RNG,1960,1964,137802358,640,80,264
1223,984820,21,RANDMIX_POST,3,SALT_RNG,1960,1964,137803853,640,80,264
1224,985512,11,RANDADD_BUF,3,SALT_RNG,1960,1964,137803884,8,88,264
1225,985572,11,RANDADD_BUF,3,SALT_RNG,1960,1964,137803919,8,96,264
1226,985632,20,RANDMIX_PRE,3,SALT_RNG,1960,1964,137803949,640,96,264
1227,986324,21,RANDMIX_POST,3,SALT_RNG,1960,1964,137805400,640,96,264
1228,987016,11,RANDADD_BUF,3,SALT_RNG,1960,1964,137805431,8,104,264
1229,987076,11,RANDADD_BUF,3,SALT_RNG,1960,1964,137805461,8,112,264
1230,987136,20,RANDMIX_PRE,3,SALT_RNG,1960,1964,137805491,640,112,264
1231,987828,21,RANDMIX_POST,3,SALT_RNG,1960,1964,137807077,640,112,264
1232,988520,11,RANDADD_BUF,3,SALT_RNG,1960,1964,137807111,8,120,264
1233,988580,10,RANDADD_INT32,3,SALT_RNG,1960,1964,137807145,4,128,264
1234,988636,20,RANDMIX_PRE,3,SALT_RNG,1960,1964,137807176,640,128,264
1235,989328,21,RANDMIX_POST,3,SALT_RNG,1960,1964,137808624,640,128,264
1236,990020,10,RANDADD_INT32,3,SALT_RNG,1960,1964,137808655,4,132,264
1237,990076,11,RANDADD_BUF,3,SALT_RNG,1960,1964,137808715,8,136,264
1238,990136,43,CGR_FAST_OUT,3,SALT_RNG,1960,1964,137808842,640,144,264
1239,990828,44,CGR_FAST_POOL_PRE,3,SALT_RNG,1960,1964,137808873,640,144,264
1240,991520,11,RANDADD_BUF,3,SALT_RNG,1960,1964,137808910,640,144,264
1241,992212,20,RANDMIX_PRE,3,SALT_RNG,1960,1964,137808941,640,144,264
1242,992904,21,RANDMIX_POST,3,SALT_RNG,1960,1964,137810414,640,144,264
1243,993596,20,RANDMIX_PRE,3,SALT_RNG,1960,1964,137810447,640,160,264
1244,994288,21,RANDMIX_POST,3,SALT_RNG,1960,1964,137811896,640,160,264
1245,994980,20,RANDMIX_PRE,3,SALT_RNG,1960,1964,137811927,640,176,264
1246,995672,21,RANDMIX_POST,3,SALT_RNG,1960,1964,137813407,640,176,264
1247,996364,20,RANDMIX_PRE,3,SALT_RNG,1960,1964,137813440,640,192,264
1248,997056,21,RANDMIX_POST,3,SALT_RNG,1960,1964,137815049,640,192,264
1249,997748,20,RANDMIX_PRE,3,SALT_RNG,1960,1964,137815084,640,208,264
1250,998440,21,RANDMIX_POST,3,SALT_RNG,1960,1964,137816659,640,208,264
1251,999132,20,RANDMIX_PRE,3,SALT_RNG,1960,1964,137816693,640,224,264
1252,999824,21,RANDMIX_POST,3,SALT_RNG,1960,1964,137818151,640,224,264
1253,1000516,20,RANDMIX_PRE,3,SALT_RNG,1960,1964,137818184,640,240,264
1254,1001208,21,RANDMIX_POST,3,SALT_RNG,1960,1964,137819634,640,240,264
1255,1001900,20,RANDMIX_PRE,3,SALT_RNG,1960,1964,137819665,640,256,264
1256,1002592,21,RANDMIX_POST,3,SALT_RNG,1960,1964,137821138,640,256,264
1257,1003284,20,RANDMIX_PRE,3,SALT_RNG,1960,1964,137821171,640,272,264
1258,1003976,21,RANDMIX_POST,3,SALT_RNG,1960,1964,137822625,640,272,264
1259,1004668,20,RANDMIX_PRE,3,SALT_RNG,1960,1964,137822657,640,288,264
1260,1005360,21,RANDMIX_POST,3,SALT_RNG,1960,1964,137824132,640,288,264
1261,1006052,20,RANDMIX_PRE,3,SALT_RNG,1960,1964,137824165,640,304,264
1262,1006744,21,RANDMIX_POST,3,SALT_RNG,1960,1964,137825615,640,304,264
1263,1007436,20,RANDMIX_PRE,3,SALT_RNG,1960,1964,137825646,640,320,264
1264,1008128,21,RANDMIX_POST,3,SALT_RNG,1960,1964,137827101,640,320,264
1265,1008820,20,RANDMIX_PRE,3,SALT_RNG,1960,1964,137827181,640,336,264
1266,1009512,21,RANDMIX_POST,3,SALT_RNG,1960,1964,137828634,640,336,264
1267,1010204,20,RANDMIX_PRE,3,SALT_RNG,1960,1964,137828665,640,352,264
1268,1010896,21,RANDMIX_POST,3,SALT_RNG,1960,1964,137830115,640,352,264
1269,1011588,20,RANDMIX_PRE,3,SALT_RNG,1960,1964,137830146,640,368,264
1270,1012280,21,RANDMIX_POST,3,SALT_RNG,1960,1964,137831934,640,368,264
1271,1012972,20,RANDMIX_PRE,3,SALT_RNG,1960,1964,137831969,640,384,264
1272,1013664,21,RANDMIX_POST,3,SALT_RNG,1960,1964,137833420,640,384,264
1273,1014356,20,RANDMIX_PRE,3,SALT_RNG,1960,1964,137833451,640,400,264
1274,1015048,21,RANDMIX_POST,3,SALT_RNG,1960,1964,137835026,640,400,264
1275,1015740,20,RANDMIX_PRE,3,SALT_RNG,1960,1964,137835059,640,416,264
1276,1016432,21,RANDMIX_POST,3,SALT_RNG,1960,1964,137836517,640,416,264
1277,1017124,20,RANDMIX_PRE,3,SALT_RNG,1960,1964,137836548,640,432,264
1278,1017816,21,RANDMIX_POST,3,SALT_RNG,1960,1964,137838096,640,432,264
1279,1018508,20,RANDMIX_PRE,3,SALT_RNG,1960,1964,137838130,640,448,264
1280,1019200,21,RANDMIX_POST,3,SALT_RNG,1960,1964,137839764,640,448,264
1281,1019892,20,RANDMIX_PRE,3,SALT_RNG,1960,1964,137839806,640,464,264
1282,1020584,21,RANDMIX_POST,3,SALT_RNG,1960,1964,137841387,640,464,264
1283,1021276,20,RANDMIX_PRE,3,SALT_RNG,1960,1964,137841425,640,480,264
1284,1021968,21,RANDMIX_POST,3,SALT_RNG,1960,1964,137843179,640,480,264
1285,1022660,20,RANDMIX_PRE,3,SALT_RNG,1960,1964,137843218,640,496,264
1286,1023352,21,RANDMIX_POST,3,SALT_RNG,1960,1964,137844671,640,496,264
1287,1024044,20,RANDMIX_PRE,3,SALT_RNG,1960,1964,137844711,640,512,264
1288,1024736,21,RANDMIX_POST,3,SALT_RNG,1960,1964,137846269,640,512,264
1289,1025428,20,RANDMIX_PRE,3,SALT_RNG,1960,1964,137846303,640,528,264
1290,1026120,21,RANDMIX_POST,3,SALT_RNG,1960,1964,137847753,640,528,264
1291,1026812,20,RANDMIX_PRE,3,SALT_RNG,1960,1964,137847784,640,544,264
1292,1027504,21,RANDMIX_POST,3,SALT_RNG,1960,1964,137850556,640,544,264
1293,1028196,20,RANDMIX_PRE,3,SALT_RNG,1960,1964,137850693,640,560,264
1294,1028888,21,RANDMIX_POST,3,SALT_RNG,1960,1964,137852533,640,560,264
1295,1029580,20,RANDMIX_PRE,3,SALT_RNG,1960,1964,137852567,640,576,264
1296,1030272,21,RANDMIX_POST,3,SALT_RNG,1960,1964,137854095,640,576,264
1297,1030964,20,RANDMIX_PRE,3,SALT_RNG,1960,1964,137854129,640,592,264
1298,1031656,21,RANDMIX_POST,3,SALT_RNG,1960,1964,137855675,640,592,264
1299,1032348,20,RANDMIX_PRE,3,SALT_RNG,1960,1964,137855715,640,608,264
1300,1033040,21,RANDMIX_POST,3,SALT_RNG,1960,1964,137857320,640,608,264
1301,1033732,20,RANDMIX_PRE,3,SALT_RNG,1960,1964,137857353,640,624,264
1302,1034424,21,RANDMIX_POST,3,SALT_RNG,1960,1964,137858926,640,624,264
1303,1035116,20,RANDMIX_PRE,3,SALT_RNG,1960,1964,137858967,640,0,264
1304,1035808,21,RANDMIX_POST,3,SALT_RNG,1960,1964,137860596,640,0,264
1305,1036500,20,RANDMIX_PRE,3,SALT_RNG,1960,1964,137860636,640,16,264
1306,1037192,21,RANDMIX_POST,3,SALT_RNG,1960,1964,137862180,640,16,264
1307,1037884,20,RANDMIX_PRE,3,SALT_RNG,1960,1964,137862212,640,32,264
1308,1038576,21,RANDMIX_POST,3,SALT_RNG,1960,1964,137863723,640,32,264
1309,1039268,20,RANDMIX_PRE,3,SALT_RNG,1960,1964,137863756,640,48,264
1310,1039960,21,RANDMIX_POST,3,SALT_RNG,1960,1964,137865207,640,48,264
1311,1040652,20,RANDMIX_PRE,3,SALT_RNG,1960,1964,137865245,640,64,264
1312,1041344,21,RANDMIX_POST,3,SALT_RNG,1960,1964,137866719,640,64,264
1313,1042036,20,RANDMIX_PRE,3,SALT_RNG,1960,1964,137866752,640,80,264
1314,1042728,21,RANDMIX_POST,3,SALT_RNG,1960,1964,137868202,640,80,264
1315,1043420,20,RANDMIX_PRE,3,SALT_RNG,1960,1964,137868233,640,96,264
1316,1044112,21,RANDMIX_POST,3,SALT_RNG,1960,1964,137869687,640,96,264
1317,1044804,20,RANDMIX_PRE,3,SALT_RNG,1960,1964,137869724,640,112,264
1318,1045496,21,RANDMIX_POST,3,SALT_RNG,1960,1964,137871199,640,112,264
1319,1046188,20,RANDMIX_PRE,3,SALT_RNG,1960,1964,137871232,640,128,264
1320,1046880,21,RANDMIX_POST,3,SALT_RNG,1960,1964,137872686,640,128,264
1321,1047572,45,CGR_FAST_POOL_POST,3,SALT_RNG,1960,1964,137872718,640,144,264
1322,1048264,20,RANDMIX_PRE,3,SALT_RNG,1960,1964,137872748,640,144,264
1323,1048956,21,RANDMIX_POST,3,SALT_RNG,1960,1964,137874253,640,144,264
1324,1049648,32,RANDGET_RAW,3,SALT_RNG,1960,1964,137874287,64,584,328
1325,1049764,33,RANDGET_POOL_INVERTED,3,SALT_RNG,1960,1964,137874319,640,584,328
1326,1050456,10,RANDADD_INT32,3,SALT_RNG,1960,1964,137874360,4,584,328
1327,1050512,10,RANDADD_INT32,3,SALT_RNG,1960,1964,137874394,4,588,328
1328,1050568,10,RANDADD_INT32,3,SALT_RNG,1960,1964,137874431,4,592,328
1329,1050624,20,RANDMIX_PRE,3,SALT_RNG,1960,1964,137874461,640,592,328
1330,1051316,21,RANDMIX_POST,3,SALT_RNG,1960,1964,137875908,640,592,328
1331,1052008,10,RANDADD_INT32,3,SALT_RNG,1960,1964,137875943,4,596,328
1332,1052064,10,RANDADD_INT32,3,SALT_RNG,1960,1964,137875975,4,600,328
1333,1052120,10,RANDADD_INT32,3,SALT_RNG,1960,1964,137876005,4,604,328
1334,1052176,10,RANDADD_INT32,3,SALT_RNG,1960,1964,137876035,4,608,328
1335,1052232,20,RANDMIX_PRE,3,SALT_RNG,1960,1964,137876065,640,608,328
1336,1052924,21,RANDMIX_POST,3,SALT_RNG,1960,1964,137877542,640,608,328
1337,1053616,10,RANDADD_INT32,3,SALT_RNG,1960,1964,137877575,4,612,328
1338,1053672,10,RANDADD_INT32,3,SALT_RNG,1960,1964,137877606,4,616,328
1339,1053728,10,RANDADD_INT32,3,SALT_RNG,1960,1964,137877639,4,620,328
1340,1053784,10,RANDADD_INT32,3,SALT_RNG,1960,1964,137877671,4,624,328
1341,1053840,20,RANDMIX_PRE,3,SALT_RNG,1960,1964,137877702,640,624,328
1342,1054532,21,RANDMIX_POST,3,SALT_RNG,1960,1964,137879148,640,624,328
1343,1055224,10,RANDADD_INT32,3,SALT_RNG,1960,1964,137879181,4,628,328
1344,1055280,10,RANDADD_INT32,3,SALT_RNG,1960,1964,137879215,4,632,328
1345,1055336,10,RANDADD_INT32,3,SALT_RNG,1960,1964,137879247,4,636,328
1346,1055392,10,RANDADD_INT32,3,SALT_RNG,1960,1964,137879281,4,640,328
1347,1055448,20,RANDMIX_PRE,3,SALT_RNG,1960,1964,137879311,640,0,328
1348,1056140,21,RANDMIX_POST,3,SALT_RNG,1960,1964,137880759,640,0,328
1349,1056832,10,RANDADD_INT32,3,SALT_RNG,1960,1964,137880795,4,4,328
1350,1056888,10,RANDADD_INT32,3,SALT_RNG,1960,1964,137880877,4,8,328
1351,1056944,10,RANDADD_INT32,3,SALT_RNG,1960,1964,137880913,4,12,328
1352,1057000,11,RANDADD_BUF,3,SALT_RNG,1960,1964,137880946,8,16,328
1353,1057060,20,RANDMIX_PRE,3,SALT_RNG,1960,1964,137880976,640,16,328
1354,1057752,21,RANDMIX_POST,3,SALT_RNG,1960,1964,137882427,640,16,328
1355,1058444,11,RANDADD_BUF,3,SALT_RNG,1960,1964,137882462,8,24,328
1356,1058504,11,RANDADD_BUF,3,SALT_RNG,1960,1964,137882511,32,32,328
1357,1058588,20,RANDMIX_PRE,3,SALT_RNG,1960,1964,137882543,640,32,328
1358,1059280,21,RANDMIX_POST,3,SALT_RNG,1960,1964,137883991,640,32,328
1359,1059972,20,RANDMIX_PRE,3,SALT_RNG,1960,1964,137884023,640,48,328
1360,1060664,21,RANDMIX_POST,3,SALT_RNG,1960,1964,137885495,640,48,328
1361,1061356,11,RANDADD_BUF,3,SALT_RNG,1960,1964,137885537,8,64,328
1362,1061416,20,RANDMIX_PRE,3,SALT_RNG,1960,1964,137885569,640,64,328
1363,1062108,21,RANDMIX_POST,3,SALT_RNG,1960,1964,137887019,640,64,328
1364,1062800,11,RANDADD_BUF,3,SALT_RNG,1960,1964,137887050,8,72,328
1365,1062860,11,RANDADD_BUF,3,SALT_RNG,1960,1964,137887080,8,80,328
1366,1062920,20,RANDMIX_PRE,3,SALT_RNG,1960,1964,137887111,640,80,328
1367,1063612,21,RANDMIX_POST,3,SALT_RNG,1960,1964,137889121,640,80,328
1368,1064304,11,RANDADD_BUF,3,SALT_RNG,1960,1964,137889156,8,88,328
1369,1064364,11,RANDADD_BUF,3,SALT_RNG,1960,1964,137889191,8,96,328
1370,1064424,20,RANDMIX_PRE,3,SALT_RNG,1960,1964,137889222,640,96,328
1371,1065116,21,RANDMIX_POST,3,SALT_RNG,1960,1964,137891235,640,96,328
1372,1065808,11,RANDADD_BUF,3,SALT_RNG,1960,1964,137891270,8,104,328
1373,1065868,11,RANDADD_BUF,3,SALT_RNG,1960,1964,137891303,8,112,328
1374,1065928,20,RANDMIX_PRE,3,SALT_RNG,1960,1964,137891365,640,112,328
1375,1066620,21,RANDMIX_POST,3,SALT_RNG,1960,1964,137892874,640,112,328
1376,1067312,11,RANDADD_BUF,3,SALT_RNG,1960,1964,137892908,8,120,328
1377,1067372,10,RANDADD_INT32,3,SALT_RNG,1960,1964,137892941,4,128,328
1378,1067428,20,RANDMIX_PRE,3,SALT_RNG,1960,1964,137892971,640,128,328
1379,1068120,21,RANDMIX_POST,3,SALT_RNG,1960,1964,137894420,640,128,328
1380,1068812,10,RANDADD_INT32,3,SALT_RNG,1960,1964,137894451,4,132,328
1381,1068868,11,RANDADD_BUF,3,SALT_RNG,1960,1964,137894511,8,136,328
1382,1068928,43,CGR_FAST_OUT,3,SALT_RNG,1960,1964,137894636,640,144,328
1383,1069620,44,CGR_FAST_POOL_PRE,3,SALT_RNG,1960,1964,137894674,640,144,328
1384,1070312,11,RANDADD_BUF,3,SALT_RNG,1960,1964,137894705,640,144,328
1385,1071004,20,RANDMIX_PRE,3,SALT_RNG,1960,1964,137894736,640,144,328
1386,1071696,21,RANDMIX_POST,3,SALT_RNG,1960,1964,137896211,640,144,328
1387,1072388,20,RANDMIX_PRE,3,SALT_RNG,1960,1964,137896244,640,160,328
1388,1073080,21,RANDMIX_POST,3,SALT_RNG,1960,1964,137897695,640,160,328
1389,1073772,20,RANDMIX_PRE,3,SALT_RNG,1960,1964,137897731,640,176,328
1390,1074464,21,RANDMIX_POST,3,SALT_RNG,1960,1964,137899212,640,176,328
1391,1075156,20,RANDMIX_PRE,3,SALT_RNG,1960,1964,137899245,640,192,328
1392,1075848,21,RANDMIX_POST,3,SALT_RNG,1960,1964,137900987,640,192,328
1393,1076540,20,RANDMIX_PRE,3,SALT_RNG,1960,1964,137901065,640,208,328
1394,1077232,21,RANDMIX_POST,3,SALT_RNG,1960,1964,137902683,640,208,328
1395,1077924,20,RANDMIX_PRE,3,SALT_RNG,1960,1964,137902722,640,224,328
1396,1078616,21,RANDMIX_POST,3,SALT_RNG,1960,1964,137904172,640,224,328
1397,1079308,20,RANDMIX_PRE,3,SALT_RNG,1960,1964,137904203,640,240,328
1398,1080000,21,RANDMIX_POST,3,SALT_RNG,1960,1964,137905653,640,240,328
1399,1080692,20,RANDMIX_PRE,3,SALT_RNG,1960,1964,137905683,640,256,328
1400,1081384,21,RANDMIX_POST,3,SALT_RNG,1960,1964,137907835,640,256,328
1401,1082076,20,RANDMIX_PRE,3,SALT_RNG,1960,1964,137907923,640,272,328
1402,1082768,21,RANDMIX_POST,3,SALT_RNG,1960,1964,137909407,640,272,328
1403,1083460,20,RANDMIX_PRE,3,SALT_RNG,1960,1964,137909442,640,288,328
1404,1084152,21,RANDMIX_POST,3,SALT_RNG,1960,1964,137911023,640,288,328
1405,1084844,20,RANDMIX_PRE,3,SALT_RNG,1960,1964,137911058,640,304,328
1406,1085536,21,RANDMIX_POST,3,SALT_RNG,1960,1964,137912520,640,304,328
1407,1086228,20,RANDMIX_PRE,3,SALT_RNG,1960,1964,137912552,640,320,328
1408,1086920,21,RANDMIX_POST,3,SALT_RNG,1960,1964,137914257,640,320,328
1409,1087612,20,RANDMIX_PRE,3,SALT_RNG,1960,1964,137914292,640,336,328
1410,1088304,21,RANDMIX_POST,3,SALT_RNG,1960,1964,137915743,640,336,328
1411,1088996,20,RANDMIX_PRE,3,SALT_RNG,1960,1964,137915775,640,352,328
1412,1089688,21,RANDMIX_POST,3,SALT_RNG,1960,1964,137917257,640,352,328
1413,1090380,20,RANDMIX_PRE,3,SALT_RNG,1960,1964,137917290,640,368,328
1414,1091072,21,RANDMIX_POST,3,SALT_RNG,1960,1964,137918739,640,368,328
1415,1091764,20,RANDMIX_PRE,3,SALT_RNG,1960,1964,137918770,640,384,328
1416,1092456,21,RANDMIX_POST,3,SALT_RNG,1960,1964,137920242,640,384,328
1417,1093148,20,RANDMIX_PRE,3,SALT_RNG,1960,1964,137920275,640,400,328
1418,1093840,21,RANDMIX_POST,3,SALT_RNG,1960,1964,137921731,640,400,328
1419,1094532,20,RANDMIX_PRE,3,SALT_RNG,1960,1964,137921762,640,416,328
1420,1095224,21,RANDMIX_POST,3,SALT_RNG,1960,1964,137923469,640,416,328
1421,1095916,20,RANDMIX_PRE,3,SALT_RNG,1960,1964,137923508,640,432,328
1422,1096608,21,RANDMIX_POST,3,SALT_RNG,1960,1964,137924987,640,432,328
1423,1097300,20,RANDMIX_PRE,3,SALT_RNG,1960,1964,137925020,640,448,328
1424,1097992,21,RANDMIX_POST,3,SALT_RNG,1960,1964,137926479,640,448,328
1425,1098684,20,RANDMIX_PRE,3,SALT_RNG,1960,1964,137926511,640,464,328
1426,1099376,21,RANDMIX_POST,3,SALT_RNG,1960,1964,137928007,640,464,328
1427,1100068,20,RANDMIX_PRE,3,SALT_RNG,1960,1964,137928041,640,480,328
1428,1100760,21,RANDMIX_POST,3,SALT_RNG,1960,1964,137929494,640,480,328
1429,1101452,20,RANDMIX_PRE,3,SALT_RNG,1960,1964,137929525,640,496,328
1430,1102144,21,RANDMIX_POST,3,SALT_RNG,1960,1964,137931035,640,496,328
1431,1102836,20,RANDMIX_PRE,3,SALT_RNG,1960,1964,137931068,640,512,328
1432,1103528,21,RANDMIX_POST,3,SALT_RNG,1960,1964,137932519,640,512,328
1433,1104220,20,RANDMIX_PRE,3,SALT_RNG,1960,1964,137932551,640,528,328
1434,1104912,21,RANDMIX_POST,3,SALT_RNG,1960,1964,137934001,640,528,328
1435,1105604,20,RANDMIX_PRE,3,SALT_RNG,1960,1964,137934033,640,544,328
1436,1106296,21,RANDMIX_POST,3,SALT_RNG,1960,1964,137935512,640,544,328
1437,1106988,20,RANDMIX_PRE,3,SALT_RNG,1960,1964,137935546,640,560,328
1438,1107680,21,RANDMIX_POST,3,SALT_RNG,1960,1964,137936996,640,560,328
1439,1108372,20,RANDMIX_PRE,3,SALT_RNG,1960,1964,137937027,640,576,328
1440,1109064,21,RANDMIX_POST,3,SALT_RNG,1960,1964,137938612,640,576,328
1441,1109756,20,RANDMIX_PRE,3,SALT_RNG,1960,1964,137938645,640,592,328
1442,1110448,21,RANDMIX_POST,3,SALT_RNG,1960,1964,137940102,640,592,328
1443,1111140,20,RANDMIX_PRE,3,SALT_RNG,1960,1964,137940133,640,608,328
1444,1111832,21,RANDMIX_POST,3,SALT_RNG,1960,1964,137941584,640,608,328
1445,1112524,20,RANDMIX_PRE,3,SALT_RNG,1960,1964,137941615,640,624,328
1446,1113216,21,RANDMIX_POST,3,SALT_RNG,1960,1964,137943486,640,624,328
1447,1113908,20,RANDMIX_PRE,3,SALT_RNG,1960,1964,137943521,640,0,328
1448,1114600,21,RANDMIX_POST,3,SALT_RNG,1960,1964,137944981,640,0,328
1449,1115292,20,RANDMIX_PRE,3,SALT_RNG,1960,1964,137945013,640,16,328
1450,1115984,21,RANDMIX_POST,3,SALT_RNG,1960,1964,137946592,640,16,328
1451,1116676,20,RANDMIX_PRE,3,SALT_RNG,1960,1964,137946625,640,32,328
1452,1117368,21,RANDMIX_POST,3,SALT_RNG,1960,1964,137948076,640,32,328
1453,1118060,20,RANDMIX_PRE,3,SALT_RNG,1960,1964,137948107,640,48,328
1454,1118752,21,RANDMIX_POST,3,SALT_RNG,1960,1964,137949662,640,48,328
1455,1119444,20,RANDMIX_PRE,3,SALT_RNG,1960,1964,137949695,640,64,328
1456,1120136,21,RANDMIX_POST,3,SALT_RNG,1960,1964,137951219,640,64,328
1457,1120828,20,RANDMIX_PRE,3,SALT_RNG,1960,1964,137951250,640,80,328
1458,1121520,21,RANDMIX_POST,3,SALT_RNG,1960,1964,137953092,640,80,328
1459,1122212,20,RANDMIX_PRE,3,SALT_RNG,1960,1964,137953129,640,96,328
1460,1122904,21,RANDMIX_POST,3,SALT_RNG,1960,1964,137954672,640,96,328
1461,1123596,20,RANDMIX_PRE,3,SALT_RNG,1960,1964,137954708,640,112,328
1462,1124288,21,RANDMIX_POST,3,SALT_RNG,1960,1964,137956453,640,112,328
1463,1124980,20,RANDMIX_PRE,3,SALT_RNG,1960,1964,137956488,640,128,328
1464,1125672,21,RANDMIX_POST,3,SALT_RNG,1960,1964,137957983,640,128,328
1465,1126364,45,CGR_FAST_POOL_POST,3,SALT_RNG,1960,1964,137958017,640,144,328
1466,1127056,20,RANDMIX_PRE,3,SALT_RNG,1960,1964,137958055,640,144,328
1467,1127748,21,RANDMIX_POST,3,SALT_RNG,1960,1964,137959999,640,144,328
1468,1128440,34,RANDGET_OUT,3,SALT_RNG,1960,1964,137960038,64,584,392
1469,1128556,35,RANDGET_POOL_POST,3,SALT_RNG,1960,1964,137960076,640,584,392
1470,1129248,54,SALT,3,SALT_RNG,1960,1964,137960124,64,64,0
1471,1129364,55,PBKDF2_DK,4,KDF,1960,1964,138371053,192,2000,1
1472,1129608,56,HEADER_PLAIN,4,KDF,1960,1964,138371120,512,0,0
1473,1130172,57,HEADER_KEY_PRIMARY,5,HEADER_ENC,1960,1964,138371161,32,0,32
1474,1130256,58,HEADER_KEY_SECONDARY,5,HEADER_ENC,1960,1964,138371200,32,0,32
1475,1130340,59,HEADER_CIPHER,5,HEADER_ENC,1960,1964,138371333,512,0,0
1476,1130904,66,WRITE_BACKUP_HEADER,6,FORMAT,1960,1964,138371406,512,16646144,0
1477,1131468,30,RANDGET_BEGIN,7,RESERVED,1960,1964,138739229,0,32,0
1478,1131520,31,RANDGET_POOL_PRE,7,RESERVED,1960,1964,138739272,640,584,392
1479,1132212,10,RANDADD_INT32,7,RESERVED,1960,1964,138739320,4,584,392
1480,1132268,10,RANDADD_INT32,7,RESERVED,1960,1964,138739359,4,588,392
1481,1132324,10,RANDADD_INT32,7,RESERVED,1960,1964,138739403,4,592,392
1482,1132380,20,RANDMIX_PRE,7,RESERVED,1960,1964,138739441,640,592,392
1483,1133072,21,RANDMIX_POST,7,RESERVED,1960,1964,138741129,640,592,392
1484,1133764,10,RANDADD_INT32,7,RESERVED,1960,1964,138741170,4,596,392
1485,1133820,10,RANDADD_INT32,7,RESERVED,1960,1964,138741203,4,600,392
1486,1133876,10,RANDADD_INT32,7,RESERVED,1960,1964,138741234,4,604,392
1487,1133932,10,RANDADD_INT32,7,RESERVED,1960,1964,138741266,4,608,392
1488,1133988,20,RANDMIX_PRE,7,RESERVED,1960,1964,138741297,640,608,392
1489,1134680,21,RANDMIX_POST,7,RESERVED,1960,1964,138742795,640,608,392
1490,1135372,10,RANDADD_INT32,7,RESERVED,1960,1964,138742828,4,612,392
1491,1135428,10,RANDADD_INT32,7,RESERVED,1960,1964,138742859,4,616,392
1492,1135484,10,RANDADD_INT32,7,RESERVED,1960,1964,138742892,4,620,392
1493,1135540,10,RANDADD_INT32,7,RESERVED,1960,1964,138742925,4,624,392
1494,1135596,20,RANDMIX_PRE,7,RESERVED,1960,1964,138742956,640,624,392
1495,1136288,21,RANDMIX_POST,7,RESERVED,1960,1964,138744549,640,624,392
1496,1136980,10,RANDADD_INT32,7,RESERVED,1960,1964,138744585,4,628,392
1497,1137036,10,RANDADD_INT32,7,RESERVED,1960,1964,138744620,4,632,392
1498,1137092,10,RANDADD_INT32,7,RESERVED,1960,1964,138744653,4,636,392
1499,1137148,10,RANDADD_INT32,7,RESERVED,1960,1964,138744687,4,640,392
1500,1137204,20,RANDMIX_PRE,7,RESERVED,1960,1964,138744717,640,0,392
1501,1137896,21,RANDMIX_POST,7,RESERVED,1960,1964,138746161,640,0,392
1502,1138588,10,RANDADD_INT32,7,RESERVED,1960,1964,138746192,4,4,392
1503,1138644,10,RANDADD_INT32,7,RESERVED,1960,1964,138746225,4,8,392
1504,1138700,10,RANDADD_INT32,7,RESERVED,1960,1964,138746264,4,12,392
1505,1138756,11,RANDADD_BUF,7,RESERVED,1960,1964,138746297,8,16,392
1506,1138816,20,RANDMIX_PRE,7,RESERVED,1960,1964,138746327,640,16,392
1507,1139508,21,RANDMIX_POST,7,RESERVED,1960,1964,138748132,640,16,392
1508,1140200,11,RANDADD_BUF,7,RESERVED,1960,1964,138748180,8,24,392
1509,1140260,11,RANDADD_BUF,7,RESERVED,1960,1964,138748241,32,32,392
1510,1140344,20,RANDMIX_PRE,7,RESERVED,1960,1964,138748281,640,32,392
1511,1141036,21,RANDMIX_POST,7,RESERVED,1960,1964,138750134,640,32,392
1512,1141728,20,RANDMIX_PRE,7,RESERVED,1960,1964,138750173,640,48,392
1513,1142420,21,RANDMIX_POST,7,RESERVED,1960,1964,138752067,640,48,392
1514,1143112,11,RANDADD_BUF,7,RESERVED,1960,1964,138752122,8,64,392
1515,1143172,20,RANDMIX_PRE,7,RESERVED,1960,1964,138752163,640,64,392
1516,1143864,21,RANDMIX_POST,7,RESERVED,1960,1964,138754016,640,64,392
1517,1144556,11,RANDADD_BUF,7,RESERVED,1960,1964,138754056,8,72,392
1518,1144616,11,RANDADD_BUF,7,RESERVED,1960,1964,138754095,8,80,392
1519,1144676,20,RANDMIX_PRE,7,RESERVED,1960,1964,138754134,640,80,392
1520,1145368,21,RANDMIX_POST,7,RESERVED,1960,1964,138755869,640,80,392
1521,1146060,11,RANDADD_BUF,7,RESERVED,1960,1964,138755905,8,88,392
1522,1146120,11,RANDADD_BUF,7,RESERVED,1960,1964,138755941,8,96,392
1523,1146180,20,RANDMIX_PRE,7,RESERVED,1960,1964,138755973,640,96,392
1524,1146872,21,RANDMIX_POST,7,RESERVED,1960,1964,138757501,640,96,392
1525,1147564,11,RANDADD_BUF,7,RESERVED,1960,1964,138757541,8,104,392
1526,1147624,11,RANDADD_BUF,7,RESERVED,1960,1964,138757574,8,112,392
1527,1147684,20,RANDMIX_PRE,7,RESERVED,1960,1964,138757605,640,112,392
1528,1148376,21,RANDMIX_POST,7,RESERVED,1960,1964,138759133,640,112,392
1529,1149068,11,RANDADD_BUF,7,RESERVED,1960,1964,138759168,8,120,392
1530,1149128,10,RANDADD_INT32,7,RESERVED,1960,1964,138759202,4,128,392
1531,1149184,20,RANDMIX_PRE,7,RESERVED,1960,1964,138759232,640,128,392
1532,1149876,21,RANDMIX_POST,7,RESERVED,1960,1964,138760679,640,128,392
1533,1150568,10,RANDADD_INT32,7,RESERVED,1960,1964,138760710,4,132,392
1534,1150624,11,RANDADD_BUF,7,RESERVED,1960,1964,138760771,8,136,392
1535,1150684,43,CGR_FAST_OUT,7,RESERVED,1960,1964,138760899,640,144,392
1536,1151376,44,CGR_FAST_POOL_PRE,7,RESERVED,1960,1964,138760936,640,144,392
1537,1152068,11,RANDADD_BUF,7,RESERVED,1960,1964,138760967,640,144,392
1538,1152760,20,RANDMIX_PRE,7,RESERVED,1960,1964,138760998,640,144,392
1539,1153452,21,RANDMIX_POST,7,RESERVED,1960,1964,138762484,640,144,392
1540,1154144,20,RANDMIX_PRE,7,RESERVED,1960,1964,138762518,640,160,392
1541,1154836,21,RANDMIX_POST,7,RESERVED,1960,1964,138763969,640,160,392
1542,1155528,20,RANDMIX_PRE,7,RESERVED,1960,1964,138764006,640,176,392
1543,1156220,21,RANDMIX_POST,7,RESERVED,1960,1964,138768530,640,176,392
1544,1156912,20,RANDMIX_PRE,7,RESERVED,1960,1964,138768803,640,192,392
1545,1157604,21,RANDMIX_POST,7,RESERVED,1960,1964,138770335,640,192,392
1546,1158296,20,RANDMIX_PRE,7,RESERVED,1960,1964,138770368,640,208,392
1547,1158988,21,RANDMIX_POST,7,RESERVED,1960,1964,138771820,640,208,392
1548,1159680,20,RANDMIX_PRE,7,RESERVED,1960,1964,138771863,640,224,392
1549,1160372,21,RANDMIX_POST,7,RESERVED,1960,1964,138774116,640,224,392
1550,1161064,20,RANDMIX_PRE,7,RESERVED,1960,1964,138774166,640,240,392
1551,1161756,21,RANDMIX_POST,7,RESERVED,1960,1964,138776468,640,240,392
1552,1162448,20,RANDMIX_PRE,7,RESERVED,1960,1964,138776521,640,256,392
1553,1163140,21,RANDMIX_POST,7,RESERVED,1960,1964,138778879,640,256,392
1554,1163832,20,RANDMIX_PRE,7,RESERVED,1960,1964,138778941,640,272,392
1555,1164524,21,RANDMIX_POST,7,RESERVED,1960,1964,138781686,640,272,392
1556,1165216,20,RANDMIX_PRE,7,RESERVED,1960,1964,138781761,640,288,392
1557,1165908,21,RANDMIX_POST,7,RESERVED,1960,1964,138783944,640,288,392
1558,1166600,20,RANDMIX_PRE,7,RESERVED,1960,1964,138783981,640,304,392
1559,1167292,21,RANDMIX_POST,7,RESERVED,1960,1964,138785610,640,304,392
1560,1167984,20,RANDMIX_PRE,7,RESERVED,1960,1964,138785659,640,320,392
1561,1168676,21,RANDMIX_POST,7,RESERVED,1960,1964,138787308,640,320,392
1562,1169368,20,RANDMIX_PRE,7,RESERVED,1960,1964,138787342,640,336,392
1563,1170060,21,RANDMIX_POST,7,RESERVED,1960,1964,138788793,640,336,392
1564,1170752,20,RANDMIX_PRE,7,RESERVED,1960,1964,138788824,640,352,392
1565,1171444,21,RANDMIX_POST,7,RESERVED,1960,1964,138790421,640,352,392
1566,1172136,20,RANDMIX_PRE,7,RESERVED,1960,1964,138790461,640,368,392
1567,1172828,21,RANDMIX_POST,7,RESERVED,1960,1964,138792112,640,368,392
1568,1173520,20,RANDMIX_PRE,7,RESERVED,1960,1964,138792147,640,384,392
1569,1174212,21,RANDMIX_POST,7,RESERVED,1960,1964,138793656,640,384,392
1570,1174904,20,RANDMIX_PRE,7,RESERVED,1960,1964,138793694,640,400,392
1571,1175596,21,RANDMIX_POST,7,RESERVED,1960,1964,138795679,640,400,392
1572,1176288,20,RANDMIX_PRE,7,RESERVED,1960,1964,138795717,640,416,392
1573,1176980,21,RANDMIX_POST,7,RESERVED,1960,1964,138797291,640,416,392
1574,1177672,20,RANDMIX_PRE,7,RESERVED,1960,1964,138797362,640,432,392
1575,1178364,21,RANDMIX_POST,7,RESERVED,1960,1964,138798819,640,432,392
1576,1179056,20,RANDMIX_PRE,7,RESERVED,1960,1964,138798851,640,448,392
1577,1179748,21,RANDMIX_POST,7,RESERVED,1960,1964,138800450,640,448,392
1578,1180440,20,RANDMIX_PRE,7,RESERVED,1960,1964,138800485,640,464,392
1579,1181132,21,RANDMIX_POST,7,RESERVED,1960,1964,138802077,640,464,392
1580,1181824,20,RANDMIX_PRE,7,RESERVED,1960,1964,138802110,640,480,392
1581,1182516,21,RANDMIX_POST,7,RESERVED,1960,1964,138803561,640,480,392
1582,1183208,20,RANDMIX_PRE,7,RESERVED,1960,1964,138803592,640,496,392
1583,1183900,21,RANDMIX_POST,7,RESERVED,1960,1964,138805169,640,496,392
1584,1184592,20,RANDMIX_PRE,7,RESERVED,1960,1964,138805204,640,512,392
1585,1185284,21,RANDMIX_POST,7,RESERVED,1960,1964,138806657,640,512,392
1586,1185976,20,RANDMIX_PRE,7,RESERVED,1960,1964,138806688,640,528,392
1587,1186668,21,RANDMIX_POST,7,RESERVED,1960,1964,138808267,640,528,392
1588,1187360,20,RANDMIX_PRE,7,RESERVED,1960,1964,138808300,640,544,392
1589,1188052,21,RANDMIX_POST,7,RESERVED,1960,1964,138809759,640,544,392
1590,1188744,20,RANDMIX_PRE,7,RESERVED,1960,1964,138809791,640,560,392
1591,1189436,21,RANDMIX_POST,7,RESERVED,1960,1964,138812750,640,560,392
1592,1190128,20,RANDMIX_PRE,7,RESERVED,1960,1964,138812786,640,576,392
1593,1190820,21,RANDMIX_POST,7,RESERVED,1960,1964,138814239,640,576,392
1594,1191512,20,RANDMIX_PRE,7,RESERVED,1960,1964,138814270,640,592,392
1595,1192204,21,RANDMIX_POST,7,RESERVED,1960,1964,138816036,640,592,392
1596,1192896,20,RANDMIX_PRE,7,RESERVED,1960,1964,138816071,640,608,392
1597,1193588,21,RANDMIX_POST,7,RESERVED,1960,1964,138817519,640,608,392
1598,1194280,20,RANDMIX_PRE,7,RESERVED,1960,1964,138817550,640,624,392
1599,1194972,21,RANDMIX_POST,7,RESERVED,1960,1964,138819110,640,624,392
1600,1195664,20,RANDMIX_PRE,7,RESERVED,1960,1964,138819145,640,0,392
1601,1196356,21,RANDMIX_POST,7,RESERVED,1960,1964,138820598,640,0,392
1602,1197048,20,RANDMIX_PRE,7,RESERVED,1960,1964,138820630,640,16,392
1603,1197740,21,RANDMIX_POST,7,RESERVED,1960,1964,138822132,640,16,392
1604,1198432,20,RANDMIX_PRE,7,RESERVED,1960,1964,138822165,640,32,392
1605,1199124,21,RANDMIX_POST,7,RESERVED,1960,1964,138824330,640,32,392
1606,1199816,20,RANDMIX_PRE,7,RESERVED,1960,1964,138824392,640,48,392
1607,1200508,21,RANDMIX_POST,7,RESERVED,1960,1964,138825941,640,48,392
1608,1201200,20,RANDMIX_PRE,7,RESERVED,1960,1964,138826006,640,64,392
1609,1201892,21,RANDMIX_POST,7,RESERVED,1960,1964,138827460,640,64,392
1610,1202584,20,RANDMIX_PRE,7,RESERVED,1960,1964,138827491,640,80,392
1611,1203276,21,RANDMIX_POST,7,RESERVED,1960,1964,138828942,640,80,392
1612,1203968,20,RANDMIX_PRE,7,RESERVED,1960,1964,138828973,640,96,392
1613,1204660,21,RANDMIX_POST,7,RESERVED,1960,1964,138830571,640,96,392
1614,1205352,20,RANDMIX_PRE,7,RESERVED,1960,1964,138830606,640,112,392
1615,1206044,21,RANDMIX_POST,7,RESERVED,1960,1964,138832086,640,112,392
1616,1206736,20,RANDMIX_PRE,7,RESERVED,1960,1964,138832118,640,128,392
1617,1207428,21,RANDMIX_POST,7,RESERVED,1960,1964,138833638,640,128,392
1618,1208120,45,CGR_FAST_POOL_POST,7,RESERVED,1960,1964,138833673,640,144,392
1619,1208812,20,RANDMIX_PRE,7,RESERVED,1960,1964,138833710,640,144,392
1620,1209504,21,RANDMIX_POST,7,RESERVED,1960,1964,138835159,640,144,392
1621,1210196,32,RANDGET_RAW,7,RESERVED,1960,1964,138835190,32,584,424
1622,1210280,33,RANDGET_POOL_INVERTED,7,RESERVED,1960,1964,138835222,640,584,424
1623,1210972,10,RANDADD_INT32,7,RESERVED,1960,1964,138835263,4,584,424
1624,1211028,10,RANDADD_INT32,7,RESERVED,1960,1964,138835296,4,588,424
1625,1211084,10,RANDADD_INT32,7,RESERVED,1960,1964,138835333,4,592,424
1626,1211140,20,RANDMIX_PRE,7,RESERVED,1960,1964,138835364,640,592,424
1627,1211832,21,RANDMIX_POST,7,RESERVED,1960,1964,138836843,640,592,424
1628,1212524,10,RANDADD_INT32,7,RESERVED,1960,1964,138836886,4,596,424
1629,1212580,10,RANDADD_INT32,7,RESERVED,1960,1964,138836919,4,600,424
1630,1212636,10,RANDADD_INT32,7,RESERVED,1960,1964,138836950,4,604,424
1631,1212692,10,RANDADD_INT32,7,RESERVED,1960,1964,138836981,4,608,424
1632,1212748,20,RANDMIX_PRE,7,RESERVED,1960,1964,138837011,640,608,424
1633,1213440,21,RANDMIX_POST,7,RESERVED,1960,1964,138839067,640,608,424
1634,1214132,10,RANDADD_INT32,7,RESERVED,1960,1964,138839102,4,612,424
1635,1214188,10,RANDADD_INT32,7,RESERVED,1960,1964,138839136,4,616,424
1636,1214244,10,RANDADD_INT32,7,RESERVED,1960,1964,138839407,4,620,424
1637,1214300,10,RANDADD_INT32,7,RESERVED,1960,1964,138839464,4,624,424
1638,1214356,20,RANDMIX_PRE,7,RESERVED,1960,1964,138839498,640,624,424
1639,1215048,21,RANDMIX_POST,7,RESERVED,1960,1964,138841130,640,624,424
1640,1215740,10,RANDADD_INT32,7,RESERVED,1960,1964,138841167,4,628,424
1641,1215796,10,RANDADD_INT32,7,RESERVED,1960,1964,138841203,4,632,424
1642,1215852,10,RANDADD_INT32,7,RESERVED,1960,1964,138841235,4,636,424
1643,1215908,10,RANDADD_INT32,7,RESERVED,1960,1964,138841270,4,640,424
1644,1215964,20,RANDMIX_PRE,7,RESERVED,1960,1964,138841301,640,0,424
1645,1216656,21,RANDMIX_POST,7,RESERVED,1960,1964,138842753,640,0,424
1646,1217348,10,RANDADD_INT32,7,RESERVED,1960,1964,138842785,4,4,424
1647,1217404,10,RANDADD_INT32,7,RESERVED,1960,1964,138842819,4,8,424
1648,1217460,10,RANDADD_INT32,7,RESERVED,1960,1964,138842853,4,12,424
1649,1217516,11,RANDADD_BUF,7,RESERVED,1960,1964,138842886,8,16,424
1650,1217576,20,RANDMIX_PRE,7,RESERVED,1960,1964,138842917,640,16,424
1651,1218268,21,RANDMIX_POST,7,RESERVED,1960,1964,138844607,640,16,424
1652,1218960,11,RANDADD_BUF,7,RESERVED,1960,1964,138844644,8,24,424
1653,1219020,11,RANDADD_BUF,7,RESERVED,1960,1964,138844699,32,32,424
1654,1219104,20,RANDMIX_PRE,7,RESERVED,1960,1964,138844731,640,32,424
1655,1219796,21,RANDMIX_POST,7,RESERVED,1960,1964,138846254,640,32,424
1656,1220488,20,RANDMIX_PRE,7,RESERVED,1960,1964,138846298,640,48,424
1657,1221180,21,RANDMIX_POST,7,RESERVED,1960,1964,138847946,640,48,424
1658,1221872,11,RANDADD_BUF,7,RESERVED,1960,1964,138848015,8,64,424
1659,1221932,20,RANDMIX_PRE,7,RESERVED,1960,1964,138848092,640,64,424
1660,1222624,21,RANDMIX_POST,7,RESERVED,1960,1964,138849691,640,64,424
1661,1223316,11,RANDADD_BUF,7,RESERVED,1960,1964,138849726,8,72,424
1662,1223376,11,RANDADD_BUF,7,RESERVED,1960,1964,138849758,8,80,424
1663,1223436,20,RANDMIX_PRE,7,RESERVED,1960,1964,138849788,640,80,424
1664,1224128,21,RANDMIX_POST,7,RESERVED,1960,1964,138851369,640,80,424
1665,1224820,11,RANDADD_BUF,7,RESERVED,1960,1964,138851408,8,88,424
1666,1224880,11,RANDADD_BUF,7,RESERVED,1960,1964,138851443,8,96,424
1667,1224940,20,RANDMIX_PRE,7,RESERVED,1960,1964,138851474,640,96,424
1668,1225632,21,RANDMIX_POST,7,RESERVED,1960,1964,138852923,640,96,424
1669,1226324,11,RANDADD_BUF,7,RESERVED,1960,1964,138852954,8,104,424
1670,1226384,11,RANDADD_BUF,7,RESERVED,1960,1964,138852985,8,112,424
1671,1226444,20,RANDMIX_PRE,7,RESERVED,1960,1964,138853015,640,112,424
1672,1227136,21,RANDMIX_POST,7,RESERVED,1960,1964,138855100,640,112,424
1673,1227828,11,RANDADD_BUF,7,RESERVED,1960,1964,138855137,8,120,424
1674,1227888,10,RANDADD_INT32,7,RESERVED,1960,1964,138855173,4,128,424
1675,1227944,20,RANDMIX_PRE,7,RESERVED,1960,1964,138855205,640,128,424
1676,1228636,21,RANDMIX_POST,7,RESERVED,1960,1964,138856684,640,128,424
1677,1229328,10,RANDADD_INT32,7,RESERVED,1960,1964,138856722,4,132,424
1678,1229384,11,RANDADD_BUF,7,RESERVED,1960,1964,138856782,8,136,424
1679,1229444,43,CGR_FAST_OUT,7,RESERVED,1960,1964,138856909,640,144,424
1680,1230136,44,CGR_FAST_POOL_PRE,7,RESERVED,1960,1964,138856941,640,144,424
1681,1230828,11,RANDADD_BUF,7,RESERVED,1960,1964,138856972,640,144,424
1682,1231520,20,RANDMIX_PRE,7,RESERVED,1960,1964,138857002,640,144,424
1683,1232212,21,RANDMIX_POST,7,RESERVED,1960,1964,138860160,640,144,424
1684,1232904,20,RANDMIX_PRE,7,RESERVED,1960,1964,138860202,640,160,424
1685,1233596,21,RANDMIX_POST,7,RESERVED,1960,1964,138861794,640,160,424
1686,1234288,20,RANDMIX_PRE,7,RESERVED,1960,1964,138861828,640,176,424
1687,1234980,21,RANDMIX_POST,7,RESERVED,1960,1964,138863405,640,176,424
1688,1235672,20,RANDMIX_PRE,7,RESERVED,1960,1964,138863440,640,192,424
1689,1236364,21,RANDMIX_POST,7,RESERVED,1960,1964,138864889,640,192,424
1690,1237056,20,RANDMIX_PRE,7,RESERVED,1960,1964,138864926,640,208,424
1691,1237748,21,RANDMIX_POST,7,RESERVED,1960,1964,138866412,640,208,424
1692,1238440,20,RANDMIX_PRE,7,RESERVED,1960,1964,138866446,640,224,424
1693,1239132,21,RANDMIX_POST,7,RESERVED,1960,1964,138869338,640,224,424
1694,1239824,20,RANDMIX_PRE,7,RESERVED,1960,1964,138869375,640,240,424
1695,1240516,21,RANDMIX_POST,7,RESERVED,1960,1964,138870828,640,240,424
1696,1241208,20,RANDMIX_PRE,7,RESERVED,1960,1964,138870866,640,256,424
1697,1241900,21,RANDMIX_POST,7,RESERVED,1960,1964,138872451,640,256,424
1698,1242592,20,RANDMIX_PRE,7,RESERVED,1960,1964,138872486,640,272,424
1699,1243284,21,RANDMIX_POST,7,RESERVED,1960,1964,138873936,640,272,424
1700,1243976,20,RANDMIX_PRE,7,RESERVED,1960,1964,138873967,640,288,424
1701,1244668,21,RANDMIX_POST,7,RESERVED,1960,1964,138875572,640,288,424
1702,1245360,20,RANDMIX_PRE,7,RESERVED,1960,1964,138875614,640,304,424
1703,1246052,21,RANDMIX_POST,7,RESERVED,1960,1964,138877170,640,304,424
1704,1246744,20,RANDMIX_PRE,7,RESERVED,1960,1964,138877205,640,320,424
1705,1247436,21,RANDMIX_POST,7,RESERVED,1960,1964,138878726,640,320,424
1706,1248128,20,RANDMIX_PRE,7,RESERVED,1960,1964,138878758,640,336,424
1707,1248820,21,RANDMIX_POST,7,RESERVED,1960,1964,138882808,640,336,424
1708,1249512,20,RANDMIX_PRE,7,RESERVED,1960,1964,138883010,640,352,424
1709,1250204,21,RANDMIX_POST,7,RESERVED,1960,1964,138884651,640,352,424
1710,1250896,20,RANDMIX_PRE,7,RESERVED,1960,1964,138884687,640,368,424
1711,1251588,21,RANDMIX_POST,7,RESERVED,1960,1964,138886230,640,368,424
1712,1252280,20,RANDMIX_PRE,7,RESERVED,1960,1964,138886267,640,384,424
1713,1252972,21,RANDMIX_POST,7,RESERVED,1960,1964,138887928,640,384,424
1714,1253664,20,RANDMIX_PRE,7,RESERVED,1960,1964,138887977,640,400,424
1715,1254356,21,RANDMIX_POST,7,RESERVED,1960,1964,138889474,640,400,424
1716,1255048,20,RANDMIX_PRE,7,RESERVED,1960,1964,138889507,640,416,424
1717,1255740,21,RANDMIX_POST,7,RESERVED,1960,1964,138891098,640,416,424
1718,1256432,20,RANDMIX_PRE,7,RESERVED,1960,1964,138891131,640,432,424
1719,1257124,21,RANDMIX_POST,7,RESERVED,1960,1964,138892652,640,432,424
1720,1257816,20,RANDMIX_PRE,7,RESERVED,1960,1964,138892690,640,448,424
1721,1258508,21,RANDMIX_POST,7,RESERVED,1960,1964,138894593,640,448,424
1722,1259200,20,RANDMIX_PRE,7,RESERVED,1960,1964,138894628,640,464,424
1723,1259892,21,RANDMIX_POST,7,RESERVED,1960,1964,138896246,640,464,424
1724,1260584,20,RANDMIX_PRE,7,RESERVED,1960,1964,138896287,640,480,424
1725,1261276,21,RANDMIX_POST,7,RESERVED,1960,1964,138899296,640,480,424
1726,1261968,20,RANDMIX_PRE,7,RESERVED,1960,1964,138899340,640,496,424
1727,1262660,21,RANDMIX_POST,7,RESERVED,1960,1964,138900937,640,496,424
1728,1263352,20,RANDMIX_PRE,7,RESERVED,1960,1964,138900973,640,512,424
1729,1264044,21,RANDMIX_POST,7,RESERVED,1960,1964,138902524,640,512,424
1730,1264736,20,RANDMIX_PRE,7,RESERVED,1960,1964,138902557,640,528,424
1731,1265428,21,RANDMIX_POST,7,RESERVED,1960,1964,138904081,640,528,424
1732,1266120,20,RANDMIX_PRE,7,RESERVED,1960,1964,138904119,640,544,424
1733,1266812,21,RANDMIX_POST,7,RESERVED,1960,1964,138905680,640,544,424
1734,1267504,20,RANDMIX_PRE,7,RESERVED,1960,1964,138905715,640,560,424
1735,1268196,21,RANDMIX_POST,7,RESERVED,1960,1964,138907163,640,560,424
1736,1268888,20,RANDMIX_PRE,7,RESERVED,1960,1964,138907194,640,576,424
1737,1269580,21,RANDMIX_POST,7,RESERVED,1960,1964,138908768,640,576,424
1738,1270272,20,RANDMIX_PRE,7,RESERVED,1960,1964,138908807,640,592,424
1739,1270964,21,RANDMIX_POST,7,RESERVED,1960,1964,138910256,640,592,424
1740,1271656,20,RANDMIX_PRE,7,RESERVED,1960,1964,138910287,640,608,424
1741,1272348,21,RANDMIX_POST,7,RESERVED,1960,1964,138911838,640,608,424
1742,1273040,20,RANDMIX_PRE,7,RESERVED,1960,1964,138911907,640,624,424
1743,1273732,21,RANDMIX_POST,7,RESERVED,1960,1964,138913709,640,624,424
1744,1274424,20,RANDMIX_PRE,7,RESERVED,1960,1964,138913752,640,0,424
1745,1275116,21,RANDMIX_POST,7,RESERVED,1960,1964,138915257,640,0,424
1746,1275808,20,RANDMIX_PRE,7,RESERVED,1960,1964,138915321,640,16,424
1747,1276500,21,RANDMIX_POST,7,RESERVED,1960,1964,138917366,640,16,424
1748,1277192,20,RANDMIX_PRE,7,RESERVED,1960,1964,138917428,640,32,424
1749,1277884,21,RANDMIX_POST,7,RESERVED,1960,1964,138919534,640,32,424
1750,1278576,20,RANDMIX_PRE,7,RESERVED,1960,1964,138919601,640,48,424
1751,1279268,21,RANDMIX_POST,7,RESERVED,1960,1964,138921103,640,48,424
1752,1279960,20,RANDMIX_PRE,7,RESERVED,1960,1964,138921136,640,64,424
1753,1280652,21,RANDMIX_POST,7,RESERVED,1960,1964,138922698,640,64,424
1754,1281344,20,RANDMIX_PRE,7,RESERVED,1960,1964,138922731,640,80,424
1755,1282036,21,RANDMIX_POST,7,RESERVED,1960,1964,138924181,640,80,424
1756,1282728,20,RANDMIX_PRE,7,RESERVED,1960,1964,138924216,640,96,424
1757,1283420,21,RANDMIX_POST,7,RESERVED,1960,1964,138927358,640,96,424
1758,1284112,20,RANDMIX_PRE,7,RESERVED,1960,1964,138927397,640,112,424
1759,1284804,21,RANDMIX_POST,7,RESERVED,1960,1964,138928898,640,112,424
1760,1285496,20,RANDMIX_PRE,7,RESERVED,1960,1964,138928930,640,128,424
1761,1286188,21,RANDMIX_POST,7,RESERVED,1960,1964,138930517,640,128,424
1762,1286880,45,CGR_FAST_POOL_POST,7,RESERVED,1960,1964,138930554,640,144,424
1763,1287572,20,RANDMIX_PRE,7,RESERVED,1960,1964,138930586,640,144,424
1764,1288264,21,RANDMIX_POST,7,RESERVED,1960,1964,138932093,640,144,424
1765,1288956,34,RANDGET_OUT,7,RESERVED,1960,1964,138932128,32,584,456
1766,1289040,35,RANDGET_POOL_POST,7,RESERVED,1960,1964,138932159,640,584,456
1767,1289732,30,RANDGET_BEGIN,7,RESERVED,1960,1964,138932192,0,256,0
1768,1289784,31,RANDGET_POOL_PRE,7,RESERVED,1960,1964,138932224,640,584,456
1769,1290476,10,RANDADD_INT32,7,RESERVED,1960,1964,138932283,4,584,456
1770,1290532,10,RANDADD_INT32,7,RESERVED,1960,1964,138932317,4,588,456
1771,1290588,10,RANDADD_INT32,7,RESERVED,1960,1964,138932355,4,592,456
1772,1290644,20,RANDMIX_PRE,7,RESERVED,1960,1964,138932387,640,592,456
1773,1291336,21,RANDMIX_POST,7,RESERVED,1960,1964,138933982,640,592,456
1774,1292028,10,RANDADD_INT32,7,RESERVED,1960,1964,138934028,4,596,456
1775,1292084,10,RANDADD_INT32,7,RESERVED,1960,1964,138934062,4,600,456
1776,1292140,10,RANDADD_INT32,7,RESERVED,1960,1964,138934094,4,604,456
1777,1292196,10,RANDADD_INT32,7,RESERVED,1960,1964,138934125,4,608,456
1778,1292252,20,RANDMIX_PRE,7,RESERVED,1960,1964,138934157,640,608,456
1779,1292944,21,RANDMIX_POST,7,RESERVED,1960,1964,138935811,640,608,456
1780,1293636,10,RANDADD_INT32,7,RESERVED,1960,1964,138935852,4,612,456
1781,1293692,10,RANDADD_INT32,7,RESERVED,1960,1964,138935884,4,616,456
1782,1293748,10,RANDADD_INT32,7,RESERVED,1960,1964,138935918,4,620,456
1783,1293804,10,RANDADD_INT32,7,RESERVED,1960,1964,138935954,4,624,456
1784,1293860,20,RANDMIX_PRE,7,RESERVED,1960,1964,138935986,640,624,456
1785,1294552,21,RANDMIX_POST,7,RESERVED,1960,1964,138939162,640,624,456
1786,1295244,10,RANDADD_INT32,7,RESERVED,1960,1964,138940696,4,628,456
1787,1295300,10,RANDADD_INT32,7,RESERVED,1960,1964,138940790,4,632,456
1788,1295356,10,RANDADD_INT32,7,RESERVED,1960,1964,138940830,4,636,456
1789,1295412,10,RANDADD_INT32,7,RESERVED,1960,1964,138940871,4,640,456
1790,1295468,20,RANDMIX_PRE,7,RESERVED,1960,1964,138940904,640,0,456
1791,1296160,21,RANDMIX_POST,7,RESERVED,1960,1964,138942471,640,0,456
1792,1296852,10,RANDADD_INT32,7,RESERVED,1960,1964,138942516,4,4,456
1793,1296908,10,RANDADD_INT32,7,RESERVED,1960,1964,138942554,4,8,456
1794,1296964,10,RANDADD_INT32,7,RESERVED,1960,1964,138942592,4,12,456
1795,1297020,11,RANDADD_BUF,7,RESERVED,1960,1964,138942629,8,16,456
1796,1297080,20,RANDMIX_PRE,7,RESERVED,1960,1964,138942661,640,16,456
1797,1297772,21,RANDMIX_POST,7,RESERVED,1960,1964,138944258,640,16,456
1798,1298464,11,RANDADD_BUF,7,RESERVED,1960,1964,138944310,8,24,456
1799,1298524,11,RANDADD_BUF,7,RESERVED,1960,1964,138944366,32,32,456
1800,1298608,20,RANDMIX_PRE,7,RESERVED,1960,1964,138944399,640,32,456
1801,1299300,21,RANDMIX_POST,7,RESERVED,1960,1964,138945896,640,32,456
1802,1299992,20,RANDMIX_PRE,7,RESERVED,1960,1964,138945931,640,48,456
1803,1300684,21,RANDMIX_POST,7,RESERVED,1960,1964,138947658,640,48,456
1804,1301376,11,RANDADD_BUF,7,RESERVED,1960,1964,138947701,8,64,456
1805,1301436,20,RANDMIX_PRE,7,RESERVED,1960,1964,138947734,640,64,456
1806,1302128,21,RANDMIX_POST,7,RESERVED,1960,1964,138949486,640,64,456
1807,1302820,11,RANDADD_BUF,7,RESERVED,1960,1964,138949538,8,72,456
1808,1302880,11,RANDADD_BUF,7,RESERVED,1960,1964,138949571,8,80,456
1809,1302940,20,RANDMIX_PRE,7,RESERVED,1960,1964,138949602,640,80,456
1810,1303632,21,RANDMIX_POST,7,RESERVED,1960,1964,138951672,640,80,456
1811,1304324,11,RANDADD_BUF,7,RESERVED,1960,1964,138951707,8,88,456
1812,1304384,11,RANDADD_BUF,7,RESERVED,1960,1964,138951743,8,96,456
1813,1304444,20,RANDMIX_PRE,7,RESERVED,1960,1964,138951774,640,96,456
1814,1305136,21,RANDMIX_POST,7,RESERVED,1960,1964,138953353,640,96,456
1815,1305828,11,RANDADD_BUF,7,RESERVED,1960,1964,138953387,8,104,456
1816,1305888,11,RANDADD_BUF,7,RESERVED,1960,1964,138953420,8,112,456
1817,1305948,20,RANDMIX_PRE,7,RESERVED,1960,1964,138953452,640,112,456
1818,1306640,21,RANDMIX_POST,7,RESERVED,1960,1964,138956486,640,112,456
1819,1307332,11,RANDADD_BUF,7,RESERVED,1960,1964,138956525,8,120,456
1820,1307392,10,RANDADD_INT32,7,RESERVED,1960,1964,138956588,4,128,456
1821,1307448,20,RANDMIX_PRE,7,RESERVED,1960,1964,138956668,640,128,456
1822,1308140,21,RANDMIX_POST,7,RESERVED,1960,1964,138958474,640,128,456
1823,1308832,10,RANDADD_INT32,7,RESERVED,1960,1964,138958509,4,132,456
1824,1308888,11,RANDADD_BUF,7,RESERVED,1960,1964,138958569,8,136,456
1825,1308948,43,CGR_FAST_OUT,7,RESERVED,1960,1964,138958697,640,144,456
1826,1309640,44,CGR_FAST_POOL_PRE,7,RESERVED,1960,1964,138958728,640,144,456
1827,1310332,11,RANDADD_BUF,7,RESERVED,1960,1964,138958758,640,144,456
1828,1311024,20,RANDMIX_PRE,7,RESERVED,1960,1964,138958796,640,144,456
1829,1311716,21,RANDMIX_POST,7,RESERVED,1960,1964,138960415,640,144,456
1830,1312408,20,RANDMIX_PRE,7,RESERVED,1960,1964,138960449,640,160,456
1831,1313100,21,RANDMIX_POST,7,RESERVED,1960,1964,138962020,640,160,456
1832,1313792,20,RANDMIX_PRE,7,RESERVED,1960,1964,138962054,640,176,456
1833,1314484,21,RANDMIX_POST,7,RESERVED,1960,1964,138963504,640,176,456
1834,1315176,20,RANDMIX_PRE,7,RESERVED,1960,1964,138963542,640,192,456
1835,1315868,21,RANDMIX_POST,7,RESERVED,1960,1964,138965155,640,192,456
1836,1316560,20,RANDMIX_PRE,7,RESERVED,1960,1964,138965190,640,208,456
1837,1317252,21,RANDMIX_POST,7,RESERVED,1960,1964,138966781,640,208,456
1838,1317944,20,RANDMIX_PRE,7,RESERVED,1960,1964,138966815,640,224,456
1839,1318636,21,RANDMIX_POST,7,RESERVED,1960,1964,138968266,640,224,456
1840,1319328,20,RANDMIX_PRE,7,RESERVED,1960,1964,138968302,640,240,456
1841,1320020,21,RANDMIX_POST,7,RESERVED,1960,1964,138969857,640,240,456
1842,1320712,20,RANDMIX_PRE,7,RESERVED,1960,1964,138969891,640,256,456
1843,1321404,21,RANDMIX_POST,7,RESERVED,1960,1964,138971717,640,256,456
1844,1322096,20,RANDMIX_PRE,7,RESERVED,1960,1964,138971760,640,272,456
1845,1322788,21,RANDMIX_POST,7,RESERVED,1960,1964,138973646,640,272,456
1846,1323480,20,RANDMIX_PRE,7,RESERVED,1960,1964,138973691,640,288,456
1847,1324172,21,RANDMIX_POST,7,RESERVED,1960,1964,138975143,640,288,456
1848,1324864,20,RANDMIX_PRE,7,RESERVED,1960,1964,138975175,640,304,456
1849,1325556,21,RANDMIX_POST,7,RESERVED,1960,1964,138976733,640,304,456
1850,1326248,20,RANDMIX_PRE,7,RESERVED,1960,1964,138976767,640,320,456
1851,1326940,21,RANDMIX_POST,7,RESERVED,1960,1964,138978218,640,320,456
1852,1327632,20,RANDMIX_PRE,7,RESERVED,1960,1964,138978255,640,336,456
1853,1328324,21,RANDMIX_POST,7,RESERVED,1960,1964,138980160,640,336,456
1854,1329016,20,RANDMIX_PRE,7,RESERVED,1960,1964,138980193,640,352,456
1855,1329708,21,RANDMIX_POST,7,RESERVED,1960,1964,138981644,640,352,456
1856,1330400,20,RANDMIX_PRE,7,RESERVED,1960,1964,138981674,640,368,456
1857,1331092,21,RANDMIX_POST,7,RESERVED,1960,1964,138985483,640,368,456
1858,1331784,20,RANDMIX_PRE,7,RESERVED,1960,1964,138985527,640,384,456
1859,1332476,21,RANDMIX_POST,7,RESERVED,1960,1964,138987122,640,384,456
1860,1333168,20,RANDMIX_PRE,7,RESERVED,1960,1964,138987158,640,400,456
1861,1333860,21,RANDMIX_POST,7,RESERVED,1960,1964,138988758,640,400,456
1862,1334552,20,RANDMIX_PRE,7,RESERVED,1960,1964,138988794,640,416,456
1863,1335244,21,RANDMIX_POST,7,RESERVED,1960,1964,138990242,640,416,456
1864,1335936,20,RANDMIX_PRE,7,RESERVED,1960,1964,138990278,640,432,456
1865,1336628,21,RANDMIX_POST,7,RESERVED,1960,1964,138991845,640,432,456
1866,1337320,20,RANDMIX_PRE,7,RESERVED,1960,1964,138991880,640,448,456
1867,1338012,21,RANDMIX_POST,7,RESERVED,1960,1964,138993331,640,448,456
1868,1338704,20,RANDMIX_PRE,7,RESERVED,1960,1964,138993362,640,464,456
1869,1339396,21,RANDMIX_POST,7,RESERVED,1960,1964,138996126,640,464,456
1870,1340088,20,RANDMIX_PRE,7,RESERVED,1960,1964,138997526,640,480,456
1871,1340780,21,RANDMIX_POST,7,RESERVED,1960,1964,138999176,640,480,456
1872,1341472,20,RANDMIX_PRE,7,RESERVED,1960,1964,138999217,640,496,456
1873,1342164,21,RANDMIX_POST,7,RESERVED,1960,1964,139000700,640,496,456
1874,1342856,20,RANDMIX_PRE,7,RESERVED,1960,1964,139000732,640,512,456
1875,1343548,21,RANDMIX_POST,7,RESERVED,1960,1964,139002315,640,512,456
1876,1344240,20,RANDMIX_PRE,7,RESERVED,1960,1964,139002349,640,528,456
1877,1344932,21,RANDMIX_POST,7,RESERVED,1960,1964,139003866,640,528,456
1878,1345624,20,RANDMIX_PRE,7,RESERVED,1960,1964,139003898,640,544,456
1879,1346316,21,RANDMIX_POST,7,RESERVED,1960,1964,139005477,640,544,456
1880,1347008,20,RANDMIX_PRE,7,RESERVED,1960,1964,139005512,640,560,456
1881,1347700,21,RANDMIX_POST,7,RESERVED,1960,1964,139009203,640,560,456
1882,1348392,20,RANDMIX_PRE,7,RESERVED,1960,1964,139009243,640,576,456
1883,1349084,21,RANDMIX_POST,7,RESERVED,1960,1964,139011015,640,576,456
1884,1349776,20,RANDMIX_PRE,7,RESERVED,1960,1964,139011429,640,592,456
1885,1350468,21,RANDMIX_POST,7,RESERVED,1960,1964,139014007,640,592,456
1886,1351160,20,RANDMIX_PRE,7,RESERVED,1960,1964,139014050,640,608,456
1887,1351852,21,RANDMIX_POST,7,RESERVED,1960,1964,139015814,640,608,456
1888,1352544,20,RANDMIX_PRE,7,RESERVED,1960,1964,139015848,640,624,456
1889,1353236,21,RANDMIX_POST,7,RESERVED,1960,1964,139017970,640,624,456
1890,1353928,20,RANDMIX_PRE,7,RESERVED,1960,1964,139018005,640,0,456
1891,1354620,21,RANDMIX_POST,7,RESERVED,1960,1964,139019656,640,0,456
1892,1355312,20,RANDMIX_PRE,7,RESERVED,1960,1964,139019728,640,16,456
1893,1356004,21,RANDMIX_POST,7,RESERVED,1960,1964,139021188,640,16,456
1894,1356696,20,RANDMIX_PRE,7,RESERVED,1960,1964,139021220,640,32,456
1895,1357388,21,RANDMIX_POST,7,RESERVED,1960,1964,139022669,640,32,456
1896,1358080,20,RANDMIX_PRE,7,RESERVED,1960,1964,139022770,640,48,456
1897,1358772,21,RANDMIX_POST,7,RESERVED,1960,1964,139024288,640,48,456
1898,1359464,20,RANDMIX_PRE,7,RESERVED,1960,1964,139024322,640,64,456
1899,1360156,21,RANDMIX_POST,7,RESERVED,1960,1964,139025779,640,64,456
1900,1360848,20,RANDMIX_PRE,7,RESERVED,1960,1964,139025811,640,80,456
1901,1361540,21,RANDMIX_POST,7,RESERVED,1960,1964,139027394,640,80,456
1902,1362232,20,RANDMIX_PRE,7,RESERVED,1960,1964,139027427,640,96,456
1903,1362924,21,RANDMIX_POST,7,RESERVED,1960,1964,139028877,640,96,456
1904,1363616,20,RANDMIX_PRE,7,RESERVED,1960,1964,139028908,640,112,456
1905,1364308,21,RANDMIX_POST,7,RESERVED,1960,1964,139030445,640,112,456
1906,1365000,20,RANDMIX_PRE,7,RESERVED,1960,1964,139030480,640,128,456
1907,1365692,21,RANDMIX_POST,7,RESERVED,1960,1964,139032087,640,128,456
1908,1366384,45,CGR_FAST_POOL_POST,7,RESERVED,1960,1964,139032122,640,144,456
1909,1367076,20,RANDMIX_PRE,7,RESERVED,1960,1964,139032153,640,144,456
1910,1367768,21,RANDMIX_POST,7,RESERVED,1960,1964,139033698,640,144,456
1911,1368460,32,RANDGET_RAW,7,RESERVED,1960,1964,139033742,256,584,72
1912,1368768,33,RANDGET_POOL_INVERTED,7,RESERVED,1960,1964,139033776,640,584,72
1913,1369460,10,RANDADD_INT32,7,RESERVED,1960,1964,139033816,4,584,72
1914,1369516,10,RANDADD_INT32,7,RESERVED,1960,1964,139033849,4,588,72
1915,1369572,10,RANDADD_INT32,7,RESERVED,1960,1964,139033885,4,592,72
1916,1369628,20,RANDMIX_PRE,7,RESERVED,1960,1964,139033916,640,592,72
1917,1370320,21,RANDMIX_POST,7,RESERVED,1960,1964,139035416,640,592,72
1918,1371012,10,RANDADD_INT32,7,RESERVED,1960,1964,139035451,4,596,72
1919,1371068,10,RANDADD_INT32,7,RESERVED,1960,1964,139035483,4,600,72
1920,1371124,10,RANDADD_INT32,7,RESERVED,1960,1964,139035513,4,604,72
1921,1371180,10,RANDADD_INT32,7,RESERVED,1960,1964,139035543,4,608,72
1922,1371236,20,RANDMIX_PRE,7,RESERVED,1960,1964,139035572,640,608,72
1923,1371928,21,RANDMIX_POST,7,RESERVED,1960,1964,139037117,640,608,72
1924,1372620,10,RANDADD_INT32,7,RESERVED,1960,1964,139037191,4,612,72
1925,1372676,10,RANDADD_INT32,7,RESERVED,1960,1964,139037225,4,616,72
1926,1372732,10,RANDADD_INT32,7,RESERVED,1960,1964,139037259,4,620,72
1927,1372788,10,RANDADD_INT32,7,RESERVED,1960,1964,139037291,4,624,72
1928,1372844,20,RANDMIX_PRE,7,RESERVED,1960,1964,139037321,640,624,72
1929,1373536,21,RANDMIX_POST,7,RESERVED,1960,1964,139039237,640,624,72
1930,1374228,10,RANDADD_INT32,7,RESERVED,1960,1964,139039278,4,628,72
1931,1374284,10,RANDADD_INT32,7,RESERVED,1960,1964,139039314,4,632,72
1932,1374340,10,RANDADD_INT32,7,RESERVED,1960,1964,139039348,4,636,72
1933,1374396,10,RANDADD_INT32,7,RESERVED,1960,1964,139039382,4,640,72
1934,1374452,20,RANDMIX_PRE,7,RESERVED,1960,1964,139039413,640,0,72
1935,1375144,21,RANDMIX_POST,7,RESERVED,1960,1964,139042357,640,0,72
1936,1375836,10,RANDADD_INT32,7,RESERVED,1960,1964,139042393,4,4,72
1937,1375892,10,RANDADD_INT32,7,RESERVED,1960,1964,139042426,4,8,72
1938,1375948,10,RANDADD_INT32,7,RESERVED,1960,1964,139042460,4,12,72
1939,1376004,11,RANDADD_BUF,7,RESERVED,1960,1964,139042493,8,16,72
1940,1376064,20,RANDMIX_PRE,7,RESERVED,1960,1964,139042523,640,16,72
1941,1376756,21,RANDMIX_POST,7,RESERVED,1960,1964,139044089,640,16,72
1942,1377448,11,RANDADD_BUF,7,RESERVED,1960,1964,139044125,8,24,72
1943,1377508,11,RANDADD_BUF,7,RESERVED,1960,1964,139044230,32,32,72
1944,1377592,20,RANDMIX_PRE,7,RESERVED,1960,1964,139044302,640,32,72
1945,1378284,21,RANDMIX_POST,7,RESERVED,1960,1964,139045778,640,32,72
1946,1378976,20,RANDMIX_PRE,7,RESERVED,1960,1964,139045815,640,48,72
1947,1379668,21,RANDMIX_POST,7,RESERVED,1960,1964,139047437,640,48,72
1948,1380360,11,RANDADD_BUF,7,RESERVED,1960,1964,139047484,8,64,72
1949,1380420,20,RANDMIX_PRE,7,RESERVED,1960,1964,139047517,640,64,72
1950,1381112,21,RANDMIX_POST,7,RESERVED,1960,1964,139049211,640,64,72
1951,1381804,11,RANDADD_BUF,7,RESERVED,1960,1964,139049248,8,72,72
1952,1381864,11,RANDADD_BUF,7,RESERVED,1960,1964,139049279,8,80,72
1953,1381924,20,RANDMIX_PRE,7,RESERVED,1960,1964,139049310,640,80,72
1954,1382616,21,RANDMIX_POST,7,RESERVED,1960,1964,139050760,640,80,72
1955,1383308,11,RANDADD_BUF,7,RESERVED,1960,1964,139050791,8,88,72
1956,1383368,11,RANDADD_BUF,7,RESERVED,1960,1964,139050826,8,96,72
1957,1383428,20,RANDMIX_PRE,7,RESERVED,1960,1964,139050856,640,96,72
1958,1384120,21,RANDMIX_POST,7,RESERVED,1960,1964,139055235,640,96,72
1959,1384812,11,RANDADD_BUF,7,RESERVED,1960,1964,139055341,8,104,72
1960,1384872,11,RANDADD_BUF,7,RESERVED,1960,1964,139055380,8,112,72
1961,1384932,20,RANDMIX_PRE,7,RESERVED,1960,1964,139055536,640,112,72
1962,1385624,21,RANDMIX_POST,7,RESERVED,1960,1964,139057073,640,112,72
1963,1386316,11,RANDADD_BUF,7,RESERVED,1960,1964,139057106,8,120,72
1964,1386376,10,RANDADD_INT32,7,RESERVED,1960,1964,139057142,4,128,72
1965,1386432,20,RANDMIX_PRE,7,RESERVED,1960,1964,139057173,640,128,72
1966,1387124,21,RANDMIX_POST,7,RESERVED,1960,1964,139058935,640,128,72
1967,1387816,10,RANDADD_INT32,7,RESERVED,1960,1964,139058982,4,132,72
1968,1387872,11,RANDADD_BUF,7,RESERVED,1960,1964,139059066,8,136,72
1969,1387932,43,CGR_FAST_OUT,7,RESERVED,1960,1964,139059237,640,144,72
1970,1388624,44,CGR_FAST_POOL_PRE,7,RESERVED,1960,1964,139059290,640,144,72
1971,1389316,11,RANDADD_BUF,7,RESERVED,1960,1964,139059333,640,144,72
1972,1390008,20,RANDMIX_PRE,7,RESERVED,1960,1964,139059375,640,144,72
1973,1390700,21,RANDMIX_POST,7,RESERVED,1960,1964,139061392,640,144,72
1974,1391392,20,RANDMIX_PRE,7,RESERVED,1960,1964,139061435,640,160,72
1975,1392084,21,RANDMIX_POST,7,RESERVED,1960,1964,139065771,640,160,72
1976,1392776,20,RANDMIX_PRE,7,RESERVED,1960,1964,139065829,640,176,72
1977,1393468,21,RANDMIX_POST,7,RESERVED,1960,1964,139068109,640,176,72
1978,1394160,20,RANDMIX_PRE,7,RESERVED,1960,1964,139068172,640,192,72
1979,1394852,21,RANDMIX_POST,7,RESERVED,1960,1964,139071631,640,192,72
1980,1395544,20,RANDMIX_PRE,7,RESERVED,1960,1964,139071668,640,208,72
1981,1396236,21,RANDMIX_POST,7,RESERVED,1960,1964,139073242,640,208,72
1982,1396928,20,RANDMIX_PRE,7,RESERVED,1960,1964,139073285,640,224,72
1983,1397620,21,RANDMIX_POST,7,RESERVED,1960,1964,139075127,640,224,72
1984,1398312,20,RANDMIX_PRE,7,RESERVED,1960,1964,139075197,640,240,72
1985,1399004,21,RANDMIX_POST,7,RESERVED,1960,1964,139077024,640,240,72
1986,1399696,20,RANDMIX_PRE,7,RESERVED,1960,1964,139077058,640,256,72
1987,1400388,21,RANDMIX_POST,7,RESERVED,1960,1964,139078652,640,256,72
1988,1401080,20,RANDMIX_PRE,7,RESERVED,1960,1964,139078696,640,272,72
1989,1401772,21,RANDMIX_POST,7,RESERVED,1960,1964,139080403,640,272,72
1990,1402464,20,RANDMIX_PRE,7,RESERVED,1960,1964,139080437,640,288,72
1991,1403156,21,RANDMIX_POST,7,RESERVED,1960,1964,139081924,640,288,72
1992,1403848,20,RANDMIX_PRE,7,RESERVED,1960,1964,139081958,640,304,72
1993,1404540,21,RANDMIX_POST,7,RESERVED,1960,1964,139083818,640,304,72
1994,1405232,20,RANDMIX_PRE,7,RESERVED,1960,1964,139083858,640,320,72
1995,1405924,21,RANDMIX_POST,7,RESERVED,1960,1964,139085307,640,320,72
1996,1406616,20,RANDMIX_PRE,7,RESERVED,1960,1964,139085339,640,336,72
1997,1407308,21,RANDMIX_POST,7,RESERVED,1960,1964,139086788,640,336,72
1998,1408000,20,RANDMIX_PRE,7,RESERVED,1960,1964,139086819,640,352,72
1999,1408692,21,RANDMIX_POST,7,RESERVED,1960,1964,139088433,640,352,72
2000,1409384,20,RANDMIX_PRE,7,RESERVED,1960,1964,139088473,640,368,72
2001,1410076,21,RANDMIX_POST,7,RESERVED,1960,1964,139090089,640,368,72
2002,1410768,20,RANDMIX_PRE,7,RESERVED,1960,1964,139090126,640,384,72
2003,1411460,21,RANDMIX_POST,7,RESERVED,1960,1964,139091687,640,384,72
2004,1412152,20,RANDMIX_PRE,7,RESERVED,1960,1964,139091722,640,400,72
2005,1412844,21,RANDMIX_POST,7,RESERVED,1960,1964,139093173,640,400,72
2006,1413536,20,RANDMIX_PRE,7,RESERVED,1960,1964,139093209,640,416,72
2007,1414228,21,RANDMIX_POST,7,RESERVED,1960,1964,139094788,640,416,72
2008,1414920,20,RANDMIX_PRE,7,RESERVED,1960,1964,139094822,640,432,72
2009,1415612,21,RANDMIX_POST,7,RESERVED,1960,1964,139096271,640,432,72
2010,1416304,20,RANDMIX_PRE,7,RESERVED,1960,1964,139096302,640,448,72
2011,1416996,21,RANDMIX_POST,7,RESERVED,1960,1964,139099782,640,448,72
2012,1417688,20,RANDMIX_PRE,7,RESERVED,1960,1964,139099826,640,464,72
2013,1418380,21,RANDMIX_POST,7,RESERVED,1960,1964,139101278,640,464,72
2014,1419072,20,RANDMIX_PRE,7,RESERVED,1960,1964,139101309,640,480,72
2015,1419764,21,RANDMIX_POST,7,RESERVED,1960,1964,139102934,640,480,72
2016,1420456,20,RANDMIX_PRE,7,RESERVED,1960,1964,139102968,640,496,72
2017,1421148,21,RANDMIX_POST,7,RESERVED,1960,1964,139104420,640,496,72
2018,1421840,20,RANDMIX_PRE,7,RESERVED,1960,1964,139104457,640,512,72
2019,1422532,21,RANDMIX_POST,7,RESERVED,1960,1964,139106023,640,512,72
2020,1423224,20,RANDMIX_PRE,7,RESERVED,1960,1964,139106057,640,528,72
2021,1423916,21,RANDMIX_POST,7,RESERVED,1960,1964,139107560,640,528,72
2022,1424608,20,RANDMIX_PRE,7,RESERVED,1960,1964,139107592,640,544,72
2023,1425300,21,RANDMIX_POST,7,RESERVED,1960,1964,139111748,640,544,72
2024,1425992,20,RANDMIX_PRE,7,RESERVED,1960,1964,139111981,640,560,72
2025,1426684,21,RANDMIX_POST,7,RESERVED,1960,1964,139113610,640,560,72
2026,1427376,20,RANDMIX_PRE,7,RESERVED,1960,1964,139113650,640,576,72
2027,1428068,21,RANDMIX_POST,7,RESERVED,1960,1964,139115229,640,576,72
2028,1428760,20,RANDMIX_PRE,7,RESERVED,1960,1964,139115265,640,592,72
2029,1429452,21,RANDMIX_POST,7,RESERVED,1960,1964,139116871,640,592,72
2030,1430144,20,RANDMIX_PRE,7,RESERVED,1960,1964,139116915,640,608,72
2031,1430836,21,RANDMIX_POST,7,RESERVED,1960,1964,139119060,640,608,72
2032,1431528,20,RANDMIX_PRE,7,RESERVED,1960,1964,139119106,640,624,72
2033,1432220,21,RANDMIX_POST,7,RESERVED,1960,1964,139121006,640,624,72
2034,1432912,20,RANDMIX_PRE,7,RESERVED,1960,1964,139121050,640,0,72
2035,1433604,21,RANDMIX_POST,7,RESERVED,1960,1964,139122937,640,0,72
2036,1434296,20,RANDMIX_PRE,7,RESERVED,1960,1964,139122986,640,16,72
2037,1434988,21,RANDMIX_POST,7,RESERVED,1960,1964,139125026,640,16,72
2038,1435680,20,RANDMIX_PRE,7,RESERVED,1960,1964,139125078,640,32,72
2039,1436372,21,RANDMIX_POST,7,RESERVED,1960,1964,139127526,640,32,72
2040,1437064,20,RANDMIX_PRE,7,RESERVED,1960,1964,139127573,640,48,72
2041,1437756,21,RANDMIX_POST,7,RESERVED,1960,1964,139130953,640,48,72
2042,1438448,20,RANDMIX_PRE,7,RESERVED,1960,1964,139130989,640,64,72
2043,1439140,21,RANDMIX_POST,7,RESERVED,1960,1964,139132442,640,64,72
2044,1439832,20,RANDMIX_PRE,7,RESERVED,1960,1964,139132473,640,80,72
2045,1440524,21,RANDMIX_POST,7,RESERVED,1960,1964,139133977,640,80,72
2046,1441216,20,RANDMIX_PRE,7,RESERVED,1960,1964,139134011,640,96,72
2047,1441908,21,RANDMIX_POST,7,RESERVED,1960,1964,139136105,640,96,72
2048,1442600,20,RANDMIX_PRE,7,RESERVED,1960,1964,139136175,640,112,72
2049,1443292,21,RANDMIX_POST,7,RESERVED,1960,1964,139137742,640,112,72
2050,1443984,20,RANDMIX_PRE,7,RESERVED,1960,1964,139137776,640,128,72
2051,1444676,21,RANDMIX_POST,7,RESERVED,1960,1964,139139368,640,128,72
2052,1445368,45,CGR_FAST_POOL_POST,7,RESERVED,1960,1964,139139404,640,144,72
2053,1446060,20,RANDMIX_PRE,7,RESERVED,1960,1964,139139441,640,144,72
2054,1446752,21,RANDMIX_POST,7,RESERVED,1960,1964,139140984,640,144,72
2055,1447444,34,RANDGET_OUT,7,RESERVED,1960,1964,139141021,256,584,328
2056,1447752,35,RANDGET_POOL_POST,7,RESERVED,1960,1964,139141052,640,584,328
2057,1448444,67,RESERVED_PRIMARY_KEY1,7,RESERVED,1960,1964,139141083,32,32,0
2058,1448528,68,RESERVED_PRIMARY_KEY2,7,RESERVED,1960,1964,139141114,256,32,256
2059,1448836,69,RESERVED_PRIMARY_PLAIN,7,RESERVED,1960,1964,139141163,130560,512,0
2060,1579448,70,WRITE_PRIMARY_RESERVED,7,RESERVED,1960,1964,139144684,130560,512,0
2061,1710060,30,RANDGET_BEGIN,7,RESERVED,1960,1964,139144932,0,32,0
2062,1710112,31,RANDGET_POOL_PRE,7,RESERVED,1960,1964,139144966,640,584,328
2063,1710804,10,RANDADD_INT32,7,RESERVED,1960,1964,139145004,4,584,328
2064,1710860,10,RANDADD_INT32,7,RESERVED,1960,1964,139145036,4,588,328
2065,1710916,10,RANDADD_INT32,7,RESERVED,1960,1964,139145072,4,592,328
2066,1710972,20,RANDMIX_PRE,7,RESERVED,1960,1964,139145103,640,592,328
2067,1711664,21,RANDMIX_POST,7,RESERVED,1960,1964,139146630,640,592,328
2068,1712356,10,RANDADD_INT32,7,RESERVED,1960,1964,139146671,4,596,328
2069,1712412,10,RANDADD_INT32,7,RESERVED,1960,1964,139146703,4,600,328
2070,1712468,10,RANDADD_INT32,7,RESERVED,1960,1964,139146734,4,604,328
2071,1712524,10,RANDADD_INT32,7,RESERVED,1960,1964,139146764,4,608,328
2072,1712580,20,RANDMIX_PRE,7,RESERVED,1960,1964,139146794,640,608,328
2073,1713272,21,RANDMIX_POST,7,RESERVED,1960,1964,139148338,640,608,328
2074,1713964,10,RANDADD_INT32,7,RESERVED,1960,1964,139148371,4,612,328
2075,1714020,10,RANDADD_INT32,7,RESERVED,1960,1964,139148402,4,616,328
2076,1714076,10,RANDADD_INT32,7,RESERVED,1960,1964,139148434,4,620,328
2077,1714132,10,RANDADD_INT32,7,RESERVED,1960,1964,139148466,4,624,328
2078,1714188,20,RANDMIX_PRE,7,RESERVED,1960,1964,139148496,640,624,328
2079,1714880,21,RANDMIX_POST,7,RESERVED,1960,1964,139149944,640,624,328
2080,1715572,10,RANDADD_INT32,7,RESERVED,1960,1964,139149976,4,628,328
2081,1715628,10,RANDADD_INT32,7,RESERVED,1960,1964,139150009,4,632,328
2082,1715684,10,RANDADD_INT32,7,RESERVED,1960,1964,139150041,4,636,328
2083,1715740,10,RANDADD_INT32,7,RESERVED,1960,1964,139150075,4,640,328
2084,1715796,20,RANDMIX_PRE,7,RESERVED,1960,1964,139150106,640,0,328
2085,1716488,21,RANDMIX_POST,7,RESERVED,1960,1964,139151612,640,0,328
2086,1717180,10,RANDADD_INT32,7,RESERVED,1960,1964,139151649,4,4,328
2087,1717236,10,RANDADD_INT32,7,RESERVED,1960,1964,139151684,4,8,328
2088,1717292,10,RANDADD_INT32,7,RESERVED,1960,1964,139151719,4,12,328
2089,1717348,11,RANDADD_BUF,7,RESERVED,1960,1964,139151752,8,16,328
2090,1717408,20,RANDMIX_PRE,7,RESERVED,1960,1964,139151783,640,16,328
2091,1718100,21,RANDMIX_POST,7,RESERVED,1960,1964,139153754,640,16,328
2092,1718792,11,RANDADD_BUF,7,RESERVED,1960,1964,139153807,8,24,328
2093,1718852,11,RANDADD_BUF,7,RESERVED,1960,1964,139153874,32,32,328
2094,1718936,20,RANDMIX_PRE,7,RESERVED,1960,1964,139153916,640,32,328
2095,1719628,21,RANDMIX_POST,7,RESERVED,1960,1964,139156879,640,32,328
2096,1720320,20,RANDMIX_PRE,7,RESERVED,1960,1964,139156914,640,48,328
2097,1721012,21,RANDMIX_POST,7,RESERVED,1960,1964,139158770,640,48,328
2098,1721704,11,RANDADD_BUF,7,RESERVED,1960,1964,139158816,8,64,328
2099,1721764,20,RANDMIX_PRE,7,RESERVED,1960,1964,139158848,640,64,328
2100,1722456,21,RANDMIX_POST,7,RESERVED,1960,1964,139160330,640,64,328
2101,1723148,11,RANDADD_BUF,7,RESERVED,1960,1964,139160361,8,72,328
2102,1723208,11,RANDADD_BUF,7,RESERVED,1960,1964,139160392,8,80,328
2103,1723268,20,RANDMIX_PRE,7,RESERVED,1960,1964,139160421,640,80,328
2104,1723960,21,RANDMIX_POST,7,RESERVED,1960,1964,139161871,640,80,328
2105,1724652,11,RANDADD_BUF,7,RESERVED,1960,1964,139161907,8,88,328
2106,1724712,11,RANDADD_BUF,7,RESERVED,1960,1964,139161941,8,96,328
2107,1724772,20,RANDMIX_PRE,7,RESERVED,1960,1964,139161972,640,96,328
2108,1725464,21,RANDMIX_POST,7,RESERVED,1960,1964,139163562,640,96,328
2109,1726156,11,RANDADD_BUF,7,RESERVED,1960,1964,139163596,8,104,328
2110,1726216,11,RANDADD_BUF,7,RESERVED,1960,1964,139163627,8,112,328
2111,1726276,20,RANDMIX_PRE,7,RESERVED,1960,1964,139163657,640,112,328
2112,1726968,21,RANDMIX_POST,7,RESERVED,1960,1964,139165105,640,112,328
2113,1727660,11,RANDADD_BUF,7,RESERVED,1960,1964,139165137,8,120,328
2114,1727720,10,RANDADD_INT32,7,RESERVED,1960,1964,139165169,4,128,328
2115,1727776,20,RANDMIX_PRE,7,RESERVED,1960,1964,139165200,640,128,328
2116,1728468,21,RANDMIX_POST,7,RESERVED,1960,1964,139169040,640,128,328
2117,1729160,10,RANDADD_INT32,7,RESERVED,1960,1964,139169187,4,132,328
2118,1729216,11,RANDADD_BUF,7,RESERVED,1960,1964,139169376,8,136,328
2119,1729276,43,CGR_FAST_OUT,7,RESERVED,1960,1964,139169577,640,144,328
2120,1729968,44,CGR_FAST_POOL_PRE,7,RESERVED,1960,1964,139169612,640,144,328
2121,1730660,11,RANDADD_BUF,7,RESERVED,1960,1964,139169645,640,144,328
2122,1731352,20,RANDMIX_PRE,7,RESERVED,1960,1964,139169677,640,144,328
2123,1732044,21,RANDMIX_POST,7,RESERVED,1960,1964,139171296,640,144,328
2124,1732736,20,RANDMIX_PRE,7,RESERVED,1960,1964,139171339,640,160,328
2125,1733428,21,RANDMIX_POST,7,RESERVED,1960,1964,139172992,640,160,328
2126,1734120,20,RANDMIX_PRE,7,RESERVED,1960,1964,139173137,640,176,328
2127,1734812,21,RANDMIX_POST,7,RESERVED,1960,1964,139177142,640,176,328
2128,1735504,20,RANDMIX_PRE,7,RESERVED,1960,1964,139177189,640,192,328
2129,1736196,21,RANDMIX_POST,7,RESERVED,1960,1964,139179123,640,192,328
2130,1736888,20,RANDMIX_PRE,7,RESERVED,1960,1964,139179172,640,208,328
2131,1737580,21,RANDMIX_POST,7,RESERVED,1960,1964,139181070,640,208,328
2132,1738272,20,RANDMIX_PRE,7,RESERVED,1960,1964,139181106,640,224,328
2133,1738964,21,RANDMIX_POST,7,RESERVED,1960,1964,139182719,640,224,328
2134,1739656,20,RANDMIX_PRE,7,RESERVED,1960,1964,139182762,640,240,328
2135,1740348,21,RANDMIX_POST,7,RESERVED,1960,1964,139184557,640,240,328
2136,1741040,20,RANDMIX_PRE,7,RESERVED,1960,1964,139184601,640,256,328
2137,1741732,21,RANDMIX_POST,7,RESERVED,1960,1964,139186518,640,256,328
2138,1742424,20,RANDMIX_PRE,7,RESERVED,1960,1964,139186554,640,272,328
2139,1743116,21,RANDMIX_POST,7,RESERVED,1960,1964,139189528,640,272,328
2140,1743808,20,RANDMIX_PRE,7,RESERVED,1960,1964,139189564,640,288,328
2141,1744500,21,RANDMIX_POST,7,RESERVED,1960,1964,139191135,640,288,328
2142,1745192,20,RANDMIX_PRE,7,RESERVED,1960,1964,139191180,640,304,328
2143,1745884,21,RANDMIX_POST,7,RESERVED,1960,1964,139192634,640,304,328
2144,1746576,20,RANDMIX_PRE,7,RESERVED,1960,1964,139192665,640,320,328
2145,1747268,21,RANDMIX_POST,7,RESERVED,1960,1964,139194373,640,320,328
2146,1747960,20,RANDMIX_PRE,7,RESERVED,1960,1964,139194412,640,336,328
2147,1748652,21,RANDMIX_POST,7,RESERVED,1960,1964,139196296,640,336,328
2148,1749344,20,RANDMIX_PRE,7,RESERVED,1960,1964,139196338,640,352,328
2149,1750036,21,RANDMIX_POST,7,RESERVED,1960,1964,139197789,640,352,328
2150,1750728,20,RANDMIX_PRE,7,RESERVED,1960,1964,139197821,640,368,328
2151,1751420,21,RANDMIX_POST,7,RESERVED,1960,1964,139199448,640,368,328
2152,1752112,20,RANDMIX_PRE,7,RESERVED,1960,1964,139199483,640,384,328
2153,1752804,21,RANDMIX_POST,7,RESERVED,1960,1964,139200934,640,384,328
2154,1753496,20,RANDMIX_PRE,7,RESERVED,1960,1964,139200971,640,400,328
2155,1754188,21,RANDMIX_POST,7,RESERVED,1960,1964,139202452,640,400,328
2156,1754880,20,RANDMIX_PRE,7,RESERVED,1960,1964,139202485,640,416,328
2157,1755572,21,RANDMIX_POST,7,RESERVED,1960,1964,139203936,640,416,328
2158,1756264,20,RANDMIX_PRE,7,RESERVED,1960,1964,139203968,640,432,328
2159,1756956,21,RANDMIX_POST,7,RESERVED,1960,1964,139205531,640,432,328
2160,1757648,20,RANDMIX_PRE,7,RESERVED,1960,1964,139205571,640,448,328
2161,1758340,21,RANDMIX_POST,7,RESERVED,1960,1964,139207023,640,448,328
2162,1759032,20,RANDMIX_PRE,7,RESERVED,1960,1964,139207054,640,464,328
2163,1759724,21,RANDMIX_POST,7,RESERVED,1960,1964,139208600,640,464,328
2164,1760416,20,RANDMIX_PRE,7,RESERVED,1960,1964,139208634,640,480,328
2165,1761108,21,RANDMIX_POST,7,RESERVED,1960,1964,139210189,640,480,328
2166,1761800,20,RANDMIX_PRE,7,RESERVED,1960,1964,139210228,640,496,328
2167,1762492,21,RANDMIX_POST,7,RESERVED,1960,1964,139213504,640,496,328
2168,1763184,20,RANDMIX_PRE,7,RESERVED,1960,1964,139213544,640,512,328
2169,1763876,21,RANDMIX_POST,7,RESERVED,1960,1964,139215039,640,512,328
2170,1764568,20,RANDMIX_PRE,7,RESERVED,1960,1964,139215071,640,528,328
2171,1765260,21,RANDMIX_POST,7,RESERVED,1960,1964,139216625,640,528,328
2172,1765952,20,RANDMIX_PRE,7,RESERVED,1960,1964,139216667,640,544,328
2173,1766644,21,RANDMIX_POST,7,RESERVED,1960,1964,139218926,640,544,328
2174,1767336,20,RANDMIX_PRE,7,RESERVED,1960,1964,139219019,640,560,328
2175,1768028,21,RANDMIX_POST,7,RESERVED,1960,1964,139223006,640,560,328
2176,1768720,20,RANDMIX_PRE,7,RESERVED,1960,1964,139223093,640,576,328
2177,1769412,21,RANDMIX_POST,7,RESERVED,1960,1964,139226818,640,576,328
2178,1770104,20,RANDMIX_PRE,7,RESERVED,1960,1964,139226936,640,592,328
2179,1770796,21,RANDMIX_POST,7,RESERVED,1960,1964,139228859,640,592,328
2180,1771488,20,RANDMIX_PRE,7,RESERVED,1960,1964,139228903,640,608,328
2181,1772180,21,RANDMIX_POST,7,RESERVED,1960,1964,139230992,640,608,328
2182,1772872,20,RANDMIX_PRE,7,RESERVED,1960,1964,139231033,640,624,328
2183,1773564,21,RANDMIX_POST,7,RESERVED,1960,1964,139232896,640,624,328
2184,1774256,20,RANDMIX_PRE,7,RESERVED,1960,1964,139232945,640,0,328
2185,1774948,21,RANDMIX_POST,7,RESERVED,1960,1964,139234586,640,0,328
2186,1775640,20,RANDMIX_PRE,7,RESERVED,1960,1964,139234620,640,16,328
2187,1776332,21,RANDMIX_POST,7,RESERVED,1960,1964,139236073,640,16,328
2188,1777024,20,RANDMIX_PRE,7,RESERVED,1960,1964,139236104,640,32,328
2189,1777716,21,RANDMIX_POST,7,RESERVED,1960,1964,139237710,640,32,328
2190,1778408,20,RANDMIX_PRE,7,RESERVED,1960,1964,139237745,640,48,328
2191,1779100,21,RANDMIX_POST,7,RESERVED,1960,1964,139239196,640,48,328
2192,1779792,20,RANDMIX_PRE,7,RESERVED,1960,1964,139239228,640,64,328
2193,1780484,21,RANDMIX_POST,7,RESERVED,1960,1964,139241348,640,64,328
2194,1781176,20,RANDMIX_PRE,7,RESERVED,1960,1964,139241383,640,80,328
2195,1781868,21,RANDMIX_POST,7,RESERVED,1960,1964,139242844,640,80,328
2196,1782560,20,RANDMIX_PRE,7,RESERVED,1960,1964,139242875,640,96,328
2197,1783252,21,RANDMIX_POST,7,RESERVED,1960,1964,139244329,640,96,328
2198,1783944,20,RANDMIX_PRE,7,RESERVED,1960,1964,139244360,640,112,328
2199,1784636,21,RANDMIX_POST,7,RESERVED,1960,1964,139246174,640,112,328
2200,1785328,20,RANDMIX_PRE,7,RESERVED,1960,1964,139246216,640,128,328
2201,1786020,21,RANDMIX_POST,7,RESERVED,1960,1964,139248709,640,128,328
2202,1786712,45,CGR_FAST_POOL_POST,7,RESERVED,1960,1964,139248756,640,144,328
2203,1787404,20,RANDMIX_PRE,7,RESERVED,1960,1964,139248796,640,144,328
2204,1788096,21,RANDMIX_POST,7,RESERVED,1960,1964,139252048,640,144,328
2205,1788788,32,RANDGET_RAW,7,RESERVED,1960,1964,139252086,32,584,360
2206,1788872,33,RANDGET_POOL_INVERTED,7,RESERVED,1960,1964,139252118,640,584,360
2207,1789564,10,RANDADD_INT32,7,RESERVED,1960,1964,139252155,4,584,360
2208,1789620,10,RANDADD_INT32,7,RESERVED,1960,1964,139252187,4,588,360
2209,1789676,10,RANDADD_INT32,7,RESERVED,1960,1964,139252223,4,592,360
2210,1789732,20,RANDMIX_PRE,7,RESERVED,1960,1964,139252254,640,592,360
2211,1790424,21,RANDMIX_POST,7,RESERVED,1960,1964,139253711,640,592,360
2212,1791116,10,RANDADD_INT32,7,RESERVED,1960,1964,139253747,4,596,360
2213,1791172,10,RANDADD_INT32,7,RESERVED,1960,1964,139253784,4,600,360
2214,1791228,10,RANDADD_INT32,7,RESERVED,1960,1964,139253831,4,604,360
2215,1791284,10,RANDADD_INT32,7,RESERVED,1960,1964,139253871,4,608,360
2216,1791340,20,RANDMIX_PRE,7,RESERVED,1960,1964,139253945,640,608,360
2217,1792032,21,RANDMIX_POST,7,RESERVED,1960,1964,139255894,640,608,360
2218,1792724,10,RANDADD_INT32,7,RESERVED,1960,1964,139255930,4,612,360
2219,1792780,10,RANDADD_INT32,7,RESERVED,1960,1964,139255962,4,616,360
2220,1792836,10,RANDADD_INT32,7,RESERVED,1960,1964,139255993,4,620,360
2221,1792892,10,RANDADD_INT32,7,RESERVED,1960,1964,139256026,4,624,360
2222,1792948,20,RANDMIX_PRE,7,RESERVED,1960,1964,139256056,640,624,360
2223,1793640,21,RANDMIX_POST,7,RESERVED,1960,1964,139257584,640,624,360
2224,1794332,10,RANDADD_INT32,7,RESERVED,1960,1964,139257623,4,628,360
2225,1794388,10,RANDADD_INT32,7,RESERVED,1960,1964,139257657,4,632,360
2226,1794444,10,RANDADD_INT32,7,RESERVED,1960,1964,139257689,4,636,360
2227,1794500,10,RANDADD_INT32,7,RESERVED,1960,1964,139257724,4,640,360
2228,1794556,20,RANDMIX_PRE,7,RESERVED,1960,1964,139257754,640,0,360
2229,1795248,21,RANDMIX_POST,7,RESERVED,1960,1964,139259491,640,0,360
2230,1795940,10,RANDADD_INT32,7,RESERVED,1960,1964,139259525,4,4,360
2231,1795996,10,RANDADD_INT32,7,RESERVED,1960,1964,139259558,4,8,360
2232,1796052,10,RANDADD_INT32,7,RESERVED,1960,1964,139259592,4,12,360
2233,1796108,11,RANDADD_BUF,7,RESERVED,1960,1964,139259624,8,16,360
2234,1796168,20,RANDMIX_PRE,7,RESERVED,1960,1964,139259654,640,16,360
2235,1796860,21,RANDMIX_POST,7,RESERVED,1960,1964,139261107,640,16,360
2236,1797552,11,RANDADD_BUF,7,RESERVED,1960,1964,139261140,8,24,360
2237,1797612,11,RANDADD_BUF,7,RESERVED,1960,1964,139261189,32,32,360
2238,1797696,20,RANDMIX_PRE,7,RESERVED,1960,1964,139261220,640,32,360
2239,1798388,21,RANDMIX_POST,7,RESERVED,1960,1964,139262798,640,32,360
2240,1799080,20,RANDMIX_PRE,7,RESERVED,1960,1964,139262833,640,48,360
2241,1799772,21,RANDMIX_POST,7,RESERVED,1960,1964,139264286,640,48,360
2242,1800464,11,RANDADD_BUF,7,RESERVED,1960,1964,139264321,8,64,360
2243,1800524,20,RANDMIX_PRE,7,RESERVED,1960,1964,139264352,640,64,360
2244,1801216,21,RANDMIX_POST,7,RESERVED,1960,1964,139265804,640,64,360
2245,1801908,11,RANDADD_BUF,7,RESERVED,1960,1964,139265835,8,72,360
2246,1801968,11,RANDADD_BUF,7,RESERVED,1960,1964,139265866,8,80,360
2247,1802028,20,RANDMIX_PRE,7,RESERVED,1960,1964,139265896,640,80,360
2248,1802720,21,RANDMIX_POST,7,RESERVED,1960,1964,139267448,640,80,360
2249,1803412,11,RANDADD_BUF,7,RESERVED,1960,1964,139267481,8,88,360
2250,1803472,11,RANDADD_BUF,7,RESERVED,1960,1964,139267517,8,96,360
2251,1803532,20,RANDMIX_PRE,7,RESERVED,1960,1964,139267548,640,96,360
2252,1804224,21,RANDMIX_POST,7,RESERVED,1960,1964,139269386,640,96,360
2253,1804916,11,RANDADD_BUF,7,RESERVED,1960,1964,139269430,8,104,360
2254,1804976,11,RANDADD_BUF,7,RESERVED,1960,1964,139269471,8,112,360
2255,1805036,20,RANDMIX_PRE,7,RESERVED,1960,1964,139269514,640,112,360
2256,1805728,21,RANDMIX_POST,7,RESERVED,1960,1964,139271188,640,112,360
2257,1806420,11,RANDADD_BUF,7,RESERVED,1960,1964,139271232,8,120,360
2258,1806480,10,RANDADD_INT32,7,RESERVED,1960,1964,139271268,4,128,360
2259,1806536,20,RANDMIX_PRE,7,RESERVED,1960,1964,139271300,640,128,360
2260,1807228,21,RANDMIX_POST,7,RESERVED,1960,1964,139274518,640,128,360
2261,1807920,10,RANDADD_INT32,7,RESERVED,1960,1964,139274554,4,132,360
2262,1807976,11,RANDADD_BUF,7,RESERVED,1960,1964,139274614,8,136,360
2263,1808036,43,CGR_FAST_OUT,7,RESERVED,1960,1964,139274741,640,144,360
2264,1808728,44,CGR_FAST_POOL_PRE,7,RESERVED,1960,1964,139274772,640,144,360
2265,1809420,11,RANDADD_BUF,7,RESERVED,1960,1964,139274802,640,144,360
2266,1810112,20,RANDMIX_PRE,7,RESERVED,1960,1964,139274833,640,144,360
2267,1810804,21,RANDMIX_POST,7,RESERVED,1960,1964,139276295,640,144,360
2268,1811496,20,RANDMIX_PRE,7,RESERVED,1960,1964,139276327,640,160,360
2269,1812188,21,RANDMIX_POST,7,RESERVED,1960,1964,139278007,640,160,360
2270,1812880,20,RANDMIX_PRE,7,RESERVED,1960,1964,139278041,640,176,360
2271,1813572,21,RANDMIX_POST,7,RESERVED,1960,1964,139279497,640,176,360
2272,1814264,20,RANDMIX_PRE,7,RESERVED,1960,1964,139279529,640,192,360
2273,1814956,21,RANDMIX_POST,7,RESERVED,1960,1964,139283792,640,192,360
2274,1815648,20,RANDMIX_PRE,7,RESERVED,1960,1964,139283931,640,208,360
2275,1816340,21,RANDMIX_POST,7,RESERVED,1960,1964,139286032,640,208,360
2276,1817032,20,RANDMIX_PRE,7,RESERVED,1960,1964,139286073,640,224,360
2277,1817724,21,RANDMIX_POST,7,RESERVED,1960,1964,139287781,640,224,360
2278,1818416,20,RANDMIX_PRE,7,RESERVED,1960,1964,139287816,640,240,360
2279,1819108,21,RANDMIX_POST,7,RESERVED,1960,1964,139289322,640,240,360
2280,1819800,20,RANDMIX_PRE,7,RESERVED,1960,1964,139289355,640,256,360
2281,1820492,21,RANDMIX_POST,7,RESERVED,1960,1964,139291382,640,256,360
2282,1821184,20,RANDMIX_PRE,7,RESERVED,1960,1964,139291427,640,272,360
2283,1821876,21,RANDMIX_POST,7,RESERVED,1960,1964,139293381,640,272,360
2284,1822568,20,RANDMIX_PRE,7,RESERVED,1960,1964,139293426,640,288,360
2285,1823260,21,RANDMIX_POST,7,RESERVED,1960,1964,139295335,640,288,360
2286,1823952,20,RANDMIX_PRE,7,RESERVED,1960,1964,139295378,640,304,360
2287,1824644,21,RANDMIX_POST,7,RESERVED,1960,1964,139297303,640,304,360
2288,1825336,20,RANDMIX_PRE,7,RESERVED,1960,1964,139297349,640,320,360
2289,1826028,21,RANDMIX_POST,7,RESERVED,1960,1964,139299378,640,320,360
2290,1826720,20,RANDMIX_PRE,7,RESERVED,1960,1964,139299414,640,336,360
2291,1827412,21,RANDMIX_POST,7,RESERVED,1960,1964,139300936,640,336,360
2292,1828104,20,RANDMIX_PRE,7,RESERVED,1960,1964,139300970,640,352,360
2293,1828796,21,RANDMIX_POST,7,RESERVED,1960,1964,139302768,640,352,360
2294,1829488,20,RANDMIX_PRE,7,RESERVED,1960,1964,139302834,640,368,360
2295,1830180,21,RANDMIX_POST,7,RESERVED,1960,1964,139304771,640,368,360
2296,1830872,20,RANDMIX_PRE,7,RESERVED,1960,1964,139304820,640,384,360
2297,1831564,21,RANDMIX_POST,7,RESERVED,1960,1964,139308432,640,384,360
2298,1832256,20,RANDMIX_PRE,7,RESERVED,1960,1964,139308468,640,400,360
2299,1832948,21,RANDMIX_POST,7,RESERVED,1960,1964,139310028,640,400,360
2300,1833640,20,RANDMIX_PRE,7,RESERVED,1960,1964,139310061,640,416,360
2301,1834332,21,RANDMIX_POST,7,RESERVED,1960,1964,139311511,640,416,360
2302,1835024,20,RANDMIX_PRE,7,RESERVED,1960,1964,139311551,640,432,360
2303,1835716,21,RANDMIX_POST,7,RESERVED,1960,1964,139313095,640,432,360
2304,1836408,20,RANDMIX_PRE,7,RESERVED,1960,1964,139313129,640,448,360
2305,1837100,21,RANDMIX_POST,7,RESERVED,1960,1964,139314696,640,448,360
2306,1837792,20,RANDMIX_PRE,7,RESERVED,1960,1964,139314729,640,464,360
2307,1838484,21,RANDMIX_POST,7,RESERVED,1960,1964,139316316,640,464,360
2308,1839176,20,RANDMIX_PRE,7,RESERVED,1960,1964,139316387,640,480,360
2309,1839868,21,RANDMIX_POST,7,RESERVED,1960,1964,139317875,640,480,360
2310,1840560,20,RANDMIX_PRE,7,RESERVED,1960,1964,139317909,640,496,360
2311,1841252,21,RANDMIX_POST,7,RESERVED,1960,1964,139319406,640,496,360
2312,1841944,20,RANDMIX_PRE,7,RESERVED,1960,1964,139319438,640,512,360
2313,1842636,21,RANDMIX_POST,7,RESERVED,1960,1964,139320979,640,512,360
2314,1843328,20,RANDMIX_PRE,7,RESERVED,1960,1964,139321017,640,528,360
2315,1844020,21,RANDMIX_POST,7,RESERVED,1960,1964,139322465,640,528,360
2316,1844712,20,RANDMIX_PRE,7,RESERVED,1960,1964,139322497,640,544,360
2317,1845404,21,RANDMIX_POST,7,RESERVED,1960,1964,139324042,640,544,360
2318,1846096,20,RANDMIX_PRE,7,RESERVED,1960,1964,139324075,640,560,360
2319,1846788,21,RANDMIX_POST,7,RESERVED,1960,1964,139325566,640,560,360
2320,1847480,20,RANDMIX_PRE,7,RESERVED,1960,1964,139325612,640,576,360
2321,1848172,21,RANDMIX_POST,7,RESERVED,1960,1964,139327934,640,576,360
2322,1848864,20,RANDMIX_PRE,7,RESERVED,1960,1964,139327971,640,592,360
2323,1849556,21,RANDMIX_POST,7,RESERVED,1960,1964,139329423,640,592,360
2324,1850248,20,RANDMIX_PRE,7,RESERVED,1960,1964,139329454,640,608,360
2325,1850940,21,RANDMIX_POST,7,RESERVED,1960,1964,139331089,640,608,360
2326,1851632,20,RANDMIX_PRE,7,RESERVED,1960,1964,139331140,640,624,360
2327,1852324,21,RANDMIX_POST,7,RESERVED,1960,1964,139333097,640,624,360
2328,1853016,20,RANDMIX_PRE,7,RESERVED,1960,1964,139333132,640,0,360
2329,1853708,21,RANDMIX_POST,7,RESERVED,1960,1964,139335876,640,0,360
2330,1854400,20,RANDMIX_PRE,7,RESERVED,1960,1964,139335912,640,16,360
2331,1855092,21,RANDMIX_POST,7,RESERVED,1960,1964,139337413,640,16,360
2332,1855784,20,RANDMIX_PRE,7,RESERVED,1960,1964,139337453,640,32,360
2333,1856476,21,RANDMIX_POST,7,RESERVED,1960,1964,139340656,640,32,360
2334,1857168,20,RANDMIX_PRE,7,RESERVED,1960,1964,139340842,640,48,360
2335,1857860,21,RANDMIX_POST,7,RESERVED,1960,1964,139342999,640,48,360
2336,1858552,20,RANDMIX_PRE,7,RESERVED,1960,1964,139343035,640,64,360
2337,1859244,21,RANDMIX_POST,7,RESERVED,1960,1964,139344560,640,64,360
2338,1859936,20,RANDMIX_PRE,7,RESERVED,1960,1964,139344604,640,80,360
2339,1860628,21,RANDMIX_POST,7,RESERVED,1960,1964,139346178,640,80,360
2340,1861320,20,RANDMIX_PRE,7,RESERVED,1960,1964,139346212,640,96,360
2341,1862012,21,RANDMIX_POST,7,RESERVED,1960,1964,139347707,640,96,360
2342,1862704,20,RANDMIX_PRE,7,RESERVED,1960,1964,139347781,640,112,360
2343,1863396,21,RANDMIX_POST,7,RESERVED,1960,1964,139349458,640,112,360
2344,1864088,20,RANDMIX_PRE,7,RESERVED,1960,1964,139349498,640,128,360
2345,1864780,21,RANDMIX_POST,7,RESERVED,1960,1964,139351036,640,128,360
2346,1865472,45,CGR_FAST_POOL_POST,7,RESERVED,1960,1964,139351069,640,144,360
2347,1866164,20,RANDMIX_PRE,7,RESERVED,1960,1964,139351100,640,144,360
2348,1866856,21,RANDMIX_POST,7,RESERVED,1960,1964,139352711,640,144,360
2349,1867548,34,RANDGET_OUT,7,RESERVED,1960,1964,139352747,32,584,392
2350,1867632,35,RANDGET_POOL_POST,7,RESERVED,1960,1964,139352778,640,584,392
2351,1868324,30,RANDGET_BEGIN,7,RESERVED,1960,1964,139352815,0,256,0
2352,1868376,31,RANDGET_POOL_PRE,7,RESERVED,1960,1964,139352846,640,584,392
2353,1869068,10,RANDADD_INT32,7,RESERVED,1960,1964,139352883,4,584,392
2354,1869124,10,RANDADD_INT32,7,RESERVED,1960,1964,139352916,4,588,392
2355,1869180,10,RANDADD_INT32,7,RESERVED,1960,1964,139352952,4,592,392
2356,1869236,20,RANDMIX_PRE,7,RESERVED,1960,1964,139352982,640,592,392
2357,1869928,21,RANDMIX_POST,7,RESERVED,1960,1964,139354594,640,592,392
2358,1870620,10,RANDADD_INT32,7,RESERVED,1960,1964,139354644,4,596,392
2359,1870676,10,RANDADD_INT32,7,RESERVED,1960,1964,139354685,4,600,392
2360,1870732,10,RANDADD_INT32,7,RESERVED,1960,1964,139354896,4,604,392
2361,1870788,10,RANDADD_INT32,7,RESERVED,1960,1964,139354989,4,608,392
2362,1870844,20,RANDMIX_PRE,7,RESERVED,1960,1964,139355065,640,608,392
2363,1871536,21,RANDMIX_POST,7,RESERVED,1960,1964,139356806,640,608,392
2364,1872228,10,RANDADD_INT32,7,RESERVED,1960,1964,139356848,4,612,392
2365,1872284,10,RANDADD_INT32,7,RESERVED,1960,1964,139356880,4,616,392
2366,1872340,10,RANDADD_INT32,7,RESERVED,1960,1964,139356913,4,620,392
2367,1872396,10,RANDADD_INT32,7,RESERVED,1960,1964,139356945,4,624,392
2368,1872452,20,RANDMIX_PRE,7,RESERVED,1960,1964,139356976,640,624,392
2369,1873144,21,RANDMIX_POST,7,RESERVED,1960,1964,139358426,640,624,392
2370,1873836,10,RANDADD_INT32,7,RESERVED,1960,1964,139358458,4,628,392
2371,1873892,10,RANDADD_INT32,7,RESERVED,1960,1964,139358492,4,632,392
2372,1873948,10,RANDADD_INT32,7,RESERVED,1960,1964,139358524,4,636,392
2373,1874004,10,RANDADD_INT32,7,RESERVED,1960,1964,139358559,4,640,392
2374,1874060,20,RANDMIX_PRE,7,RESERVED,1960,1964,139358589,640,0,392
2375,1874752,21,RANDMIX_POST,7,RESERVED,1960,1964,139360180,640,0,392
2376,1875444,10,RANDADD_INT32,7,RESERVED,1960,1964,139360215,4,4,392
2377,1875500,10,RANDADD_INT32,7,RESERVED,1960,1964,139360249,4,8,392
2378,1875556,10,RANDADD_INT32,7,RESERVED,1960,1964,139360283,4,12,392
2379,1875612,11,RANDADD_BUF,7,RESERVED,1960,1964,139360315,8,16,392
2380,1875672,20,RANDMIX_PRE,7,RESERVED,1960,1964,139360346,640,16,392
2381,1876364,21,RANDMIX_POST,7,RESERVED,1960,1964,139361803,640,16,392
2382,1877056,11,RANDADD_BUF,7,RESERVED,1960,1964,139361837,8,24,392
2383,1877116,11,RANDADD_BUF,7,RESERVED,1960,1964,139361886,32,32,392
2384,1877200,20,RANDMIX_PRE,7,RESERVED,1960,1964,139361918,640,32,392
2385,1877892,21,RANDMIX_POST,7,RESERVED,1960,1964,139363944,640,32,392
2386,1878584,20,RANDMIX_PRE,7,RESERVED,1960,1964,139363980,640,48,392
2387,1879276,21,RANDMIX_POST,7,RESERVED,1960,1964,139366245,640,48,392
2388,1879968,11,RANDADD_BUF,7,RESERVED,1960,1964,139366298,8,64,392
2389,1880028,20,RANDMIX_PRE,7,RESERVED,1960,1964,139366362,640,64,392
2390,1880720,21,RANDMIX_POST,7,RESERVED,1960,1964,139369678,640,64,392
2391,1881412,11,RANDADD_BUF,7,RESERVED,1960,1964,139369714,8,72,392
2392,1881472,11,RANDADD_BUF,7,RESERVED,1960,1964,139369745,8,80,392
2393,1881532,20,RANDMIX_PRE,7,RESERVED,1960,1964,139369775,640,80,392
2394,1882224,21,RANDMIX_POST,7,RESERVED,1960,1964,139371336,640,80,392
2395,1882916,11,RANDADD_BUF,7,RESERVED,1960,1964,139371369,8,88,392
2396,1882976,11,RANDADD_BUF,7,RESERVED,1960,1964,139371405,8,96,392
2397,1883036,20,RANDMIX_PRE,7,RESERVED,1960,1964,139371436,640,96,392
2398,1883728,21,RANDMIX_POST,7,RESERVED,1960,1964,139372888,640,96,392
2399,1884420,11,RANDADD_BUF,7,RESERVED,1960,1964,139372927,8,104,392
2400,1884480,11,RANDADD_BUF,7,RESERVED,1960,1964,139372959,8,112,392
2401,1884540,20,RANDMIX_PRE,7,RESERVED,1960,1964,139372989,640,112,392
2402,1885232,21,RANDMIX_POST,7,RESERVED,1960,1964,139374618,640,112,392
2403,1885924,11,RANDADD_BUF,7,RESERVED,1960,1964,139374652,8,120,392
2404,1885984,10,RANDADD_INT32,7,RESERVED,1960,1964,139374686,4,128,392
2405,1886040,20,RANDMIX_PRE,7,RESERVED,1960,1964,139374717,640,128,392
2406,1886732,21,RANDMIX_POST,7,RESERVED,1960,1964,139376166,640,128,392
2407,1887424,10,RANDADD_INT32,7,RESERVED,1960,1964,139376197,4,132,392
2408,1887480,11,RANDADD_BUF,7,RESERVED,1960,1964,139376258,8,136,392
2409,1887540,43,CGR_FAST_OUT,7,RESERVED,1960,1964,139376389,640,144,392
2410,1888232,44,CGR_FAST_POOL_PRE,7,RESERVED,1960,1964,139376420,640,144,392
2411,1888924,11,RANDADD_BUF,7,RESERVED,1960,1964,139376456,640,144,392
2412,1889616,20,RANDMIX_PRE,7,RESERVED,1960,1964,139376487,640,144,392
2413,1890308,21,RANDMIX_POST,7,RESERVED,1960,1964,139378145,640,144,392
2414,1891000,20,RANDMIX_PRE,7,RESERVED,1960,1964,139378179,640,160,392
2415,1891692,21,RANDMIX_POST,7,RESERVED,1960,1964,139379632,640,160,392
2416,1892384,20,RANDMIX_PRE,7,RESERVED,1960,1964,139379668,640,176,392
2417,1893076,21,RANDMIX_POST,7,RESERVED,1960,1964,139381219,640,176,392
2418,1893768,20,RANDMIX_PRE,7,RESERVED,1960,1964,139381252,640,192,392
2419,1894460,21,RANDMIX_POST,7,RESERVED,1960,1964,139382773,640,192,392
2420,1895152,20,RANDMIX_PRE,7,RESERVED,1960,1964,139382805,640,208,392
2421,1895844,21,RANDMIX_POST,7,RESERVED,1960,1964,139384321,640,208,392
2422,1896536,20,RANDMIX_PRE,7,RESERVED,1960,1964,139384396,640,224,392
2423,1897228,21,RANDMIX_POST,7,RESERVED,1960,1964,139385918,640,224,392
2424,1897920,20,RANDMIX_PRE,7,RESERVED,1960,1964,139385960,640,240,392
2425,1898612,21,RANDMIX_POST,7,RESERVED,1960,1964,139387466,640,240,392
2426,1899304,20,RANDMIX_PRE,7,RESERVED,1960,1964,139387500,640,256,392
2427,1899996,21,RANDMIX_POST,7,RESERVED,1960,1964,139389065,640,256,392
2428,1900688,20,RANDMIX_PRE,7,RESERVED,1960,1964,139389107,640,272,392
2429,1901380,21,RANDMIX_POST,7,RESERVED,1960,1964,139390721,640,272,392
2430,1902072,20,RANDMIX_PRE,7,RESERVED,1960,1964,139390757,640,288,392
2431,1902764,21,RANDMIX_POST,7,RESERVED,1960,1964,139392341,640,288,392
2432,1903456,20,RANDMIX_PRE,7,RESERVED,1960,1964,139392376,640,304,392
2433,1904148,21,RANDMIX_POST,7,RESERVED,1960,1964,139393970,640,304,392
2434,1904840,20,RANDMIX_PRE,7,RESERVED,1960,1964,139394011,640,320,392
2435,1905532,21,RANDMIX_POST,7,RESERVED,1960,1964,139398299,640,320,392
2436,1906224,20,RANDMIX_PRE,7,RESERVED,1960,1964,139398971,640,336,392
2437,1906916,21,RANDMIX_POST,7,RESERVED,1960,1964,139400787,640,336,392
2438,1907608,20,RANDMIX_PRE,7,RESERVED,1960,1964,139400829,640,352,392
2439,1908300,21,RANDMIX_POST,7,RESERVED,1960,1964,139402673,640,352,392
2440,1908992,20,RANDMIX_PRE,7,RESERVED,1960,1964,139402728,640,368,392
2441,1909684,21,RANDMIX_POST,7,RESERVED,1960,1964,139404444,640,368,392
2442,1910376,20,RANDMIX_PRE,7,RESERVED,1960,1964,139404476,640,384,392
2443,1911068,21,RANDMIX_POST,7,RESERVED,1960,1964,139406068,640,384,392
2444,1911760,20,RANDMIX_PRE,7,RESERVED,1960,1964,139406102,640,400,392
2445,1912452,21,RANDMIX_POST,7,RESERVED,1960,1964,139407553,640,400,392
2446,1913144,20,RANDMIX_PRE,7,RESERVED,1960,1964,139407590,640,416,392
2447,1913836,21,RANDMIX_POST,7,RESERVED,1960,1964,139409162,640,416,392
2448,1914528,20,RANDMIX_PRE,7,RESERVED,1960,1964,139409197,640,432,392
2449,1915220,21,RANDMIX_POST,7,RESERVED,1960,1964,139410774,640,432,392
2450,1915912,20,RANDMIX_PRE,7,RESERVED,1960,1964,139410807,640,448,392
2451,1916604,21,RANDMIX_POST,7,RESERVED,1960,1964,139412652,640,448,392
2452,1917296,20,RANDMIX_PRE,7,RESERVED,1960,1964,139412709,640,464,392
2453,1917988,21,RANDMIX_POST,7,RESERVED,1960,1964,139414347,640,464,392
2454,1918680,20,RANDMIX_PRE,7,RESERVED,1960,1964,139414382,640,480,392
2455,1919372,21,RANDMIX_POST,7,RESERVED,1960,1964,139415989,640,480,392
2456,1920064,20,RANDMIX_PRE,7,RESERVED,1960,1964,139416038,640,496,392
2457,1920756,21,RANDMIX_POST,7,RESERVED,1960,1964,139417615,640,496,392
2458,1921448,20,RANDMIX_PRE,7,RESERVED,1960,1964,139417656,640,512,392
2459,1922140,21,RANDMIX_POST,7,RESERVED,1960,1964,139419110,640,512,392
2460,1922832,20,RANDMIX_PRE,7,RESERVED,1960,1964,139419141,640,528,392
2461,1923524,21,RANDMIX_POST,7,RESERVED,1960,1964,139420889,640,528,392
2462,1924216,20,RANDMIX_PRE,7,RESERVED,1960,1964,139420925,640,544,392
2463,1924908,21,RANDMIX_POST,7,RESERVED,1960,1964,139422827,640,544,392
2464,1925600,20,RANDMIX_PRE,7,RESERVED,1960,1964,139422883,640,560,392
2465,1926292,21,RANDMIX_POST,7,RESERVED,1960,1964,139426416,640,560,392
2466,1926984,20,RANDMIX_PRE,7,RESERVED,1960,1964,139426453,640,576,392
2467,1927676,21,RANDMIX_POST,7,RESERVED,1960,1964,139428002,640,576,392
2468,1928368,20,RANDMIX_PRE,7,RESERVED,1960,1964,139428036,640,592,392
2469,1929060,21,RANDMIX_POST,7,RESERVED,1960,1964,139429491,640,592,392
2470,1929752,20,RANDMIX_PRE,7,RESERVED,1960,1964,139429529,640,608,392
2471,1930444,21,RANDMIX_POST,7,RESERVED,1960,1964,139431104,640,608,392
2472,1931136,20,RANDMIX_PRE,7,RESERVED,1960,1964,139431139,640,624,392
2473,1931828,21,RANDMIX_POST,7,RESERVED,1960,1964,139432672,640,624,392
2474,1932520,20,RANDMIX_PRE,7,RESERVED,1960,1964,139432703,640,0,392
2475,1933212,21,RANDMIX_POST,7,RESERVED,1960,1964,139434258,640,0,392
2476,1933904,20,RANDMIX_PRE,7,RESERVED,1960,1964,139434305,640,16,392
2477,1934596,21,RANDMIX_POST,7,RESERVED,1960,1964,139436092,640,16,392
2478,1935288,20,RANDMIX_PRE,7,RESERVED,1960,1964,139436127,640,32,392
2479,1935980,21,RANDMIX_POST,7,RESERVED,1960,1964,139437772,640,32,392
2480,1936672,20,RANDMIX_PRE,7,RESERVED,1960,1964,139437808,640,48,392
2481,1937364,21,RANDMIX_POST,7,RESERVED,1960,1964,139439337,640,48,392
2482,1938056,20,RANDMIX_PRE,7,RESERVED,1960,1964,139439378,640,64,392
2483,1938748,21,RANDMIX_POST,7,RESERVED,1960,1964,139440829,640,64,392
2484,1939440,20,RANDMIX_PRE,7,RESERVED,1960,1964,139440860,640,80,392
2485,1940132,21,RANDMIX_POST,7,RESERVED,1960,1964,139442407,640,80,392
2486,1940824,20,RANDMIX_PRE,7,RESERVED,1960,1964,139442440,640,96,392
2487,1941516,21,RANDMIX_POST,7,RESERVED,1960,1964,139443898,640,96,392
2488,1942208,20,RANDMIX_PRE,7,RESERVED,1960,1964,139443930,640,112,392
2489,1942900,21,RANDMIX_POST,7,RESERVED,1960,1964,139445524,640,112,392
2490,1943592,20,RANDMIX_PRE,7,RESERVED,1960,1964,139445559,640,128,392
2491,1944284,21,RANDMIX_POST,7,RESERVED,1960,1964,139447011,640,128,392
2492,1944976,45,CGR_FAST_POOL_POST,7,RESERVED,1960,1964,139447043,640,144,392
2493,1945668,20,RANDMIX_PRE,7,RESERVED,1960,1964,139447079,640,144,392
2494,1946360,21,RANDMIX_POST,7,RESERVED,1960,1964,139448527,640,144,392
2495,1947052,32,RANDGET_RAW,7,RESERVED,1960,1964,139448561,256,584,8
2496,1947360,33,RANDGET_POOL_INVERTED,7,RESERVED,1960,1964,139448593,640,584,8
2497,1948052,10,RANDADD_INT32,7,RESERVED,1960,1964,139448630,4,584,8
2498,1948108,10,RANDADD_INT32,7,RESERVED,1960,1964,139448716,4,588,8
2499,1948164,10,RANDADD_INT32,7,RESERVED,1960,1964,139448758,4,592,8
2500,1948220,20,RANDMIX_PRE,7,RESERVED,1960,1964,139448791,640,592,8
2501,1948912,21,RANDMIX_POST,7,RESERVED,1960,1964,139450284,640,592,8
2502,1949604,10,RANDADD_INT32,7,RESERVED,1960,1964,139450320,4,596,8
2503,1949660,10,RANDADD_INT32,7,RESERVED,1960,1964,139450352,4,600,8
2504,1949716,10,RANDADD_INT32,7,RESERVED,1960,1964,139450388,4,604,8
2505,1949772,10,RANDADD_INT32,7,RESERVED,1960,1964,139450421,4,608,8
2506,1949828,20,RANDMIX_PRE,7,RESERVED,1960,1964,139450452,640,608,8
2507,1950520,21,RANDMIX_POST,7,RESERVED,1960,1964,139452080,640,608,8
2508,1951212,10,RANDADD_INT32,7,RESERVED,1960,1964,139452115,4,612,8
2509,1951268,10,RANDADD_INT32,7,RESERVED,1960,1964,139452146,4,616,8
2510,1951324,10,RANDADD_INT32,7,RESERVED,1960,1964,139452178,4,620,8
2511,1951380,10,RANDADD_INT32,7,RESERVED,1960,1964,139452210,4,624,8
2512,1951436,20,RANDMIX_PRE,7,RESERVED,1960,1964,139452333,640,624,8
2513,1952128,21,RANDMIX_POST,7,RESERVED,1960,1964,139455840,640,624,8
2514,1952820,10,RANDADD_INT32,7,RESERVED,1960,1964,139456246,4,628,8
2515,1952876,10,RANDADD_INT32,7,RESERVED,1960,1964,139456300,4,632,8
2516,1952932,10,RANDADD_INT32,7,RESERVED,1960,1964,139456336,4,636,8
2517,1952988,10,RANDADD_INT32,7,RESERVED,1960,1964,139456377,4,640,8
2518,1953044,20,RANDMIX_PRE,7,RESERVED,1960,1964,139456409,640,0,8
2519,1953736,21,RANDMIX_POST,7,RESERVED,1960,1964,139457989,640,0,8
2520,1954428,10,RANDADD_INT32,7,RESERVED,1960,1964,139458041,4,4,8
2521,1954484,10,RANDADD_INT32,7,RESERVED,1960,1964,139458077,4,8,8
2522,1954540,10,RANDADD_INT32,7,RESERVED,1960,1964,139458112,4,12,8
2523,1954596,11,RANDADD_BUF,7,RESERVED,1960,1964,139458146,8,16,8
2524,1954656,20,RANDMIX_PRE,7,RESERVED,1960,1964,139458176,640,16,8
2525,1955348,21,RANDMIX_POST,7,RESERVED,1960,1964,139459736,640,16,8
2526,1956040,11,RANDADD_BUF,7,RESERVED,1960,1964,139459774,8,24,8
2527,1956100,11,RANDADD_BUF,7,RESERVED,1960,1964,139459829,32,32,8
2528,1956184,20,RANDMIX_PRE,7,RESERVED,1960,1964,139459860,640,32,8
2529,1956876,21,RANDMIX_POST,7,RESERVED,1960,1964,139461312,640,32,8
2530,1957568,20,RANDMIX_PRE,7,RESERVED,1960,1964,139461343,640,48,8
2531,1958260,21,RANDMIX_POST,7,RESERVED,1960,1964,139462800,640,48,8
2532,1958952,11,RANDADD_BUF,7,RESERVED,1960,1964,139462835,8,64,8
2533,1959012,20,RANDMIX_PRE,7,RESERVED,1960,1964,139462866,640,64,8
2534,1959704,21,RANDMIX_POST,7,RESERVED,1960,1964,139464453,640,64,8
2535,1960396,11,RANDADD_BUF,7,RESERVED,1960,1964,139464486,8,72,8
2536,1960456,11,RANDADD_BUF,7,RESERVED,1960,1964,139464518,8,80,8
2537,1960516,20,RANDMIX_PRE,7,RESERVED,1960,1964,139464548,640,80,8
2538,1961208,21,RANDMIX_POST,7,RESERVED,1960,1964,139465999,640,80,8
2539,1961900,11,RANDADD_BUF,7,RESERVED,1960,1964,139466030,8,88,8
2540,1961960,11,RANDADD_BUF,7,RESERVED,1960,1964,139466063,8,96,8
2541,1962020,20,RANDMIX_PRE,7,RESERVED,1960,1964,139466098,640,96,8
2542,1962712,21,RANDMIX_POST,7,RESERVED,1960,1964,139467572,640,96,8
2543,1963404,11,RANDADD_BUF,7,RESERVED,1960,1964,139467605,8,104,8
2544,1963464,11,RANDADD_BUF,7,RESERVED,1960,1964,139467636,8,112,8
2545,1963524,20,RANDMIX_PRE,7,RESERVED,1960,1964,139467667,640,112,8
2546,1964216,21,RANDMIX_POST,7,RESERVED,1960,1964,139469117,640,112,8
2547,1964908,11,RANDADD_BUF,7,RESERVED,1960,1964,139469148,8,120,8
2548,1964968,10,RANDADD_INT32,7,RESERVED,1960,1964,139469181,4,128,8
2549,1965024,20,RANDMIX_PRE,7,RESERVED,1960,1964,139469211,640,128,8
2550,1965716,21,RANDMIX_POST,7,RESERVED,1960,1964,139470944,640,128,8
2551,1966408,10,RANDADD_INT32,7,RESERVED,1960,1964,139470985,4,132,8
2552,1966464,11,RANDADD_BUF,7,RESERVED,1960,1964,139471086,8,136,8
2553,1966524,43,CGR_FAST_OUT,7,RESERVED,1960,1964,139471260,640,144,8
2554,1967216,44,CGR_FAST_POOL_PRE,7,RESERVED,1960,1964,139471331,640,144,8
2555,1967908,11,RANDADD_BUF,7,RESERVED,1960,1964,139471368,640,144,8
2556,1968600,20,RANDMIX_PRE,7,RESERVED,1960,1964,139471405,640,144,8
2557,1969292,21,RANDMIX_POST,7,RESERVED,1960,1964,139472960,640,144,8
2558,1969984,20,RANDMIX_PRE,7,RESERVED,1960,1964,139472995,640,160,8
2559,1970676,21,RANDMIX_POST,7,RESERVED,1960,1964,139474477,640,160,8
2560,1971368,20,RANDMIX_PRE,7,RESERVED,1960,1964,139474511,640,176,8
2561,1972060,21,RANDMIX_POST,7,RESERVED,1960,1964,139475961,640,176,8
2562,1972752,20,RANDMIX_PRE,7,RESERVED,1960,1964,139475992,640,192,8
2563,1973444,21,RANDMIX_POST,7,RESERVED,1960,1964,139477466,640,192,8
2564,1974136,20,RANDMIX_PRE,7,RESERVED,1960,1964,139477499,640,208,8
2565,1974828,21,RANDMIX_POST,7,RESERVED,1960,1964,139478955,640,208,8
2566,1975520,20,RANDMIX_PRE,7,RESERVED,1960,1964,139478986,640,224,8
2567,1976212,21,RANDMIX_POST,7,RESERVED,1960,1964,139480437,640,224,8
2568,1976904,20,RANDMIX_PRE,7,RESERVED,1960,1964,139480468,640,240,8
2569,1977596,21,RANDMIX_POST,7,RESERVED,1960,1964,139481969,640,240,8
2570,1978288,20,RANDMIX_PRE,7,RESERVED,1960,1964,139482003,640,256,8
2571,1978980,21,RANDMIX_POST,7,RESERVED,1960,1964,139483676,640,256,8
2572,1979672,20,RANDMIX_PRE,7,RESERVED,1960,1964,139483710,640,272,8
2573,1980364,21,RANDMIX_POST,7,RESERVED,1960,1964,139485471,640,272,8
2574,1981056,20,RANDMIX_PRE,7,RESERVED,1960,1964,139485507,640,288,8
2575,1981748,21,RANDMIX_POST,7,RESERVED,1960,1964,139487246,640,288,8
2576,1982440,20,RANDMIX_PRE,7,RESERVED,1960,1964,139487283,640,304,8
2577,1983132,21,RANDMIX_POST,7,RESERVED,1960,1964,139488881,640,304,8
2578,1983824,20,RANDMIX_PRE,7,RESERVED,1960,1964,139488915,640,320,8
2579,1984516,21,RANDMIX_POST,7,RESERVED,1960,1964,139490363,640,320,8
2580,1985208,20,RANDMIX_PRE,7,RESERVED,1960,1964,139490394,640,336,8
2581,1985900,21,RANDMIX_POST,7,RESERVED,1960,1964,139491958,640,336,8
2582,1986592,20,RANDMIX_PRE,7,RESERVED,1960,1964,139491998,640,352,8
2583,1987284,21,RANDMIX_POST,7,RESERVED,1960,1964,139493730,640,352,8
2584,1987976,20,RANDMIX_PRE,7,RESERVED,1960,1964,139493772,640,368,8
2585,1988668,21,RANDMIX_POST,7,RESERVED,1960,1964,139495369,640,368,8
2586,1989360,20,RANDMIX_PRE,7,RESERVED,1960,1964,139495404,640,384,8
2587,1990052,21,RANDMIX_POST,7,RESERVED,1960,1964,139496855,640,384,8
2588,1990744,20,RANDMIX_PRE,7,RESERVED,1960,1964,139496892,640,400,8
2589,1991436,21,RANDMIX_POST,7,RESERVED,1960,1964,139498567,640,400,8
2590,1992128,20,RANDMIX_PRE,7,RESERVED,1960,1964,139498601,640,416,8
2591,1992820,21,RANDMIX_POST,7,RESERVED,1960,1964,139500173,640,416,8
2592,1993512,20,RANDMIX_PRE,7,RESERVED,1960,1964,139500206,640,432,8
2593,1994204,21,RANDMIX_POST,7,RESERVED,1960,1964,139501657,640,432,8
2594,1994896,20,RANDMIX_PRE,7,RESERVED,1960,1964,139501692,640,448,8
2595,1995588,21,RANDMIX_POST,7,RESERVED,1960,1964,139503239,640,448,8
2596,1996280,20,RANDMIX_PRE,7,RESERVED,1960,1964,139503272,640,464,8
2597,1996972,21,RANDMIX_POST,7,RESERVED,1960,1964,139504722,640,464,8
2598,1997664,20,RANDMIX_PRE,7,RESERVED,1960,1964,139504754,640,480,8
2599,1998356,21,RANDMIX_POST,7,RESERVED,1960,1964,139506301,640,480,8
2600,1999048,20,RANDMIX_PRE,7,RESERVED,1960,1964,139506340,640,496,8
2601,1999740,21,RANDMIX_POST,7,RESERVED,1960,1964,139508044,640,496,8
2602,2000432,20,RANDMIX_PRE,7,RESERVED,1960,1964,139508080,640,512,8
2603,2001124,21,RANDMIX_POST,7,RESERVED,1960,1964,139511718,640,512,8
2604,2001816,20,RANDMIX_PRE,7,RESERVED,1960,1964,139511862,640,528,8
2605,2002508,21,RANDMIX_POST,7,RESERVED,1960,1964,139513497,640,528,8
2606,2003200,20,RANDMIX_PRE,7,RESERVED,1960,1964,139513553,640,544,8
2607,2003892,21,RANDMIX_POST,7,RESERVED,1960,1964,139515339,640,544,8
2608,2004584,20,RANDMIX_PRE,7,RESERVED,1960,1964,139515378,640,560,8
2609,2005276,21,RANDMIX_POST,7,RESERVED,1960,1964,139517226,640,560,8
2610,2005968,20,RANDMIX_PRE,7,RESERVED,1960,1964,139517261,640,576,8
2611,2006660,21,RANDMIX_POST,7,RESERVED,1960,1964,139518712,640,576,8
2612,2007352,20,RANDMIX_PRE,7,RESERVED,1960,1964,139518749,640,592,8
2613,2008044,21,RANDMIX_POST,7,RESERVED,1960,1964,139520200,640,592,8
2614,2008736,20,RANDMIX_PRE,7,RESERVED,1960,1964,139520232,640,608,8
2615,2009428,21,RANDMIX_POST,7,RESERVED,1960,1964,139521826,640,608,8
2616,2010120,20,RANDMIX_PRE,7,RESERVED,1960,1964,139521860,640,624,8
2617,2010812,21,RANDMIX_POST,7,RESERVED,1960,1964,139523311,640,624,8
2618,2011504,20,RANDMIX_PRE,7,RESERVED,1960,1964,139523347,640,0,8
2619,2012196,21,RANDMIX_POST,7,RESERVED,1960,1964,139524824,640,0,8
2620,2012888,20,RANDMIX_PRE,7,RESERVED,1960,1964,139524857,640,16,8
2621,2013580,21,RANDMIX_POST,7,RESERVED,1960,1964,139526308,640,16,8
2622,2014272,20,RANDMIX_PRE,7,RESERVED,1960,1964,139526339,640,32,8
2623,2014964,21,RANDMIX_POST,7,RESERVED,1960,1964,139527813,640,32,8
2624,2015656,20,RANDMIX_PRE,7,RESERVED,1960,1964,139527851,640,48,8
2625,2016348,21,RANDMIX_POST,7,RESERVED,1960,1964,139529302,640,48,8
2626,2017040,20,RANDMIX_PRE,7,RESERVED,1960,1964,139529333,640,64,8
2627,2017732,21,RANDMIX_POST,7,RESERVED,1960,1964,139530867,640,64,8
2628,2018424,20,RANDMIX_PRE,7,RESERVED,1960,1964,139530908,640,80,8
2629,2019116,21,RANDMIX_POST,7,RESERVED,1960,1964,139532505,640,80,8
2630,2019808,20,RANDMIX_PRE,7,RESERVED,1960,1964,139532546,640,96,8
2631,2020500,21,RANDMIX_POST,7,RESERVED,1960,1964,139533997,640,96,8
2632,2021192,20,RANDMIX_PRE,7,RESERVED,1960,1964,139534029,640,112,8
2633,2021884,21,RANDMIX_POST,7,RESERVED,1960,1964,139535519,640,112,8
2634,2022576,20,RANDMIX_PRE,7,RESERVED,1960,1964,139535554,640,128,8
2635,2023268,21,RANDMIX_POST,7,RESERVED,1960,1964,139537007,640,128,8
2636,2023960,45,CGR_FAST_POOL_POST,7,RESERVED,1960,1964,139537044,640,144,8
2637,2024652,20,RANDMIX_PRE,7,RESERVED,1960,1964,139537075,640,144,8
2638,2025344,21,RANDMIX_POST,7,RESERVED,1960,1964,139538620,640,144,8
2639,2026036,34,RANDGET_OUT,7,RESERVED,1960,1964,139538657,256,584,264
2640,2026344,35,RANDGET_POOL_POST,7,RESERVED,1960,1964,139538688,640,584,264
2641,2027036,71,RESERVED_BACKUP_KEY1,7,RESERVED,1960,1964,139538720,32,32,0
2642,2027120,72,RESERVED_BACKUP_KEY2,7,RESERVED,1960,1964,139538751,256,32,256
2643,2027428,73,RESERVED_BACKUP_PLAIN,7,RESERVED,1960,1964,139538802,130560,16646656,0
2644,2158040,74,WRITE_BACKUP_RESERVED,7,RESERVED,1960,1964,139542241,130560,16646656,0
2645,2288652,75,FORMAT_END,6,FORMAT,1960,1964,139542860,0,16777216,0
